MFR URL,Ref URL 1,Ref URL 2,Ref URL 3,Ref URL 4,Ref URL 5,PART_NUMBER,Dept,Class,Fine,SKU - MY_PART_NUMBER,Mfg_Part_Num,Part_Desc,E1_Brand,Unilog_Brand,DIB_Brand,Part_Manuf,MANUFACTURER_NAME,BRAND_NAME,TRADE_NAME,MANUFACTURER_PART_NUMBER,ALTERNATE_PART_NUMBER,Classpath,MOBILE_DESC,INVOICE_DESC,SHORT_DESC,LONG_DESC1,RETAIL_DESC,MARKETING_DESCRIPTION,ITEM_FEATURES_1,ITEM_FEATURES_2,ITEM_FEATURES_3,ITEM_FEATURES_4,ITEM_FEATURES_5,ITEM_FEATURES_6,ITEM_FEATURES_7,ITEM_FEATURES_8,ITEM_FEATURES_9,ITEM_FEATURES_10,ITEM_FEATURES_11,ITEM_FEATURES_12,ITEM_FEATURES_13,ITEM_FEATURES_14,ITEM_FEATURES_15,ITEM_FEATURES_16,ITEM_FEATURES_17,ITEM_FEATURES_18,ITEM_FEATURES_19,ITEM_FEATURES_20,With,Standard/Approvals,Prop 65,Application,Includes,Product Name,ATTRIBUTE_LABEL 1,ATTRIBUTE_VALUE 1,ATTRIBUTE_UOM 1,ATTRIBUTE_LABEL 2,ATTRIBUTE_VALUE 2,ATTRIBUTE_UOM 2,ATTRIBUTE_LABEL 3,ATTRIBUTE_VALUE 3,ATTRIBUTE_UOM 3,ATTRIBUTE_LABEL 4,ATTRIBUTE_VALUE 4,ATTRIBUTE_UOM 4,ATTRIBUTE_LABEL 5,ATTRIBUTE_VALUE 5,ATTRIBUTE_UOM 5,ATTRIBUTE_LABEL 6,ATTRIBUTE_VALUE 6,ATTRIBUTE_UOM 6,ATTRIBUTE_LABEL 7,ATTRIBUTE_VALUE 7,ATTRIBUTE_UOM 7,ATTRIBUTE_LABEL 8,ATTRIBUTE_VALUE 8,ATTRIBUTE_UOM 8,ATTRIBUTE_LABEL 9,ATTRIBUTE_VALUE 9,ATTRIBUTE_UOM 9,ATTRIBUTE_LABEL 10,ATTRIBUTE_VALUE 10,ATTRIBUTE_UOM 10,ATTRIBUTE_LABEL 11,ATTRIBUTE_VALUE 11,ATTRIBUTE_UOM 11,ATTRIBUTE_LABEL 12,ATTRIBUTE_VALUE 12,ATTRIBUTE_UOM 12,ATTRIBUTE_LABEL 13,ATTRIBUTE_VALUE 13,ATTRIBUTE_UOM 13,ATTRIBUTE_LABEL 14,ATTRIBUTE_VALUE 14,ATTRIBUTE_UOM 14,ATTRIBUTE_LABEL 15,ATTRIBUTE_VALUE 15,ATTRIBUTE_UOM 15,ATTRIBUTE_LABEL 16,ATTRIBUTE_VALUE 16,ATTRIBUTE_UOM 16,ATTRIBUTE_LABEL 17,ATTRIBUTE_VALUE 17,ATTRIBUTE_UOM 17,ATTRIBUTE_LABEL 18,ATTRIBUTE_VALUE 18,ATTRIBUTE_UOM 18,ATTRIBUTE_LABEL 19,ATTRIBUTE_VALUE 19,ATTRIBUTE_UOM 19,ATTRIBUTE_LABEL 20,ATTRIBUTE_VALUE 20,ATTRIBUTE_UOM 20,ATTRIBUTE_LABEL 21,ATTRIBUTE_VALUE 21,ATTRIBUTE_UOM 21,ATTRIBUTE_LABEL 22,ATTRIBUTE_VALUE 22,ATTRIBUTE_UOM 22,ATTRIBUTE_LABEL 23,ATTRIBUTE_VALUE 23,ATTRIBUTE_UOM 23,ATTRIBUTE_LABEL 24,ATTRIBUTE_VALUE 24,ATTRIBUTE_UOM 24,ATTRIBUTE_LABEL 25,ATTRIBUTE_VALUE 25,ATTRIBUTE_UOM 25,ATTRIBUTE_LABEL 26,ATTRIBUTE_VALUE 26,ATTRIBUTE_UOM 26,ATTRIBUTE_LABEL 27,ATTRIBUTE_VALUE 27,ATTRIBUTE_UOM 27,ATTRIBUTE_LABEL 28,ATTRIBUTE_VALUE 28,ATTRIBUTE_UOM 28,ATTRIBUTE_LABEL 29,ATTRIBUTE_VALUE 29,ATTRIBUTE_UOM 29,ATTRIBUTE_LABEL 30,ATTRIBUTE_VALUE 30,ATTRIBUTE_UOM 30,ATTRIBUTE_LABEL 31,ATTRIBUTE_VALUE 31,ATTRIBUTE_UOM 31,ATTRIBUTE_LABEL 32,ATTRIBUTE_VALUE 32,ATTRIBUTE_UOM 32,ATTRIBUTE_LABEL 33,ATTRIBUTE_VALUE 33,ATTRIBUTE_UOM 33,ATTRIBUTE_LABEL 34,ATTRIBUTE_VALUE 34,ATTRIBUTE_UOM 34,ATTRIBUTE_LABEL 35,ATTRIBUTE_VALUE 35,ATTRIBUTE_UOM 35,ATTRIBUTE_LABEL 36,ATTRIBUTE_VALUE 36,ATTRIBUTE_UOM 36,ATTRIBUTE_LABEL 37,ATTRIBUTE_VALUE 37,ATTRIBUTE_UOM 37,ATTRIBUTE_LABEL 38,ATTRIBUTE_VALUE 38,ATTRIBUTE_UOM 38,ATTRIBUTE_LABEL 39,ATTRIBUTE_VALUE 39,ATTRIBUTE_UOM 39,ATTRIBUTE_LABEL 40,ATTRIBUTE_VALUE 40,ATTRIBUTE_UOM 40,ATTRIBUTE_LABEL 41,ATTRIBUTE_VALUE 41,ATTRIBUTE_UOM 41,ATTRIBUTE_LABEL 42,ATTRIBUTE_VALUE 42,ATTRIBUTE_UOM 42,ATTRIBUTE_LABEL 43,ATTRIBUTE_VALUE 43,ATTRIBUTE_UOM 43,ATTRIBUTE_LABEL 44,ATTRIBUTE_VALUE 44,ATTRIBUTE_UOM 44,ATTRIBUTE_LABEL 45,ATTRIBUTE_VALUE 45,ATTRIBUTE_UOM 45,ATTRIBUTE_LABEL 46,ATTRIBUTE_VALUE 46,ATTRIBUTE_UOM 46,ATTRIBUTE_LABEL 47,ATTRIBUTE_VALUE 47,ATTRIBUTE_UOM 47,ATTRIBUTE_LABEL 48,ATTRIBUTE_VALUE 48,ATTRIBUTE_UOM 48,ATTRIBUTE_LABEL 49,ATTRIBUTE_VALUE 49,ATTRIBUTE_UOM 49,ATTRIBUTE_LABEL 50,ATTRIBUTE_VALUE 50,ATTRIBUTE_UOM 50,UPC,EAN,GTIN,UNSPSC,Warranty,List Price,Selling Qty,Selling UOM,Standard Packaging Information,LENGTH,LENGTH_UOM,HEIGHT,HEIGHT_UOM,WIDTH,WIDTH_UOM,WEIGHT,WEIGHT_UOM,VOLUME,VOLUME_UOM,Product Image,Alternate Image 1,Alternate Image 2,Alternate Image 3,Alternate Image 4,SDS,SDS_1,Warranty Information,Catalog,Specification Sheet,Instruction/Installation Manual,Service Manual,Owners/User Manual,Line Drawing,MTR,RoHS,Full Engineering Drawing,Energy Star Guide,Technical Bulletin,Submittal,Compatibility Chart,Size Chart,Product Label/Insert,Video Link,Video Link 1,Country Of Origin,Discontinued,Actual Image (Yes/No)
,,,,,,,Tools,Power Tool Accessories,Sanding Belts,,DCB518ASTS06G,"DCB518ASTS06G Diablo 1/2""x18"" - Sanding Belt 6pc",-- Unbranded --,-- No Unilog Brand --,-- No DIB Brand --,Freud Inc (2435),"Freud America, Inc.",Diablo®,,DCB518ASTS06G,,Tools & Equipment>Abrasives>Sanding Belts,"Freud America, Inc. Diablo, Sanding Belt, DCB518ASTS06G, 1/2 in x 18 in",SANDING BELT 1/2IN X 18IN 6,"Diablo® DCB518ASTS06G Sanding Belt, 1/2 in x 18 in, 6","Diablo® Sanding Belt, 1/2 in x 18 in, 6","Sanding Belt, 1/2 in x 18 in, 6",,,,,,,,,,,,,,,,,,,,,,,,,,,Sanding Belt,Size,1/2 in x 18 in,,Pack Quantity,6,,,,,,,,,,,,,,,,,,,,,,,,,,,,,,,,,,,,,,,,,,,,,,,,,,,,,,,,,,,,,,,,,,,,,,,,,,,,,,,,,,,,,,,,,,,,,,,,,,,,,,,,,,,,,,,,,,,,,,,,,,,,,,,,,,,,,,,,,,,,,,,,,,,,,31191500,,,,,,,,,,,,,,,,,,,,,,,,,,,,,,,,,,,,,,,,,,,
,,,,,,,Tools,Power Tool Accessories,Sanding Discs,,3MABR-7100075678,3M 775L Stikit Film P150 - Cubitron II 50 Disc/Box,-- Unbranded --,-- No Unilog Brand --,-- No DIB Brand --,Jam Industrial Supply LLC (JAMIN),3M Company,3M™,,3MABR-7100075678,,Tools & Equipment>Abrasives>Sanding Discs,"3M Company 3M, Stikit Film, Cubitron II, 3MABR-7100075678, 150",STIKIT FILM 150 50 BOX,"3M™ Cubitron II 3MABR-7100075678 Stikit Film, 150, 50, BOX","3M™ Stikit Film, Cubitron II, 150, 50, BOX","Cubitron II Stikit Film, 150, 50, BOX",,,,,,,,,,,,,,,,,,,,,,,,,,,Stikit Film,Grit,150,,Diameter,,,Thickness,,,Arbor Size,,,Size,,,Selling Qty,50,,Selling UOM,BOX,,Application,,,Series,Cubitron II,,,,,,,,,,,,,,,,,,,,,,,,,,,,,,,,,,,,,,,,,,,,,,,,,,,,,,,,,,,,,,,,,,,,,,,,,,,,,,,,,,,,,,,,,,,,,,,,,,,,,,,,,,,,,,,,,,,,,,,,,,,,,,,,31191500,,,50,BOX,,,,,,,,,,,,,,,,,,,,,,,,,,,,,,,,,,,,,,,
,,,,,,,Tools,Power Tool Accessories,Sanding Discs,,3MABR-7100045865,3M 775L Stikit Film P120 - Cubitron II 50 Disc/Box,-- Unbranded --,-- No Unilog Brand --,-- No DIB Brand --,Jam Industrial Supply LLC (JAMIN),3M Company,3M™,,3MABR-7100045865,,Tools & Equipment>Abrasives>Sanding Discs,"3M Company 3M, Stikit Film, Cubitron II, 3MABR-7100045865, 120",STIKIT FILM 120 50 BOX,"3M™ Cubitron II 3MABR-7100045865 Stikit Film, 120, 50, BOX","3M™ Stikit Film, Cubitron II, 120, 50, BOX","Cubitron II Stikit Film, 120, 50, BOX",,,,,,,,,,,,,,,,,,,,,,,,,,,Stikit Film,Grit,120,,Diameter,,,Thickness,,,Arbor Size,,,Size,,,Selling Qty,50,,Selling UOM,BOX,,Application,,,Series,Cubitron II,,,,,,,,,,,,,,,,,,,,,,,,,,,,,,,,,,,,,,,,,,,,,,,,,,,,,,,,,,,,,,,,,,,,,,,,,,,,,,,,,,,,,,,,,,,,,,,,,,,,,,,,,,,,,,,,,,,,,,,,,,,,,,,,31191500,,,50,BOX,,,,,,,,,,,,,,,,,,,,,,,,,,,,,,,,,,,,,,,
,,,,,,,Tools,Power Tool Accessories,Sanding Discs,,3MABR-7100048736,3M 775L Stikit Film P80 - Cubitron II 50 Disc/Box,-- Unbranded --,-- No Unilog Brand --,-- No DIB Brand --,Jam Industrial Supply LLC (JAMIN),3M Company,3M™,,3MABR-7100048736,,Tools & Equipment>Abrasives>Sanding Discs,"3M Company 3M, Stikit Film, Cubitron II, 3MABR-7100048736, 80",STIKIT FILM 80 50 BOX,"3M™ Cubitron II 3MABR-7100048736 Stikit Film, 80, 50, BOX","3M™ Stikit Film, Cubitron II, 80, 50, BOX","Cubitron II Stikit Film, 80, 50, BOX",,,,,,,,,,,,,,,,,,,,,,,,,,,Stikit Film,Grit,80,,Diameter,,,Thickness,,,Arbor Size,,,Size,,,Selling Qty,50,,Selling UOM,BOX,,Application,,,Series,Cubitron II,,,,,,,,,,,,,,,,,,,,,,,,,,,,,,,,,,,,,,,,,,,,,,,,,,,,,,,,,,,,,,,,,,,,,,,,,,,,,,,,,,,,,,,,,,,,,,,,,,,,,,,,,,,,,,,,,,,,,,,,,,,,,,,,31191500,,,50,BOX,,,,,,,,,,,,,,,,,,,,,,,,,,,,,,,,,,,,,,,
,,,,,,,Tools,Power Tool Accessories,Sanding Discs,,3MABR-7100075690,3M 775L Stikit Film P180 - Cubitron II 50 Disc/Box,-- Unbranded --,-- No Unilog Brand --,-- No DIB Brand --,Jam Industrial Supply LLC (JAMIN),3M Company,3M™,,3MABR-7100075690,,Tools & Equipment>Abrasives>Sanding Discs,"3M Company 3M, Stikit Film, Cubitron II, 3MABR-7100075690, 180",STIKIT FILM 180 50 BOX,"3M™ Cubitron II 3MABR-7100075690 Stikit Film, 180, 50, BOX","3M™ Stikit Film, Cubitron II, 180, 50, BOX","Cubitron II Stikit Film, 180, 50, BOX",,,,,,,,,,,,,,,,,,,,,,,,,,,Stikit Film,Grit,180,,Diameter,,,Thickness,,,Arbor Size,,,Size,,,Selling Qty,50,,Selling UOM,BOX,,Application,,,Series,Cubitron II,,,,,,,,,,,,,,,,,,,,,,,,,,,,,,,,,,,,,,,,,,,,,,,,,,,,,,,,,,,,,,,,,,,,,,,,,,,,,,,,,,,,,,,,,,,,,,,,,,,,,,,,,,,,,,,,,,,,,,,,,,,,,,,,31191500,,,50,BOX,,,,,,,,,,,,,,,,,,,,,,,,,,,,,,,,,,,,,,,
,,,,,,,Tools,Power Tool Accessories,Sanding Discs,,3MABR-7100075692,3M 775L Stikit Film P220 - Cubitron II 50 Disc/Box,-- Unbranded --,-- No Unilog Brand --,-- No DIB Brand --,Jam Industrial Supply LLC (JAMIN),3M Company,3M™,,3MABR-7100075692,,Tools & Equipment>Abrasives>Sanding Discs,"3M Company 3M, Stikit Film, Cubitron II, 3MABR-7100075692, 220",STIKIT FILM 220 50 BOX,"3M™ Cubitron II 3MABR-7100075692 Stikit Film, 220, 50, BOX","3M™ Stikit Film, Cubitron II, 220, 50, BOX","Cubitron II Stikit Film, 220, 50, BOX",,,,,,,,,,,,,,,,,,,,,,,,,,,Stikit Film,Grit,220,,Diameter,,,Thickness,,,Arbor Size,,,Size,,,Selling Qty,50,,Selling UOM,BOX,,Application,,,Series,Cubitron II,,,,,,,,,,,,,,,,,,,,,,,,,,,,,,,,,,,,,,,,,,,,,,,,,,,,,,,,,,,,,,,,,,,,,,,,,,,,,,,,,,,,,,,,,,,,,,,,,,,,,,,,,,,,,,,,,,,,,,,,,,,,,,,,31191500,,,50,BOX,,,,,,,,,,,,,,,,,,,,,,,,,,,,,,,,,,,,,,,
,,,,,,,Tools,Power Tool Accessories,Sanding Discs,,3MABR-7100145365,3M 775L Stikit Film P320 - Cubitron II 50 Disc/Box,-- Unbranded --,-- No Unilog Brand --,-- No DIB Brand --,Jam Industrial Supply LLC (JAMIN),3M Company,3M™,,3MABR-7100145365,,Tools & Equipment>Abrasives>Sanding Discs,"3M Company 3M, Stikit Film, Cubitron II, 3MABR-7100145365, 320",STIKIT FILM 320 50 BOX,"3M™ Cubitron II 3MABR-7100145365 Stikit Film, 320, 50, BOX","3M™ Stikit Film, Cubitron II, 320, 50, BOX","Cubitron II Stikit Film, 320, 50, BOX",,,,,,,,,,,,,,,,,,,,,,,,,,,Stikit Film,Grit,320,,Diameter,,,Thickness,,,Arbor Size,,,Size,,,Selling Qty,50,,Selling UOM,BOX,,Application,,,Series,Cubitron II,,,,,,,,,,,,,,,,,,,,,,,,,,,,,,,,,,,,,,,,,,,,,,,,,,,,,,,,,,,,,,,,,,,,,,,,,,,,,,,,,,,,,,,,,,,,,,,,,,,,,,,,,,,,,,,,,,,,,,,,,,,,,,,,31191500,,,50,BOX,,,,,,,,,,,,,,,,,,,,,,,,,,,,,,,,,,,,,,,
,,,,,,,,,,,5B-332-080,"5B-332-080 HIOLIT 5"" P80",-- Unbranded --,-- No Unilog Brand --,-- No DIB Brand --,Mirka Abrasives Inc (MIRUS),Mirka Ltd.,Mirka®,,5B-332-080,,,"Mirka Ltd. Mirka, Hiolit, 5B-332-080, 5 in, 80",HIOLIT 80 5IN,"Mirka® 5B-332-080 Hiolit, 5 in, 80","Mirka® Hiolit, 5 in, 80","Hiolit, 5 in, 80",,,,,,,,,,,,,,,,,,,,,,,,,,,Hiolit,Wattage,,,Color Temperature,,,Bulb Shape,,,Base Type,,,Pack Quantity,,,Size,5,in,Grit,80,,,,,,,,,,,,,,,,,,,,,,,,,,,,,,,,,,,,,,,,,,,,,,,,,,,,,,,,,,,,,,,,,,,,,,,,,,,,,,,,,,,,,,,,,,,,,,,,,,,,,,,,,,,,,,,,,,,,,,,,,,,,,,,,,,,,,,,,,,,,,,,,,,,,,,,,,,,,,,,,,,,,,,,,,,,,,,,,,
,,,,,,,,,,,5B-332-120,"5B-332-120 HIOLIT 5"" P120",-- Unbranded --,-- No Unilog Brand --,-- No DIB Brand --,Mirka Abrasives Inc (MIRUS),Mirka Ltd.,Mirka®,,5B-332-120,,,"Mirka Ltd. Mirka, Hiolit, 5B-332-120, 5 in, 120",HIOLIT 120 5IN,"Mirka® 5B-332-120 Hiolit, 5 in, 120","Mirka® Hiolit, 5 in, 120","Hiolit, 5 in, 120",,,,,,,,,,,,,,,,,,,,,,,,,,,Hiolit,Wattage,,,Color Temperature,,,Bulb Shape,,,Base Type,,,Pack Quantity,,,Size,5,in,Grit,120,,,,,,,,,,,,,,,,,,,,,,,,,,,,,,,,,,,,,,,,,,,,,,,,,,,,,,,,,,,,,,,,,,,,,,,,,,,,,,,,,,,,,,,,,,,,,,,,,,,,,,,,,,,,,,,,,,,,,,,,,,,,,,,,,,,,,,,,,,,,,,,,,,,,,,,,,,,,,,,,,,,,,,,,,,,,,,,,,
,,,,,,,,,,,9A-570-240,9A-570-240 Abranet 2.75x30,-- Unbranded --,-- No Unilog Brand --,-- No DIB Brand --,Mirka Abrasives Inc (MIRUS),Mirka Ltd.,Mirka®,,9A-570-240,,,"Mirka Ltd. Mirka, Abranet, 9A-570-240, 2-3/4 in x 30 in",ABRANET 2-3/4IN X 30IN,"Mirka® 9A-570-240 Abranet, 2-3/4 in x 30 in","Mirka® Abranet, 2-3/4 in x 30 in","Abranet, 2-3/4 in x 30 in",,,,,,,,,,,,,,,,,,,,,,,,,,,Abranet,Wattage,,,Color Temperature,,,Bulb Shape,,,Base Type,,,Pack Quantity,,,Size,2-3/4 in x 30 in,,,,,,,,,,,,,,,,,,,,,,,,,,,,,,,,,,,,,,,,,,,,,,,,,,,,,,,,,,,,,,,,,,,,,,,,,,,,,,,,,,,,,,,,,,,,,,,,,,,,,,,,,,,,,,,,,,,,,,,,,,,,,,,,,,,,,,,,,,,,,,,,,,,,,,,,,,,,,,,,,,,,,,,,,,,,,,,,,,,,
,,,,,,,,,,,9A-570-320,9A-570-320 Abranet 2.75x30,-- Unbranded --,-- No Unilog Brand --,-- No DIB Brand --,Mirka Abrasives Inc (MIRUS),Mirka Ltd.,Mirka®,,9A-570-320,,,"Mirka Ltd. Mirka, Abranet, 9A-570-320, 2-3/4 in x 30 in",ABRANET 2-3/4IN X 30IN,"Mirka® 9A-570-320 Abranet, 2-3/4 in x 30 in","Mirka® Abranet, 2-3/4 in x 30 in","Abranet, 2-3/4 in x 30 in",,,,,,,,,,,,,,,,,,,,,,,,,,,Abranet,Wattage,,,Color Temperature,,,Bulb Shape,,,Base Type,,,Pack Quantity,,,Size,2-3/4 in x 30 in,,,,,,,,,,,,,,,,,,,,,,,,,,,,,,,,,,,,,,,,,,,,,,,,,,,,,,,,,,,,,,,,,,,,,,,,,,,,,,,,,,,,,,,,,,,,,,,,,,,,,,,,,,,,,,,,,,,,,,,,,,,,,,,,,,,,,,,,,,,,,,,,,,,,,,,,,,,,,,,,,,,,,,,,,,,,,,,,,,,,
,,,,,,,Tools,Power Tool Accessories,Cut-Off Wheels,,DBD090094101F,"DBD090094101F Diablo 9"" - Metal Cut-Off Disc",-- Unbranded --,-- No Unilog Brand --,-- No DIB Brand --,Freud Inc (2435),"Freud America, Inc.",Diablo®,,DBD090094101F,,Tools & Equipment>Power Tool Accessories>Cut-Off Wheels,"Freud America, Inc. Diablo, Cut Off Disc, DBD090094101F, 9 in",CUT OFF DISC 9IN METAL,"Diablo® DBD090094101F Cut Off Disc, Metal, 9 in","Diablo® Cut Off Disc, Metal, 9 in","Cut Off Disc, Metal, 9 in",,,,,,,,,,,,,,,,,,,,,,,,,,,Cut Off Disc,Diameter,,,Thickness,,,Arbor Size,,,Size,,,Application,Metal,,Size,9,in,,,,,,,,,,,,,,,,,,,,,,,,,,,,,,,,,,,,,,,,,,,,,,,,,,,,,,,,,,,,,,,,,,,,,,,,,,,,,,,,,,,,,,,,,,,,,,,,,,,,,,,,,,,,,,,,,,,,,,,,,,,,,,,,,,,,,,,,23131500,,,,,,,,,,,,,,,,,,,,,,,,,,,,,,,,,,,,,,,,,,,
,,,,,,,Tools,Power Tool Accessories,Cut-Off Wheels,,DBDS12125A01F,"DBDS12125A01F Diablo 12"" - Steel Demon Metal Cut-Off Disc",-- Unbranded --,-- No Unilog Brand --,-- No DIB Brand --,Freud Inc (2435),"Freud America, Inc.",Diablo®,,DBDS12125A01F,,Tools & Equipment>Power Tool Accessories>Cut-Off Wheels,"Freud America, Inc. Diablo, Cut Off Disc, DBDS12125A01F, 12 in",CUT OFF DISC 12IN METAL,"Diablo® DBDS12125A01F Cut Off Disc, Metal, 12 in","Diablo® Cut Off Disc, Metal, 12 in","Cut Off Disc, Metal, 12 in",,,,,,,,,,,,,,,,,,,,,,,,,,,Cut Off Disc,Diameter,,,Thickness,,,Arbor Size,,,Size,,,Application,Metal,,Size,12,in,,,,,,,,,,,,,,,,,,,,,,,,,,,,,,,,,,,,,,,,,,,,,,,,,,,,,,,,,,,,,,,,,,,,,,,,,,,,,,,,,,,,,,,,,,,,,,,,,,,,,,,,,,,,,,,,,,,,,,,,,,,,,,,,,,,,,,,,23131500,,,,,,,,,,,,,,,,,,,,,,,,,,,,,,,,,,,,,,,,,,,
,,,,,,,Tools,Power Tool Accessories,Cut-Off Wheels,,DBDS12125G01F,"DBDS12125G01F Diablo 12""x20mm - Speed Demon Metal Cut-Off Disc",-- Unbranded --,-- No Unilog Brand --,-- No DIB Brand --,Freud Inc (2435),"Freud America, Inc.",Diablo®,,DBDS12125G01F,,Tools & Equipment>Power Tool Accessories>Cut-Off Wheels,"Freud America, Inc. Diablo, Cut Off Disc, Speed Demon, DBDS12125G01F",CUT OFF DISC 12IN X 20 MM METAL,"Diablo® Speed Demon DBDS12125G01F Cut Off Disc, 12 in x 20 mm, Metal","Diablo® Cut Off Disc, Speed Demon, 12 in x 20 mm, Metal","Speed Demon Cut Off Disc, 12 in x 20 mm, Metal",,,,,,,,,,,,,,,,,,,,,,,,,,,Cut Off Disc,Diameter,,,Thickness,,,Arbor Size,,,Size,12 in x 20 mm,,Application,Metal,,Series,Speed Demon,,,,,,,,,,,,,,,,,,,,,,,,,,,,,,,,,,,,,,,,,,,,,,,,,,,,,,,,,,,,,,,,,,,,,,,,,,,,,,,,,,,,,,,,,,,,,,,,,,,,,,,,,,,,,,,,,,,,,,,,,,,,,,,,,,,,,,,,,23131500,,,,,,,,,,,,,,,,,,,,,,,,,,,,,,,,,,,,,,,,,,,
,,,,,,,Tools,Power Tool Accessories,Cut-Off Wheels,,DBDS14125A01F,"DBDS14125A01F Diablo 14""x1"" - Steel Demon Metal Cut-Off Disc",-- Unbranded --,-- No Unilog Brand --,-- No DIB Brand --,Freud Inc (2435),"Freud America, Inc.",Diablo®,,DBDS14125A01F,,Tools & Equipment>Power Tool Accessories>Cut-Off Wheels,"Freud America, Inc. Diablo, Cut Off Disc, DBDS14125A01F, 14 in x 1 in",CUT OFF DISC 14IN X 1IN METAL,"Diablo® DBDS14125A01F Cut Off Disc, 14 in x 1 in, Metal","Diablo® Cut Off Disc, 14 in x 1 in, Metal","Cut Off Disc, 14 in x 1 in, Metal",,,,,,,,,,,,,,,,,,,,,,,,,,,Cut Off Disc,Diameter,,,Thickness,,,Arbor Size,,,Size,14 in x 1 in,,Application,Metal,,,,,,,,,,,,,,,,,,,,,,,,,,,,,,,,,,,,,,,,,,,,,,,,,,,,,,,,,,,,,,,,,,,,,,,,,,,,,,,,,,,,,,,,,,,,,,,,,,,,,,,,,,,,,,,,,,,,,,,,,,,,,,,,,,,,,,,,,,,,23131500,,,,,,,,,,,,,,,,,,,,,,,,,,,,,,,,,,,,,,,,,,,
,,,,,,,Tools,Power Tool Accessories,Cut-Off Wheels,,DBDS14125G01F,"DBDS14125G01F Diablo 14""x20mm - Steel Demon Metal Cut-Off Disc",-- Unbranded --,-- No Unilog Brand --,-- No DIB Brand --,Freud Inc (2435),"Freud America, Inc.",Diablo®,,DBDS14125G01F,,Tools & Equipment>Power Tool Accessories>Cut-Off Wheels,"Freud America, Inc. Diablo, Cut Off Disc, DBDS14125G01F, 14 in x 20 mm",CUT OFF DISC 14IN X 20 MM METAL,"Diablo® DBDS14125G01F Cut Off Disc, 14 in x 20 mm, Metal","Diablo® Cut Off Disc, 14 in x 20 mm, Metal","Cut Off Disc, 14 in x 20 mm, Metal",,,,,,,,,,,,,,,,,,,,,,,,,,,Cut Off Disc,Diameter,,,Thickness,,,Arbor Size,,,Size,14 in x 20 mm,,Application,Metal,,,,,,,,,,,,,,,,,,,,,,,,,,,,,,,,,,,,,,,,,,,,,,,,,,,,,,,,,,,,,,,,,,,,,,,,,,,,,,,,,,,,,,,,,,,,,,,,,,,,,,,,,,,,,,,,,,,,,,,,,,,,,,,,,,,,,,,,,,,,23131500,,,,,,,,,,,,,,,,,,,,,,,,,,,,,,,,,,,,,,,,,,,
,,,,,,,Tools,Power Tool Accessories,Cut-Off Wheels,,49-94-0013,"49-94-0013 Milw 5""x.045""x7/8"" Metal Cut Off Disc",-- Unbranded --,-- No Unilog Brand --,-- No DIB Brand --,Milwaukee Accessory (4031),Milwaukee Tool,Milwaukee®,,49-94-0013,,Tools & Equipment>Power Tool Accessories>Cut-Off Wheels,"Milwaukee Tool Milwaukee, Cut Off Disc, 49-94-0013, 5 in x 0.045 in x 7/8 in",CUT OFF DISC 5IN 0.045IN 7/8IN METAL,"Milwaukee® 49-94-0013 Cut Off Disc, 5 in x 0.045 in x 7/8 in, Metal","Milwaukee® Cut Off Disc, 5 in x 0.045 in x 7/8 in, Metal","Cut Off Disc, 5 in x 0.045 in x 7/8 in, Metal",,,,,,,,,,,,,,,,,,,,,,,,,,,Cut Off Disc,Diameter,5,in,Thickness,0.045,in,Arbor Size,7/8,in,Size,5 in x 0.045 in x 7/8 in,,Application,Metal,,,,,,,,,,,,,,,,,,,,,,,,,,,,,,,,,,,,,,,,,,,,,,,,,,,,,,,,,,,,,,,,,,,,,,,,,,,,,,,,,,,,,,,,,,,,,,,,,,,,,,,,,,,,,,,,,,,,,,,,,,,,,,,,,,,,,,,,,,,,23131500,,,,,,,,,,,,,,,,,,,,,,,,,,,,,,,,,,,,,,,,,,,
,,,,,,,Tools,Power Tool Accessories,Cut-Off Wheels,,49-94-0029,"49-94-0029 Milw 6-1/2""x1/8""x5/8"" DKO Metal Cut Off Disc",-- Unbranded --,-- No Unilog Brand --,-- No DIB Brand --,Milwaukee Accessory (4031),Milwaukee Tool,Milwaukee®,,49-94-0029,,Tools & Equipment>Power Tool Accessories>Cut-Off Wheels,"Milwaukee Tool Milwaukee, Cut Off Disc, 49-94-0029, 6-1/2 in x 1/8 in x 5/8 in",CUT OFF DISC 6-1/2IN 1/8IN 5/8IN METAL,"Milwaukee® 49-94-0029 Cut Off Disc, 6-1/2 in x 1/8 in x 5/8 in, Metal","Milwaukee® Cut Off Disc, 6-1/2 in x 1/8 in x 5/8 in, Metal","Cut Off Disc, 6-1/2 in x 1/8 in x 5/8 in, Metal",,,,,,,,,,,,,,,,,,,,,,,,,,,Cut Off Disc,Diameter,6-1/2,in,Thickness,1/8,in,Arbor Size,5/8,in,Size,6-1/2 in x 1/8 in x 5/8 in,,Application,Metal,,,,,,,,,,,,,,,,,,,,,,,,,,,,,,,,,,,,,,,,,,,,,,,,,,,,,,,,,,,,,,,,,,,,,,,,,,,,,,,,,,,,,,,,,,,,,,,,,,,,,,,,,,,,,,,,,,,,,,,,,,,,,,,,,,,,,,,,,,,,23131500,,,,,,,,,,,,,,,,,,,,,,,,,,,,,,,,,,,,,,,,,,,
,,,,,,,Tools,Power Tool Accessories,Cut-Off Wheels,,49-94-0033,"49-94-0033 Milw 7""x1/16""x7/8"" Metal Cut Off Disc",-- Unbranded --,-- No Unilog Brand --,-- No DIB Brand --,Milwaukee Accessory (4031),Milwaukee Tool,Milwaukee®,,49-94-0033,,Tools & Equipment>Power Tool Accessories>Cut-Off Wheels,"Milwaukee Tool Milwaukee, Cut Off Disc, 49-94-0033, 7 in x 1/16 in x 7/8 in",CUT OFF DISC 7IN 1/16IN 7/8IN METAL,"Milwaukee® 49-94-0033 Cut Off Disc, 7 in x 1/16 in x 7/8 in, Metal","Milwaukee® Cut Off Disc, 7 in x 1/16 in x 7/8 in, Metal","Cut Off Disc, 7 in x 1/16 in x 7/8 in, Metal",,,,,,,,,,,,,,,,,,,,,,,,,,,Cut Off Disc,Diameter,7,in,Thickness,1/16,in,Arbor Size,7/8,in,Size,7 in x 1/16 in x 7/8 in,,Application,Metal,,,,,,,,,,,,,,,,,,,,,,,,,,,,,,,,,,,,,,,,,,,,,,,,,,,,,,,,,,,,,,,,,,,,,,,,,,,,,,,,,,,,,,,,,,,,,,,,,,,,,,,,,,,,,,,,,,,,,,,,,,,,,,,,,,,,,,,,,,,,23131500,,,,,,,,,,,,,,,,,,,,,,,,,,,,,,,,,,,,,,,,,,,
,,,,,,,Tools,Power Tool Accessories,Cut-Off Wheels,,49-94-0001,"49-94-0001 Milw 4""x.040""x5/8"" Metal Cut Off Disc",-- Unbranded --,-- No Unilog Brand --,-- No DIB Brand --,Milwaukee Accessory (4031),Milwaukee Tool,Milwaukee®,,49-94-0001,,Tools & Equipment>Power Tool Accessories>Cut-Off Wheels,"Milwaukee Tool Milwaukee, Cut Off Disc, 49-94-0001, 4 in x 0.040 in x 5/8 in",CUT OFF DISC 4IN 0.040IN 5/8IN METAL,"Milwaukee® 49-94-0001 Cut Off Disc, 4 in x 0.040 in x 5/8 in, Metal","Milwaukee® Cut Off Disc, 4 in x 0.040 in x 5/8 in, Metal","Cut Off Disc, 4 in x 0.040 in x 5/8 in, Metal",,,,,,,,,,,,,,,,,,,,,,,,,,,Cut Off Disc,Diameter,4,in,Thickness,0.040,in,Arbor Size,5/8,in,Size,4 in x 0.040 in x 5/8 in,,Application,Metal,,,,,,,,,,,,,,,,,,,,,,,,,,,,,,,,,,,,,,,,,,,,,,,,,,,,,,,,,,,,,,,,,,,,,,,,,,,,,,,,,,,,,,,,,,,,,,,,,,,,,,,,,,,,,,,,,,,,,,,,,,,,,,,,,,,,,,,,,,,,23131500,,,,,,,,,,,,,,,,,,,,,,,,,,,,,,,,,,,,,,,,,,,
,,,,,,,Tools,Power Tool Accessories,Cut-Off Wheels,,49-94-0039,"49-94-0039 Milw 7""x1/8""x5/8"" DKO Metal Cut Off Disc",-- Unbranded --,-- No Unilog Brand --,-- No DIB Brand --,Milwaukee Accessory (4031),Milwaukee Tool,Milwaukee®,,49-94-0039,,Tools & Equipment>Power Tool Accessories>Cut-Off Wheels,"Milwaukee Tool Milwaukee, Cut Off Disc, 49-94-0039, 7 in x 1/8 in x 5/8 in",CUT OFF DISC 7IN 1/8IN 5/8IN METAL,"Milwaukee® 49-94-0039 Cut Off Disc, 7 in x 1/8 in x 5/8 in, Metal","Milwaukee® Cut Off Disc, 7 in x 1/8 in x 5/8 in, Metal","Cut Off Disc, 7 in x 1/8 in x 5/8 in, Metal",,,,,,,,,,,,,,,,,,,,,,,,,,,Cut Off Disc,Diameter,7,in,Thickness,1/8,in,Arbor Size,5/8,in,Size,7 in x 1/8 in x 5/8 in,,Application,Metal,,,,,,,,,,,,,,,,,,,,,,,,,,,,,,,,,,,,,,,,,,,,,,,,,,,,,,,,,,,,,,,,,,,,,,,,,,,,,,,,,,,,,,,,,,,,,,,,,,,,,,,,,,,,,,,,,,,,,,,,,,,,,,,,,,,,,,,,,,,,23131500,,,,,,,,,,,,,,,,,,,,,,,,,,,,,,,,,,,,,,,,,,,
,,,,,,,Tools,Power Tool Accessories,Cut-Off Wheels,,49-94-0043,"49-94-0043 Milw 9""x3/32""x7/8"" Metal Cut Off Disc",-- Unbranded --,-- No Unilog Brand --,-- No DIB Brand --,Milwaukee Accessory (4031),Milwaukee Tool,Milwaukee®,,49-94-0043,,Tools & Equipment>Power Tool Accessories>Cut-Off Wheels,"Milwaukee Tool Milwaukee, Cut Off Disc, 49-94-0043, 9 in x 3/32 in x 7/8 in",CUT OFF DISC 9IN 3/32IN 7/8IN METAL,"Milwaukee® 49-94-0043 Cut Off Disc, 9 in x 3/32 in x 7/8 in, Metal","Milwaukee® Cut Off Disc, 9 in x 3/32 in x 7/8 in, Metal","Cut Off Disc, 9 in x 3/32 in x 7/8 in, Metal",,,,,,,,,,,,,,,,,,,,,,,,,,,Cut Off Disc,Diameter,9,in,Thickness,3/32,in,Arbor Size,7/8,in,Size,9 in x 3/32 in x 7/8 in,,Application,Metal,,,,,,,,,,,,,,,,,,,,,,,,,,,,,,,,,,,,,,,,,,,,,,,,,,,,,,,,,,,,,,,,,,,,,,,,,,,,,,,,,,,,,,,,,,,,,,,,,,,,,,,,,,,,,,,,,,,,,,,,,,,,,,,,,,,,,,,,,,,,23131500,,,,,,,,,,,,,,,,,,,,,,,,,,,,,,,,,,,,,,,,,,,
,,,,,,,Tools,Power Tool Accessories,Cut-Off Wheels,,49-94-0048,"49-94-0048 Milw 12""x7/64""x1"" Metal Cut Off Disc General Purpose",-- Unbranded --,-- No Unilog Brand --,-- No DIB Brand --,Milwaukee Accessory (4031),Milwaukee Tool,Milwaukee®,,49-94-0048,,Tools & Equipment>Power Tool Accessories>Cut-Off Wheels,"Milwaukee Tool Milwaukee, Cut Off Disc, 49-94-0048, 12 in x 7/64 in x 1 in",CUT OFF DISC 12IN 7/64IN 1IN METAL,"Milwaukee® 49-94-0048 Cut Off Disc, 12 in x 7/64 in x 1 in, Metal","Milwaukee® Cut Off Disc, 12 in x 7/64 in x 1 in, Metal","Cut Off Disc, 12 in x 7/64 in x 1 in, Metal",,,,,,,,,,,,,,,,,,,,,,,,,,,Cut Off Disc,Diameter,12,in,Thickness,7/64,in,Arbor Size,1,in,Size,12 in x 7/64 in x 1 in,,Application,Metal,,,,,,,,,,,,,,,,,,,,,,,,,,,,,,,,,,,,,,,,,,,,,,,,,,,,,,,,,,,,,,,,,,,,,,,,,,,,,,,,,,,,,,,,,,,,,,,,,,,,,,,,,,,,,,,,,,,,,,,,,,,,,,,,,,,,,,,,,,,,23131500,,,,,,,,,,,,,,,,,,,,,,,,,,,,,,,,,,,,,,,,,,,
,,,,,,,Tools,Power Tool Accessories,Cut-Off Wheels,,49-94-0053,"49-94-0053 Milw 12""x1/8""x1"" Metal Cut Off Disc",-- Unbranded --,-- No Unilog Brand --,-- No DIB Brand --,Milwaukee Accessory (4031),Milwaukee Tool,Milwaukee®,,49-94-0053,,Tools & Equipment>Power Tool Accessories>Cut-Off Wheels,"Milwaukee Tool Milwaukee, Cut Off Disc, 49-94-0053, 12 in x 1/8 in x 1 in",CUT OFF DISC 12IN 1/8IN 1IN METAL,"Milwaukee® 49-94-0053 Cut Off Disc, 12 in x 1/8 in x 1 in, Metal","Milwaukee® Cut Off Disc, 12 in x 1/8 in x 1 in, Metal","Cut Off Disc, 12 in x 1/8 in x 1 in, Metal",,,,,,,,,,,,,,,,,,,,,,,,,,,Cut Off Disc,Diameter,12,in,Thickness,1/8,in,Arbor Size,1,in,Size,12 in x 1/8 in x 1 in,,Application,Metal,,,,,,,,,,,,,,,,,,,,,,,,,,,,,,,,,,,,,,,,,,,,,,,,,,,,,,,,,,,,,,,,,,,,,,,,,,,,,,,,,,,,,,,,,,,,,,,,,,,,,,,,,,,,,,,,,,,,,,,,,,,,,,,,,,,,,,,,,,,,23131500,,,,,,,,,,,,,,,,,,,,,,,,,,,,,,,,,,,,,,,,,,,
,,,,,,,Tools,Power Tool Accessories,Cut-Off Wheels,,49-94-0058,"49-94-0058 Milw 12""x1/8""x20mm Metal Cut Off Disc",-- Unbranded --,-- No Unilog Brand --,-- No DIB Brand --,Milwaukee Accessory (4031),Milwaukee Tool,Milwaukee®,,49-94-0058,,Tools & Equipment>Power Tool Accessories>Cut-Off Wheels,"Milwaukee Tool Milwaukee, Cut Off Disc, 49-94-0058, 12 in x 1/8 in x 20 mm",CUT OFF DISC 12IN 1/8IN 20 MM METAL,"Milwaukee® 49-94-0058 Cut Off Disc, 12 in x 1/8 in x 20 mm, Metal","Milwaukee® Cut Off Disc, 12 in x 1/8 in x 20 mm, Metal","Cut Off Disc, 12 in x 1/8 in x 20 mm, Metal",,,,,,,,,,,,,,,,,,,,,,,,,,,Cut Off Disc,Diameter,12,in,Thickness,1/8,in,Arbor Size,20,mm,Size,12 in x 1/8 in x 20 mm,,Application,Metal,,,,,,,,,,,,,,,,,,,,,,,,,,,,,,,,,,,,,,,,,,,,,,,,,,,,,,,,,,,,,,,,,,,,,,,,,,,,,,,,,,,,,,,,,,,,,,,,,,,,,,,,,,,,,,,,,,,,,,,,,,,,,,,,,,,,,,,,,,,,23131500,,,,,,,,,,,,,,,,,,,,,,,,,,,,,,,,,,,,,,,,,,,
,,,,,,,Tools,Power Tool Accessories,Cut-Off Wheels,,49-94-0063,"49-94-0063 Milw 14""x7/64""x1"" Metal Cut Off Disc General Purpose",-- Unbranded --,-- No Unilog Brand --,-- No DIB Brand --,Milwaukee Accessory (4031),Milwaukee Tool,Milwaukee®,,49-94-0063,,Tools & Equipment>Power Tool Accessories>Cut-Off Wheels,"Milwaukee Tool Milwaukee, Cut Off Disc, 49-94-0063, 14 in x 7/64 in x 1 in",CUT OFF DISC 14IN 7/64IN 1IN METAL,"Milwaukee® 49-94-0063 Cut Off Disc, 14 in x 7/64 in x 1 in, Metal","Milwaukee® Cut Off Disc, 14 in x 7/64 in x 1 in, Metal","Cut Off Disc, 14 in x 7/64 in x 1 in, Metal",,,,,,,,,,,,,,,,,,,,,,,,,,,Cut Off Disc,Diameter,14,in,Thickness,7/64,in,Arbor Size,1,in,Size,14 in x 7/64 in x 1 in,,Application,Metal,,,,,,,,,,,,,,,,,,,,,,,,,,,,,,,,,,,,,,,,,,,,,,,,,,,,,,,,,,,,,,,,,,,,,,,,,,,,,,,,,,,,,,,,,,,,,,,,,,,,,,,,,,,,,,,,,,,,,,,,,,,,,,,,,,,,,,,,,,,,23131500,,,,,,,,,,,,,,,,,,,,,,,,,,,,,,,,,,,,,,,,,,,
,,,,,,,Tools,Power Tool Accessories,Cut-Off Wheels,,49-94-0068,"49-94-0068 Milw 14""x1/8""x20mm Metal Cut Off Disc",-- Unbranded --,-- No Unilog Brand --,-- No DIB Brand --,Milwaukee Accessory (4031),Milwaukee Tool,Milwaukee®,,49-94-0068,,Tools & Equipment>Power Tool Accessories>Cut-Off Wheels,"Milwaukee Tool Milwaukee, Cut Off Disc, 49-94-0068, 14 in x 1/8 in x 20 mm",CUT OFF DISC 14IN 1/8IN 20 MM METAL,"Milwaukee® 49-94-0068 Cut Off Disc, 14 in x 1/8 in x 20 mm, Metal","Milwaukee® Cut Off Disc, 14 in x 1/8 in x 20 mm, Metal","Cut Off Disc, 14 in x 1/8 in x 20 mm, Metal",,,,,,,,,,,,,,,,,,,,,,,,,,,Cut Off Disc,Diameter,14,in,Thickness,1/8,in,Arbor Size,20,mm,Size,14 in x 1/8 in x 20 mm,,Application,Metal,,,,,,,,,,,,,,,,,,,,,,,,,,,,,,,,,,,,,,,,,,,,,,,,,,,,,,,,,,,,,,,,,,,,,,,,,,,,,,,,,,,,,,,,,,,,,,,,,,,,,,,,,,,,,,,,,,,,,,,,,,,,,,,,,,,,,,,,,,,,23131500,,,,,,,,,,,,,,,,,,,,,,,,,,,,,,,,,,,,,,,,,,,
,,,,,,,Tools,Power Tool Accessories,Cut-Off Wheels,,49-94-0073,"49-94-0073 Milw 14""x1/8""x1"" Metal Cut Off Disc",-- Unbranded --,-- No Unilog Brand --,-- No DIB Brand --,Milwaukee Accessory (4031),Milwaukee Tool,Milwaukee®,,49-94-0073,,Tools & Equipment>Power Tool Accessories>Cut-Off Wheels,"Milwaukee Tool Milwaukee, Cut Off Disc, 49-94-0073, 14 in x 1/8 in x 1 in",CUT OFF DISC 14IN 1/8IN 1IN METAL,"Milwaukee® 49-94-0073 Cut Off Disc, 14 in x 1/8 in x 1 in, Metal","Milwaukee® Cut Off Disc, 14 in x 1/8 in x 1 in, Metal","Cut Off Disc, 14 in x 1/8 in x 1 in, Metal",,,,,,,,,,,,,,,,,,,,,,,,,,,Cut Off Disc,Diameter,14,in,Thickness,1/8,in,Arbor Size,1,in,Size,14 in x 1/8 in x 1 in,,Application,Metal,,,,,,,,,,,,,,,,,,,,,,,,,,,,,,,,,,,,,,,,,,,,,,,,,,,,,,,,,,,,,,,,,,,,,,,,,,,,,,,,,,,,,,,,,,,,,,,,,,,,,,,,,,,,,,,,,,,,,,,,,,,,,,,,,,,,,,,,,,,,23131500,,,,,,,,,,,,,,,,,,,,,,,,,,,,,,,,,,,,,,,,,,,
,,,,,,,Tools,Power Tool Accessories,Cut-Off Wheels,,49-94-0101,"49-94-0101 Milw 4-1/2""x.045""x7/8"" Perform+ Metal Cut Off Disc 10pc",-- Unbranded --,-- No Unilog Brand --,-- No DIB Brand --,Milwaukee Accessory (4031),Milwaukee Tool,Milwaukee®,,49-94-0101,,Tools & Equipment>Power Tool Accessories>Cut-Off Wheels,"Milwaukee Tool Milwaukee, Cut Off Disc, Perform, 49-94-0101, 7/8 in",CUT OFF DISC 4-1/2IN 0.045IN 7/8IN 10,"Milwaukee® Perform 49-94-0101 Cut Off Disc, 4-1/2 in x 0.045 in x 7/8 in, Metal, 10","Milwaukee® Cut Off Disc, Perform, 4-1/2 in x 0.045 in x 7/8 in, Metal, 10","Perform Cut Off Disc, 4-1/2 in x 0.045 in x 7/8 in, Metal, 10",,,,,,,,,,,,,,,,,,,,,,,,,,,Cut Off Disc,Diameter,4-1/2,in,Thickness,0.045,in,Arbor Size,7/8,in,Size,4-1/2 in x 0.045 in x 7/8 in,,Application,Metal,,Series,Perform,,Pack Quantity,10,,,,,,,,,,,,,,,,,,,,,,,,,,,,,,,,,,,,,,,,,,,,,,,,,,,,,,,,,,,,,,,,,,,,,,,,,,,,,,,,,,,,,,,,,,,,,,,,,,,,,,,,,,,,,,,,,,,,,,,,,,,,,,,,,,,,,,23131500,,,,,,,,,,,,,,,,,,,,,,,,,,,,,,,,,,,,,,,,,,,
,,,,,,,Tools,Power Tool Accessories,Cut-Off Wheels,,49-94-0107,"49-94-0107 Milw 4-1/2""x.045""x7/8"" Performance+ Metal Cut Off Disc",-- Unbranded --,-- No Unilog Brand --,-- No DIB Brand --,Milwaukee Accessory (4031),Milwaukee Tool,Milwaukee®,,49-94-0107,,Tools & Equipment>Power Tool Accessories>Cut-Off Wheels,"Milwaukee Tool Milwaukee, Cut Off Disc, Performance, 49-94-0107",CUT OFF DISC 4-1/2IN 0.045IN 7/8IN METAL,"Milwaukee® Performance 49-94-0107 Cut Off Disc, 4-1/2 in x 0.045 in x 7/8 in, Metal","Milwaukee® Cut Off Disc, Performance, 4-1/2 in x 0.045 in x 7/8 in, Metal","Performance Cut Off Disc, 4-1/2 in x 0.045 in x 7/8 in, Metal",,,,,,,,,,,,,,,,,,,,,,,,,,,Cut Off Disc,Diameter,4-1/2,in,Thickness,0.045,in,Arbor Size,7/8,in,Size,4-1/2 in x 0.045 in x 7/8 in,,Application,Metal,,Series,Performance,,,,,,,,,,,,,,,,,,,,,,,,,,,,,,,,,,,,,,,,,,,,,,,,,,,,,,,,,,,,,,,,,,,,,,,,,,,,,,,,,,,,,,,,,,,,,,,,,,,,,,,,,,,,,,,,,,,,,,,,,,,,,,,,,,,,,,,,,23131500,,,,,,,,,,,,,,,,,,,,,,,,,,,,,,,,,,,,,,,,,,,
,,,,,,,Tools,Power Tool Accessories,Cut-Off Wheels,,49-94-0117,"49-94-0117 Milw 5""x.045""x7/8"" Performance+ Metal Cut Off Disc",-- Unbranded --,-- No Unilog Brand --,-- No DIB Brand --,Milwaukee Accessory (4031),Milwaukee Tool,Milwaukee®,,49-94-0117,,Tools & Equipment>Power Tool Accessories>Cut-Off Wheels,"Milwaukee Tool Milwaukee, Cut Off Disc, Performance, 49-94-0117",CUT OFF DISC 5IN 0.045IN 7/8IN METAL,"Milwaukee® Performance 49-94-0117 Cut Off Disc, 5 in x 0.045 in x 7/8 in, Metal","Milwaukee® Cut Off Disc, Performance, 5 in x 0.045 in x 7/8 in, Metal","Performance Cut Off Disc, 5 in x 0.045 in x 7/8 in, Metal",,,,,,,,,,,,,,,,,,,,,,,,,,,Cut Off Disc,Diameter,5,in,Thickness,0.045,in,Arbor Size,7/8,in,Size,5 in x 0.045 in x 7/8 in,,Application,Metal,,Series,Performance,,,,,,,,,,,,,,,,,,,,,,,,,,,,,,,,,,,,,,,,,,,,,,,,,,,,,,,,,,,,,,,,,,,,,,,,,,,,,,,,,,,,,,,,,,,,,,,,,,,,,,,,,,,,,,,,,,,,,,,,,,,,,,,,,,,,,,,,,23131500,,,,,,,,,,,,,,,,,,,,,,,,,,,,,,,,,,,,,,,,,,,
,,,,,,,Tools,Power Tool Accessories,Cut-Off Wheels,,49-94-0123,"49-94-0123 Milw 6""x.045""x7/8"" Performance+ Metal Cut Off Disc",-- Unbranded --,-- No Unilog Brand --,-- No DIB Brand --,Milwaukee Accessory (4031),Milwaukee Tool,Milwaukee®,,49-94-0123,,Tools & Equipment>Power Tool Accessories>Cut-Off Wheels,"Milwaukee Tool Milwaukee, Cut Off Disc, Performance, 49-94-0123",CUT OFF DISC 6IN 0.045IN 7/8IN METAL,"Milwaukee® Performance 49-94-0123 Cut Off Disc, 6 in x 0.045 in x 7/8 in, Metal","Milwaukee® Cut Off Disc, Performance, 6 in x 0.045 in x 7/8 in, Metal","Performance Cut Off Disc, 6 in x 0.045 in x 7/8 in, Metal",,,,,,,,,,,,,,,,,,,,,,,,,,,Cut Off Disc,Diameter,6,in,Thickness,0.045,in,Arbor Size,7/8,in,Size,6 in x 0.045 in x 7/8 in,,Application,Metal,,Series,Performance,,,,,,,,,,,,,,,,,,,,,,,,,,,,,,,,,,,,,,,,,,,,,,,,,,,,,,,,,,,,,,,,,,,,,,,,,,,,,,,,,,,,,,,,,,,,,,,,,,,,,,,,,,,,,,,,,,,,,,,,,,,,,,,,,,,,,,,,,23131500,,,,,,,,,,,,,,,,,,,,,,,,,,,,,,,,,,,,,,,,,,,
,,,,,,,Tools,Power Tool Accessories,Cut-Off Wheels,,49-94-0023,"49-94-0023 Milw 6""x.045""x7/8"" Metal Cut Off Disc",-- Unbranded --,-- No Unilog Brand --,-- No DIB Brand --,Milwaukee Accessory (4031),Milwaukee Tool,Milwaukee®,,49-94-0023,,Tools & Equipment>Power Tool Accessories>Cut-Off Wheels,"Milwaukee Tool Milwaukee, Cut Off Disc, 49-94-0023, 6 in x 0.045 in x 7/8 in",CUT OFF DISC 6IN 0.045IN 7/8IN METAL,"Milwaukee® 49-94-0023 Cut Off Disc, 6 in x 0.045 in x 7/8 in, Metal","Milwaukee® Cut Off Disc, 6 in x 0.045 in x 7/8 in, Metal","Cut Off Disc, 6 in x 0.045 in x 7/8 in, Metal",,,,,,,,,,,,,,,,,,,,,,,,,,,Cut Off Disc,Diameter,6,in,Thickness,0.045,in,Arbor Size,7/8,in,Size,6 in x 0.045 in x 7/8 in,,Application,Metal,,,,,,,,,,,,,,,,,,,,,,,,,,,,,,,,,,,,,,,,,,,,,,,,,,,,,,,,,,,,,,,,,,,,,,,,,,,,,,,,,,,,,,,,,,,,,,,,,,,,,,,,,,,,,,,,,,,,,,,,,,,,,,,,,,,,,,,,,,,,23131500,,,,,,,,,,,,,,,,,,,,,,,,,,,,,,,,,,,,,,,,,,,
,,,,,,,Tools,Power Tool Accessories,Cut-Off Wheels,,49-94-0121,"49-94-0121 Milw 6""x.045""x7/8"" Performance+ Metal Cut Off Disc 10pc",-- Unbranded --,-- No Unilog Brand --,-- No DIB Brand --,Milwaukee Accessory (4031),Milwaukee Tool,Milwaukee®,,49-94-0121,,Tools & Equipment>Power Tool Accessories>Cut-Off Wheels,"Milwaukee Tool Milwaukee, Cut Off Disc, Performance, 49-94-0121",CUT OFF DISC 6IN 0.045IN 7/8IN 10 METAL,"Milwaukee® Performance 49-94-0121 Cut Off Disc, 6 in x 0.045 in x 7/8 in, Metal, 10","Milwaukee® Cut Off Disc, Performance, 6 in x 0.045 in x 7/8 in, Metal, 10","Performance Cut Off Disc, 6 in x 0.045 in x 7/8 in, Metal, 10",,,,,,,,,,,,,,,,,,,,,,,,,,,Cut Off Disc,Diameter,6,in,Thickness,0.045,in,Arbor Size,7/8,in,Size,6 in x 0.045 in x 7/8 in,,Application,Metal,,Series,Performance,,Pack Quantity,10,,,,,,,,,,,,,,,,,,,,,,,,,,,,,,,,,,,,,,,,,,,,,,,,,,,,,,,,,,,,,,,,,,,,,,,,,,,,,,,,,,,,,,,,,,,,,,,,,,,,,,,,,,,,,,,,,,,,,,,,,,,,,,,,,,,,,,23131500,,,,,,,,,,,,,,,,,,,,,,,,,,,,,,,,,,,,,,,,,,,
,,,,,,,Tools,Power Tool Accessories,Cut-Off Wheels,,49-94-0127,"49-94-0127 Milw 6""x.045""x7/8"" Performance+Metal Cut Off Disc",-- Unbranded --,-- No Unilog Brand --,-- No DIB Brand --,Milwaukee Accessory (4031),Milwaukee Tool,Milwaukee®,,49-94-0127,,Tools & Equipment>Power Tool Accessories>Cut-Off Wheels,"Milwaukee Tool Milwaukee, Cut Off Disc, Performance, 49-94-0127",CUT OFF DISC 6IN 0.045IN 7/8IN METAL,"Milwaukee® Performance 49-94-0127 Cut Off Disc, 6 in x 0.045 in x 7/8 in, Metal","Milwaukee® Cut Off Disc, Performance, 6 in x 0.045 in x 7/8 in, Metal","Performance Cut Off Disc, 6 in x 0.045 in x 7/8 in, Metal",,,,,,,,,,,,,,,,,,,,,,,,,,,Cut Off Disc,Diameter,6,in,Thickness,0.045,in,Arbor Size,7/8,in,Size,6 in x 0.045 in x 7/8 in,,Application,Metal,,Series,Performance,,,,,,,,,,,,,,,,,,,,,,,,,,,,,,,,,,,,,,,,,,,,,,,,,,,,,,,,,,,,,,,,,,,,,,,,,,,,,,,,,,,,,,,,,,,,,,,,,,,,,,,,,,,,,,,,,,,,,,,,,,,,,,,,,,,,,,,,,23131500,,,,,,,,,,,,,,,,,,,,,,,,,,,,,,,,,,,,,,,,,,,
,,,,,,,Tools,Power Tool Accessories,Cut-Off Wheels,,49-94-0137,"49-94-0137 Milw 7""x3/32""x7/8"" Performance+ Metal Cut Off Disc",-- Unbranded --,-- No Unilog Brand --,-- No DIB Brand --,Milwaukee Accessory (4031),Milwaukee Tool,Milwaukee®,,49-94-0137,,Tools & Equipment>Power Tool Accessories>Cut-Off Wheels,"Milwaukee Tool Milwaukee, Cut Off Disc, Performance, 49-94-0137",CUT OFF DISC 7IN 3/32IN 7/8IN METAL,"Milwaukee® Performance 49-94-0137 Cut Off Disc, 7 in x 3/32 in x 7/8 in, Metal","Milwaukee® Cut Off Disc, Performance, 7 in x 3/32 in x 7/8 in, Metal","Performance Cut Off Disc, 7 in x 3/32 in x 7/8 in, Metal",,,,,,,,,,,,,,,,,,,,,,,,,,,Cut Off Disc,Diameter,7,in,Thickness,3/32,in,Arbor Size,7/8,in,Size,7 in x 3/32 in x 7/8 in,,Application,Metal,,Series,Performance,,,,,,,,,,,,,,,,,,,,,,,,,,,,,,,,,,,,,,,,,,,,,,,,,,,,,,,,,,,,,,,,,,,,,,,,,,,,,,,,,,,,,,,,,,,,,,,,,,,,,,,,,,,,,,,,,,,,,,,,,,,,,,,,,,,,,,,,,23131500,,,,,,,,,,,,,,,,,,,,,,,,,,,,,,,,,,,,,,,,,,,
,,,,,,,Tools,Power Tool Accessories,Cut-Off Wheels,,49-94-0160,"49-94-0160 Milw 14""x7/64""x1"" Performance+ Metal Cut Off Disc",-- Unbranded --,-- No Unilog Brand --,-- No DIB Brand --,Milwaukee Accessory (4031),Milwaukee Tool,Milwaukee®,,49-94-0160,,Tools & Equipment>Power Tool Accessories>Cut-Off Wheels,"Milwaukee Tool Milwaukee, Cut Off Disc, Performance, 49-94-0160",CUT OFF DISC 14IN 7/64IN 1IN METAL,"Milwaukee® Performance 49-94-0160 Cut Off Disc, 14 in x 7/64 in x 1 in, Metal","Milwaukee® Cut Off Disc, Performance, 14 in x 7/64 in x 1 in, Metal","Performance Cut Off Disc, 14 in x 7/64 in x 1 in, Metal",,,,,,,,,,,,,,,,,,,,,,,,,,,Cut Off Disc,Diameter,14,in,Thickness,7/64,in,Arbor Size,1,in,Size,14 in x 7/64 in x 1 in,,Application,Metal,,Series,Performance,,,,,,,,,,,,,,,,,,,,,,,,,,,,,,,,,,,,,,,,,,,,,,,,,,,,,,,,,,,,,,,,,,,,,,,,,,,,,,,,,,,,,,,,,,,,,,,,,,,,,,,,,,,,,,,,,,,,,,,,,,,,,,,,,,,,,,,,,23131500,,,,,,,,,,,,,,,,,,,,,,,,,,,,,,,,,,,,,,,,,,,
,,,,,,,Tools,Power Tool Accessories,Cut-Off Wheels,,49-94-0223,"49-94-0223 Milw 6""x.045""x7/8"" Ceramic+ Metal Cut Off Disc",-- Unbranded --,-- No Unilog Brand --,-- No DIB Brand --,Milwaukee Accessory (4031),Milwaukee Tool,Milwaukee®,,49-94-0223,,Tools & Equipment>Power Tool Accessories>Cut-Off Wheels,"Milwaukee Tool Milwaukee, Cut Off Disc, 49-94-0223, 6 in x 0.045 in x 7/8 in",CUT OFF DISC 6IN 0.045IN 7/8IN METAL,"Milwaukee® 49-94-0223 Cut Off Disc, 6 in x 0.045 in x 7/8 in, Metal","Milwaukee® Cut Off Disc, 6 in x 0.045 in x 7/8 in, Metal","Cut Off Disc, 6 in x 0.045 in x 7/8 in, Metal",,,,,,,,,,,,,,,,,,,,,,,,,,,Cut Off Disc,Diameter,6,in,Thickness,0.045,in,Arbor Size,7/8,in,Size,6 in x 0.045 in x 7/8 in,,Application,Metal,,,,,,,,,,,,,,,,,,,,,,,,,,,,,,,,,,,,,,,,,,,,,,,,,,,,,,,,,,,,,,,,,,,,,,,,,,,,,,,,,,,,,,,,,,,,,,,,,,,,,,,,,,,,,,,,,,,,,,,,,,,,,,,,,,,,,,,,,,,,23131500,,,,,,,,,,,,,,,,,,,,,,,,,,,,,,,,,,,,,,,,,,,
,,,,,,,Tools,Power Tool Accessories,Cut-Off Wheels,,49-94-0445,"49-94-0445 Milw 10""x3/32""x5/8"" Performance+ Metal Cut Off Disc",-- Unbranded --,-- No Unilog Brand --,-- No DIB Brand --,Milwaukee Accessory (4031),Milwaukee Tool,Milwaukee®,,49-94-0445,,Tools & Equipment>Power Tool Accessories>Cut-Off Wheels,"Milwaukee Tool Milwaukee, Cut Off Disc, Performance, 49-94-0445",CUT OFF DISC 10IN 3/32IN 5/8IN METAL,"Milwaukee® Performance 49-94-0445 Cut Off Disc, 10 in x 3/32 in x 5/8 in, Metal","Milwaukee® Cut Off Disc, Performance, 10 in x 3/32 in x 5/8 in, Metal","Performance Cut Off Disc, 10 in x 3/32 in x 5/8 in, Metal",,,,,,,,,,,,,,,,,,,,,,,,,,,Cut Off Disc,Diameter,10,in,Thickness,3/32,in,Arbor Size,5/8,in,Size,10 in x 3/32 in x 5/8 in,,Application,Metal,,Series,Performance,,,,,,,,,,,,,,,,,,,,,,,,,,,,,,,,,,,,,,,,,,,,,,,,,,,,,,,,,,,,,,,,,,,,,,,,,,,,,,,,,,,,,,,,,,,,,,,,,,,,,,,,,,,,,,,,,,,,,,,,,,,,,,,,,,,,,,,,,23131500,,,,,,,,,,,,,,,,,,,,,,,,,,,,,,,,,,,,,,,,,,,
,,,,,,,Tools,Power Tool Accessories,Sanding Discs,,49-94-0803,"49-94-0803 Milw 4-1/2""x1/8""x7/8"" Dual Metal Cut and Grind Disc",-- Unbranded --,-- No Unilog Brand --,-- No DIB Brand --,Milwaukee Accessory (4031),Milwaukee Tool,Milwaukee®,,49-94-0803,,Tools & Equipment>Abrasives>Sanding Discs,"Milwaukee Tool Milwaukee, And Grind Disc, Dual Cut, 49-94-0803",AND GRIND DISC 4-1/2IN 1/8IN 7/8IN METAL,"Milwaukee® Dual Cut 49-94-0803 And Grind Disc, 4-1/2 in x 1/8 in x 7/8 in, Metal","Milwaukee® And Grind Disc, Dual Cut, 4-1/2 in x 1/8 in x 7/8 in, Metal","Dual Cut And Grind Disc, 4-1/2 in x 1/8 in x 7/8 in, Metal",,,,,,,,,,,,,,,,,,,,,,,,,,,And Grind Disc,Grit,,,Diameter,4-1/2,in,Thickness,1/8,in,Arbor Size,7/8,in,Size,4-1/2 in x 1/8 in x 7/8 in,,Selling Qty,,,Selling UOM,,,Application,Metal,,Series,Dual Cut,,,,,,,,,,,,,,,,,,,,,,,,,,,,,,,,,,,,,,,,,,,,,,,,,,,,,,,,,,,,,,,,,,,,,,,,,,,,,,,,,,,,,,,,,,,,,,,,,,,,,,,,,,,,,,,,,,,,,,,,,,,,,,,,31191500,,,,,,,,,,,,,,,,,,,,,,,,,,,,,,,,,,,,,,,,,,,
,,,,,,,Tools,Power Tool Accessories,Sanding Discs,,49-94-0903,"49-94-0903 Milw 4-1/2""x1/8""x7/8""Perform+Dual Metal Cut and Grind Disc",-- Unbranded --,-- No Unilog Brand --,-- No DIB Brand --,Milwaukee Accessory (4031),Milwaukee Tool,Milwaukee®,,49-94-0903,,Tools & Equipment>Abrasives>Sanding Discs,"Milwaukee Tool Milwaukee, And Grind Disc, Dual Cut, 49-94-0903",AND GRIND DISC 4-1/2IN 1/8IN 7/8IN METAL,"Milwaukee® Dual Cut 49-94-0903 And Grind Disc, 4-1/2 in x 1/8 in x 7/8 in, Metal","Milwaukee® And Grind Disc, Dual Cut, 4-1/2 in x 1/8 in x 7/8 in, Metal","Dual Cut And Grind Disc, 4-1/2 in x 1/8 in x 7/8 in, Metal",,,,,,,,,,,,,,,,,,,,,,,,,,,And Grind Disc,Grit,,,Diameter,4-1/2,in,Thickness,1/8,in,Arbor Size,7/8,in,Size,4-1/2 in x 1/8 in x 7/8 in,,Selling Qty,,,Selling UOM,,,Application,Metal,,Series,Dual Cut,,,,,,,,,,,,,,,,,,,,,,,,,,,,,,,,,,,,,,,,,,,,,,,,,,,,,,,,,,,,,,,,,,,,,,,,,,,,,,,,,,,,,,,,,,,,,,,,,,,,,,,,,,,,,,,,,,,,,,,,,,,,,,,,31191500,,,,,,,,,,,,,,,,,,,,,,,,,,,,,,,,,,,,,,,,,,,
,,,,,,,Tools,Power Tool Accessories,Sanding Discs,,49-94-0907,"49-94-0907 Milw 4-1/2""x1/8""x5/8-11""Perform+Dual Metal Cut n Grind Disc",-- Unbranded --,-- No Unilog Brand --,-- No DIB Brand --,Milwaukee Accessory (4031),Milwaukee Tool,Milwaukee®,,49-94-0907,,Tools & Equipment>Abrasives>Sanding Discs,"Milwaukee Tool Milwaukee, Grind Disc, Dual Cut, 49-94-0907, 5/8 in",GRIND DISC 4-1/2IN 1/8IN 5/8IN METAL,"Milwaukee® Dual Cut 49-94-0907 Grind Disc, 4-1/2 in x 1/8 in x 5/8 in, Metal","Milwaukee® Grind Disc, Dual Cut, 4-1/2 in x 1/8 in x 5/8 in, Metal","Dual Cut Grind Disc, 4-1/2 in x 1/8 in x 5/8 in, Metal",,,,,,,,,,,,,,,,,,,,,,,,,,,Grind Disc,Grit,,,Diameter,4-1/2,in,Thickness,1/8,in,Arbor Size,5/8,in,Size,4-1/2 in x 1/8 in x 5/8 in,,Selling Qty,,,Selling UOM,,,Application,Metal,,Series,Dual Cut,,,,,,,,,,,,,,,,,,,,,,,,,,,,,,,,,,,,,,,,,,,,,,,,,,,,,,,,,,,,,,,,,,,,,,,,,,,,,,,,,,,,,,,,,,,,,,,,,,,,,,,,,,,,,,,,,,,,,,,,,,,,,,,,31191500,,,,,,,,,,,,,,,,,,,,,,,,,,,,,,,,,,,,,,,,,,,
,,,,,,,Tools,Power Tool Accessories,Sanding Discs,,49-94-0923,"49-94-0923 Milw 6""x1/8""x7/8"" Perform+Dual Metal Cut and Grind Disc",-- Unbranded --,-- No Unilog Brand --,-- No DIB Brand --,Milwaukee Accessory (4031),Milwaukee Tool,Milwaukee®,,49-94-0923,,Tools & Equipment>Abrasives>Sanding Discs,"Milwaukee Tool Milwaukee, And Grind Disc, Dual Cut, 49-94-0923",AND GRIND DISC 6IN 1/8IN 7/8IN METAL,"Milwaukee® Dual Cut 49-94-0923 And Grind Disc, 6 in x 1/8 in x 7/8 in, Metal","Milwaukee® And Grind Disc, Dual Cut, 6 in x 1/8 in x 7/8 in, Metal","Dual Cut And Grind Disc, 6 in x 1/8 in x 7/8 in, Metal",,,,,,,,,,,,,,,,,,,,,,,,,,,And Grind Disc,Grit,,,Diameter,6,in,Thickness,1/8,in,Arbor Size,7/8,in,Size,6 in x 1/8 in x 7/8 in,,Selling Qty,,,Selling UOM,,,Application,Metal,,Series,Dual Cut,,,,,,,,,,,,,,,,,,,,,,,,,,,,,,,,,,,,,,,,,,,,,,,,,,,,,,,,,,,,,,,,,,,,,,,,,,,,,,,,,,,,,,,,,,,,,,,,,,,,,,,,,,,,,,,,,,,,,,,,,,,,,,,,31191500,,,,,,,,,,,,,,,,,,,,,,,,,,,,,,,,,,,,,,,,,,,
,,,,,,,Tools,Power Tool Accessories,Cut-Off Wheels,,49-94-1900,"49-94-1900 Milw 4""x1/8""x5/8"" Masonry Cut Off Disc",-- Unbranded --,-- No Unilog Brand --,-- No DIB Brand --,Milwaukee Accessory (4031),Milwaukee Tool,Milwaukee®,,49-94-1900,,Tools & Equipment>Power Tool Accessories>Cut-Off Wheels,"Milwaukee Tool Milwaukee, Cut Off Disc, 49-94-1900, 4 in x 1/8 in x 5/8 in",CUT OFF DISC 4IN 1/8IN 5/8IN MASONRY,"Milwaukee® 49-94-1900 Cut Off Disc, 4 in x 1/8 in x 5/8 in, Masonry","Milwaukee® Cut Off Disc, 4 in x 1/8 in x 5/8 in, Masonry","Cut Off Disc, 4 in x 1/8 in x 5/8 in, Masonry",,,,,,,,,,,,,,,,,,,,,,,,,,,Cut Off Disc,Diameter,4,in,Thickness,1/8,in,Arbor Size,5/8,in,Size,4 in x 1/8 in x 5/8 in,,Application,Masonry,,,,,,,,,,,,,,,,,,,,,,,,,,,,,,,,,,,,,,,,,,,,,,,,,,,,,,,,,,,,,,,,,,,,,,,,,,,,,,,,,,,,,,,,,,,,,,,,,,,,,,,,,,,,,,,,,,,,,,,,,,,,,,,,,,,,,,,,,,,,23131500,,,,,,,,,,,,,,,,,,,,,,,,,,,,,,,,,,,,,,,,,,,
,,,,,,,Tools,Power Tool Accessories,Cut-Off Wheels,,49-94-1905,"49-94-1905 Milw 4-1/2""x1/8""x7/8"" Masonry Cut Off Disc",-- Unbranded --,-- No Unilog Brand --,-- No DIB Brand --,Milwaukee Accessory (4031),Milwaukee Tool,Milwaukee®,,49-94-1905,,Tools & Equipment>Power Tool Accessories>Cut-Off Wheels,"Milwaukee Tool Milwaukee, Cut Off Disc, 49-94-1905, 4-1/2 in x 1/8 in x 7/8 in",CUT OFF DISC 4-1/2IN 1/8IN 7/8IN MASONRY,"Milwaukee® 49-94-1905 Cut Off Disc, 4-1/2 in x 1/8 in x 7/8 in, Masonry","Milwaukee® Cut Off Disc, 4-1/2 in x 1/8 in x 7/8 in, Masonry","Cut Off Disc, 4-1/2 in x 1/8 in x 7/8 in, Masonry",,,,,,,,,,,,,,,,,,,,,,,,,,,Cut Off Disc,Diameter,4-1/2,in,Thickness,1/8,in,Arbor Size,7/8,in,Size,4-1/2 in x 1/8 in x 7/8 in,,Application,Masonry,,,,,,,,,,,,,,,,,,,,,,,,,,,,,,,,,,,,,,,,,,,,,,,,,,,,,,,,,,,,,,,,,,,,,,,,,,,,,,,,,,,,,,,,,,,,,,,,,,,,,,,,,,,,,,,,,,,,,,,,,,,,,,,,,,,,,,,,,,,,23131500,,,,,,,,,,,,,,,,,,,,,,,,,,,,,,,,,,,,,,,,,,,
,,,,,,,Tools,Power Tool Accessories,Cut-Off Wheels,,49-94-1915,"49-94-1915 Milw 6-1/2""x1/8""x5/8"" DKO Masonry Cut Off Disc",-- Unbranded --,-- No Unilog Brand --,-- No DIB Brand --,Milwaukee Accessory (4031),Milwaukee Tool,Milwaukee®,,49-94-1915,,Tools & Equipment>Power Tool Accessories>Cut-Off Wheels,"Milwaukee Tool Milwaukee, Cut Off Disc, 49-94-1915, 6-1/2 in x 1/8 in x 5/8 in",CUT OFF DISC 6-1/2IN 1/8IN 5/8IN MASONRY,"Milwaukee® 49-94-1915 Cut Off Disc, 6-1/2 in x 1/8 in x 5/8 in, Masonry","Milwaukee® Cut Off Disc, 6-1/2 in x 1/8 in x 5/8 in, Masonry","Cut Off Disc, 6-1/2 in x 1/8 in x 5/8 in, Masonry",,,,,,,,,,,,,,,,,,,,,,,,,,,Cut Off Disc,Diameter,6-1/2,in,Thickness,1/8,in,Arbor Size,5/8,in,Size,6-1/2 in x 1/8 in x 5/8 in,,Application,Masonry,,,,,,,,,,,,,,,,,,,,,,,,,,,,,,,,,,,,,,,,,,,,,,,,,,,,,,,,,,,,,,,,,,,,,,,,,,,,,,,,,,,,,,,,,,,,,,,,,,,,,,,,,,,,,,,,,,,,,,,,,,,,,,,,,,,,,,,,,,,,23131500,,,,,,,,,,,,,,,,,,,,,,,,,,,,,,,,,,,,,,,,,,,
,,,,,,,Tools,Power Tool Accessories,Cut-Off Wheels,,49-94-1920,"49-94-1920 Milw 7""x1/8""x5/8"" DKO Masonry Cut Off Disc",-- Unbranded --,-- No Unilog Brand --,-- No DIB Brand --,Milwaukee Accessory (4031),Milwaukee Tool,Milwaukee®,,49-94-1920,,Tools & Equipment>Power Tool Accessories>Cut-Off Wheels,"Milwaukee Tool Milwaukee, Cut Off Disc, 49-94-1920, 7 in x 1/8 in x 5/8 in",CUT OFF DISC 7IN 1/8IN 5/8IN MASONRY,"Milwaukee® 49-94-1920 Cut Off Disc, 7 in x 1/8 in x 5/8 in, Masonry","Milwaukee® Cut Off Disc, 7 in x 1/8 in x 5/8 in, Masonry","Cut Off Disc, 7 in x 1/8 in x 5/8 in, Masonry",,,,,,,,,,,,,,,,,,,,,,,,,,,Cut Off Disc,Diameter,7,in,Thickness,1/8,in,Arbor Size,5/8,in,Size,7 in x 1/8 in x 5/8 in,,Application,Masonry,,,,,,,,,,,,,,,,,,,,,,,,,,,,,,,,,,,,,,,,,,,,,,,,,,,,,,,,,,,,,,,,,,,,,,,,,,,,,,,,,,,,,,,,,,,,,,,,,,,,,,,,,,,,,,,,,,,,,,,,,,,,,,,,,,,,,,,,,,,,23131500,,,,,,,,,,,,,,,,,,,,,,,,,,,,,,,,,,,,,,,,,,,
,,,,,,,Tools,Power Tool Accessories,Cut-Off Wheels,,49-94-1925,"49-94-1925 Milw 10""x1/8""x5/8"" Masonry Cut Off Disc",-- Unbranded --,-- No Unilog Brand --,-- No DIB Brand --,Milwaukee Accessory (4031),Milwaukee Tool,Milwaukee®,,49-94-1925,,Tools & Equipment>Power Tool Accessories>Cut-Off Wheels,"Milwaukee Tool Milwaukee, Cut Off Disc, 49-94-1925, 10 in x 1/8 in x 5/8 in",CUT OFF DISC 10IN 1/8IN 5/8IN MASONRY,"Milwaukee® 49-94-1925 Cut Off Disc, 10 in x 1/8 in x 5/8 in, Masonry","Milwaukee® Cut Off Disc, 10 in x 1/8 in x 5/8 in, Masonry","Cut Off Disc, 10 in x 1/8 in x 5/8 in, Masonry",,,,,,,,,,,,,,,,,,,,,,,,,,,Cut Off Disc,Diameter,10,in,Thickness,1/8,in,Arbor Size,5/8,in,Size,10 in x 1/8 in x 5/8 in,,Application,Masonry,,,,,,,,,,,,,,,,,,,,,,,,,,,,,,,,,,,,,,,,,,,,,,,,,,,,,,,,,,,,,,,,,,,,,,,,,,,,,,,,,,,,,,,,,,,,,,,,,,,,,,,,,,,,,,,,,,,,,,,,,,,,,,,,,,,,,,,,,,,,23131500,,,,,,,,,,,,,,,,,,,,,,,,,,,,,,,,,,,,,,,,,,,
,,,,,,,Tools,Power Tool Accessories,Cut-Off Wheels,,49-94-1935,"49-94-1935 Milw 12""x1/8""x1"" Masonry Cut Off Disc",-- Unbranded --,-- No Unilog Brand --,-- No DIB Brand --,Milwaukee Accessory (4031),Milwaukee Tool,Milwaukee®,,49-94-1935,,Tools & Equipment>Power Tool Accessories>Cut-Off Wheels,"Milwaukee Tool Milwaukee, Cut Off Disc, 49-94-1935, 12 in x 1/8 in x 1 in",CUT OFF DISC 12IN 1/8IN 1IN MASONRY,"Milwaukee® 49-94-1935 Cut Off Disc, 12 in x 1/8 in x 1 in, Masonry","Milwaukee® Cut Off Disc, 12 in x 1/8 in x 1 in, Masonry","Cut Off Disc, 12 in x 1/8 in x 1 in, Masonry",,,,,,,,,,,,,,,,,,,,,,,,,,,Cut Off Disc,Diameter,12,in,Thickness,1/8,in,Arbor Size,1,in,Size,12 in x 1/8 in x 1 in,,Application,Masonry,,,,,,,,,,,,,,,,,,,,,,,,,,,,,,,,,,,,,,,,,,,,,,,,,,,,,,,,,,,,,,,,,,,,,,,,,,,,,,,,,,,,,,,,,,,,,,,,,,,,,,,,,,,,,,,,,,,,,,,,,,,,,,,,,,,,,,,,,,,,23131500,,,,,,,,,,,,,,,,,,,,,,,,,,,,,,,,,,,,,,,,,,,
,,,,,,,Tools,Power Tool Accessories,Cut-Off Wheels,,49-94-1940,"49-94-1940 Milw 14""x1/8""x1"" Masonry Cut Off Disc",-- Unbranded --,-- No Unilog Brand --,-- No DIB Brand --,Milwaukee Accessory (4031),Milwaukee Tool,Milwaukee®,,49-94-1940,,Tools & Equipment>Power Tool Accessories>Cut-Off Wheels,"Milwaukee Tool Milwaukee, Cut Off Disc, 49-94-1940, 14 in x 1/8 in x 1 in",CUT OFF DISC 14IN 1/8IN 1IN MASONRY,"Milwaukee® 49-94-1940 Cut Off Disc, 14 in x 1/8 in x 1 in, Masonry","Milwaukee® Cut Off Disc, 14 in x 1/8 in x 1 in, Masonry","Cut Off Disc, 14 in x 1/8 in x 1 in, Masonry",,,,,,,,,,,,,,,,,,,,,,,,,,,Cut Off Disc,Diameter,14,in,Thickness,1/8,in,Arbor Size,1,in,Size,14 in x 1/8 in x 1 in,,Application,Masonry,,,,,,,,,,,,,,,,,,,,,,,,,,,,,,,,,,,,,,,,,,,,,,,,,,,,,,,,,,,,,,,,,,,,,,,,,,,,,,,,,,,,,,,,,,,,,,,,,,,,,,,,,,,,,,,,,,,,,,,,,,,,,,,,,,,,,,,,,,,,23131500,,,,,,,,,,,,,,,,,,,,,,,,,,,,,,,,,,,,,,,,,,,
,,,,,,,Tools,Power Tool Accessories,Grinding Wheels,,49-94-0501,"49-94-0501 Milw 4""x1/4""x5/8"" Metal Grinding Wheel",-- Unbranded --,-- No Unilog Brand --,-- No DIB Brand --,Milwaukee Accessory (4031),Milwaukee Tool,Milwaukee®,,49-94-0501,,Tools & Equipment>Power Tool Accessories>Grinding Wheels,"Milwaukee Tool Milwaukee, Grinding Wheel, 49-94-0501, 4 in x 1/4 in x 5/8 in",GRINDING WHEEL 4IN 1/4IN 5/8IN METAL,"Milwaukee® 49-94-0501 Grinding Wheel, 4 in x 1/4 in x 5/8 in, Metal","Milwaukee® Grinding Wheel, 4 in x 1/4 in x 5/8 in, Metal","Grinding Wheel, 4 in x 1/4 in x 5/8 in, Metal",,,,,,,,,,,,,,,,,,,,,,,,,,,Grinding Wheel,Diameter,4,in,Thickness,1/4,in,Arbor Size,5/8,in,Size,4 in x 1/4 in x 5/8 in,,Application,Metal,,,,,,,,,,,,,,,,,,,,,,,,,,,,,,,,,,,,,,,,,,,,,,,,,,,,,,,,,,,,,,,,,,,,,,,,,,,,,,,,,,,,,,,,,,,,,,,,,,,,,,,,,,,,,,,,,,,,,,,,,,,,,,,,,,,,,,,,,,,,23131500,,,,,,,,,,,,,,,,,,,,,,,,,,,,,,,,,,,,,,,,,,,
,,,,,,,Tools,Power Tool Accessories,Grinding Wheels,,49-94-0503,"49-94-0503 Milw 4-1/2""x1/4""x7/8"" Metal Grinding Wheel",-- Unbranded --,-- No Unilog Brand --,-- No DIB Brand --,Milwaukee Accessory (4031),Milwaukee Tool,Milwaukee®,,49-94-0503,,Tools & Equipment>Power Tool Accessories>Grinding Wheels,"Milwaukee Tool Milwaukee, Grinding Wheel, 49-94-0503, 4-1/2 in x 1/4 in x 7/8 in",GRINDING WHEEL 4-1/2IN 1/4IN 7/8IN METAL,"Milwaukee® 49-94-0503 Grinding Wheel, 4-1/2 in x 1/4 in x 7/8 in, Metal","Milwaukee® Grinding Wheel, 4-1/2 in x 1/4 in x 7/8 in, Metal","Grinding Wheel, 4-1/2 in x 1/4 in x 7/8 in, Metal",,,,,,,,,,,,,,,,,,,,,,,,,,,Grinding Wheel,Diameter,4-1/2,in,Thickness,1/4,in,Arbor Size,7/8,in,Size,4-1/2 in x 1/4 in x 7/8 in,,Application,Metal,,,,,,,,,,,,,,,,,,,,,,,,,,,,,,,,,,,,,,,,,,,,,,,,,,,,,,,,,,,,,,,,,,,,,,,,,,,,,,,,,,,,,,,,,,,,,,,,,,,,,,,,,,,,,,,,,,,,,,,,,,,,,,,,,,,,,,,,,,,,23131500,,,,,,,,,,,,,,,,,,,,,,,,,,,,,,,,,,,,,,,,,,,
,,,,,,,Tools,Power Tool Accessories,Grinding Wheels,,49-94-0523,"49-94-0523 Milw 6""x1/4""x7/8"" Metal Grinding Wheel",-- Unbranded --,-- No Unilog Brand --,-- No DIB Brand --,Milwaukee Accessory (4031),Milwaukee Tool,Milwaukee®,,49-94-0523,,Tools & Equipment>Power Tool Accessories>Grinding Wheels,"Milwaukee Tool Milwaukee, Grinding Wheel, 49-94-0523, 6 in x 1/4 in x 7/8 in",GRINDING WHEEL 6IN 1/4IN 7/8IN METAL,"Milwaukee® 49-94-0523 Grinding Wheel, 6 in x 1/4 in x 7/8 in, Metal","Milwaukee® Grinding Wheel, 6 in x 1/4 in x 7/8 in, Metal","Grinding Wheel, 6 in x 1/4 in x 7/8 in, Metal",,,,,,,,,,,,,,,,,,,,,,,,,,,Grinding Wheel,Diameter,6,in,Thickness,1/4,in,Arbor Size,7/8,in,Size,6 in x 1/4 in x 7/8 in,,Application,Metal,,,,,,,,,,,,,,,,,,,,,,,,,,,,,,,,,,,,,,,,,,,,,,,,,,,,,,,,,,,,,,,,,,,,,,,,,,,,,,,,,,,,,,,,,,,,,,,,,,,,,,,,,,,,,,,,,,,,,,,,,,,,,,,,,,,,,,,,,,,,23131500,,,,,,,,,,,,,,,,,,,,,,,,,,,,,,,,,,,,,,,,,,,
,,,,,,,Tools,Power Tool Accessories,Grinding Wheels,,49-94-1955,"49-94-1955 Milw 4-1/2""x1/4""x7/8"" Masonry Grinding Wheel",-- Unbranded --,-- No Unilog Brand --,-- No DIB Brand --,Milwaukee Accessory (4031),Milwaukee Tool,Milwaukee®,,49-94-1955,,Tools & Equipment>Power Tool Accessories>Grinding Wheels,"Milwaukee Tool Milwaukee, Grinding Wheel, 49-94-1955, 4-1/2 in x 1/4 in x 7/8 in",GRINDING WHEEL 4-1/2IN 1/4IN 7/8IN,"Milwaukee® 49-94-1955 Grinding Wheel, 4-1/2 in x 1/4 in x 7/8 in, Masonry","Milwaukee® Grinding Wheel, 4-1/2 in x 1/4 in x 7/8 in, Masonry","Grinding Wheel, 4-1/2 in x 1/4 in x 7/8 in, Masonry",,,,,,,,,,,,,,,,,,,,,,,,,,,Grinding Wheel,Diameter,4-1/2,in,Thickness,1/4,in,Arbor Size,7/8,in,Size,4-1/2 in x 1/4 in x 7/8 in,,Application,Masonry,,,,,,,,,,,,,,,,,,,,,,,,,,,,,,,,,,,,,,,,,,,,,,,,,,,,,,,,,,,,,,,,,,,,,,,,,,,,,,,,,,,,,,,,,,,,,,,,,,,,,,,,,,,,,,,,,,,,,,,,,,,,,,,,,,,,,,,,,,,,23131500,,,,,,,,,,,,,,,,,,,,,,,,,,,,,,,,,,,,,,,,,,,
,,,,,,,Tools,Power Tool Accessories,Grinding Wheels,,49-94-1965,"49-94-1965 Milw 7""x1/4""x7/8"" Masonry Grinding Wheel",-- Unbranded --,-- No Unilog Brand --,-- No DIB Brand --,Milwaukee Accessory (4031),Milwaukee Tool,Milwaukee®,,49-94-1965,,Tools & Equipment>Power Tool Accessories>Grinding Wheels,"Milwaukee Tool Milwaukee, Grinding Wheel, 49-94-1965, 7 in x 1/4 in x 7/8 in",GRINDING WHEEL 7IN 1/4IN 7/8IN MASONRY,"Milwaukee® 49-94-1965 Grinding Wheel, 7 in x 1/4 in x 7/8 in, Masonry","Milwaukee® Grinding Wheel, 7 in x 1/4 in x 7/8 in, Masonry","Grinding Wheel, 7 in x 1/4 in x 7/8 in, Masonry",,,,,,,,,,,,,,,,,,,,,,,,,,,Grinding Wheel,Diameter,7,in,Thickness,1/4,in,Arbor Size,7/8,in,Size,7 in x 1/4 in x 7/8 in,,Application,Masonry,,,,,,,,,,,,,,,,,,,,,,,,,,,,,,,,,,,,,,,,,,,,,,,,,,,,,,,,,,,,,,,,,,,,,,,,,,,,,,,,,,,,,,,,,,,,,,,,,,,,,,,,,,,,,,,,,,,,,,,,,,,,,,,,,,,,,,,,,,,,23131500,,,,,,,,,,,,,,,,,,,,,,,,,,,,,,,,,,,,,,,,,,,
,,,,,,,Tools,Power Tool Accessories,Grinding Wheels,,49-94-0513,"49-94-0513 Milw 5""x1/4""x7/8"" Metal Grinding Wheel",-- Unbranded --,-- No Unilog Brand --,-- No DIB Brand --,Milwaukee Accessory (4031),Milwaukee Tool,Milwaukee®,,49-94-0513,,Tools & Equipment>Power Tool Accessories>Grinding Wheels,"Milwaukee Tool Milwaukee, Grinding Wheel, 49-94-0513, 5 in x 1/4 in x 7/8 in",GRINDING WHEEL 5IN 1/4IN 7/8IN METAL,"Milwaukee® 49-94-0513 Grinding Wheel, 5 in x 1/4 in x 7/8 in, Metal","Milwaukee® Grinding Wheel, 5 in x 1/4 in x 7/8 in, Metal","Grinding Wheel, 5 in x 1/4 in x 7/8 in, Metal",,,,,,,,,,,,,,,,,,,,,,,,,,,Grinding Wheel,Diameter,5,in,Thickness,1/4,in,Arbor Size,7/8,in,Size,5 in x 1/4 in x 7/8 in,,Application,Metal,,,,,,,,,,,,,,,,,,,,,,,,,,,,,,,,,,,,,,,,,,,,,,,,,,,,,,,,,,,,,,,,,,,,,,,,,,,,,,,,,,,,,,,,,,,,,,,,,,,,,,,,,,,,,,,,,,,,,,,,,,,,,,,,,,,,,,,,,,,,23131500,,,,,,,,,,,,,,,,,,,,,,,,,,,,,,,,,,,,,,,,,,,
,,,,,,,Tools,Power Tool Accessories,Grinding Wheels,,49-94-0533,"49-94-0533 Milw 7""x1/4""x7/8"" Metal Grinding Wheel",-- Unbranded --,-- No Unilog Brand --,-- No DIB Brand --,Milwaukee Accessory (4031),Milwaukee Tool,Milwaukee®,,49-94-0533,,Tools & Equipment>Power Tool Accessories>Grinding Wheels,"Milwaukee Tool Milwaukee, Grinding Wheel, 49-94-0533, 7 in x 1/4 in x 7/8 in",GRINDING WHEEL 7IN 1/4IN 7/8IN METAL,"Milwaukee® 49-94-0533 Grinding Wheel, 7 in x 1/4 in x 7/8 in, Metal","Milwaukee® Grinding Wheel, 7 in x 1/4 in x 7/8 in, Metal","Grinding Wheel, 7 in x 1/4 in x 7/8 in, Metal",,,,,,,,,,,,,,,,,,,,,,,,,,,Grinding Wheel,Diameter,7,in,Thickness,1/4,in,Arbor Size,7/8,in,Size,7 in x 1/4 in x 7/8 in,,Application,Metal,,,,,,,,,,,,,,,,,,,,,,,,,,,,,,,,,,,,,,,,,,,,,,,,,,,,,,,,,,,,,,,,,,,,,,,,,,,,,,,,,,,,,,,,,,,,,,,,,,,,,,,,,,,,,,,,,,,,,,,,,,,,,,,,,,,,,,,,,,,,23131500,,,,,,,,,,,,,,,,,,,,,,,,,,,,,,,,,,,,,,,,,,,
,,,,,,,Tools,Power Tool Accessories,Sanding Sponges,,DFBLBLOMFN01G,DFBLBLOMFN01G Diablo 220 Grit - Flat Edge Sanding Sponge,-- Unbranded --,-- No Unilog Brand --,-- No DIB Brand --,Freud Inc (2435),"Freud America, Inc.",Diablo®,,DFBLBLOMFN01G,,Tools & Equipment>Abrasives>Sanding Sponges,"Freud America, Inc. Diablo, Sanding Sponge, DFBLBLOMFN01G, 220",SANDING SPONGE 220,"Diablo® DFBLBLOMFN01G Sanding Sponge, 220","Diablo® Sanding Sponge, 220","Sanding Sponge, 220",,,,,,,,,,,,,,,,,,,,,,,,,,,Sanding Sponge,Grit,220,,,,,,,,,,,,,,,,,,,,,,,,,,,,,,,,,,,,,,,,,,,,,,,,,,,,,,,,,,,,,,,,,,,,,,,,,,,,,,,,,,,,,,,,,,,,,,,,,,,,,,,,,,,,,,,,,,,,,,,,,,,,,,,,,,,,,,,,,,,,,,,,,,,,,,,,31191500,,,,,,,,,,,,,,,,,,,,,,,,,,,,,,,,,,,,,,,,,,,
,,,,,,,Building Materials,Sealants,Sealant Tape,,1700-1PK-BB40,3/4x60' Vinyl Elect Tape,-- Unbranded --,-- No Unilog Brand --,3M,3 M Co (5293),3M Company,3M™,,1700-1PK-BB40,,Building Materials>Sealants & Adhesives>Sealant Tape,"3M Company 3M, Tape, 1700-1PK-BB40, 3/4 in x 60 ft, Electric",TAPE 3/4IN X 60FT ELECTRIC,"3M™ 1700-1PK-BB40 Tape, 3/4 in x 60 ft, Electric","3M™ Tape, 3/4 in x 60 ft, Electric","Tape, 3/4 in x 60 ft, Electric",,,,,,,,,,,,,,,,,,,,,,,,,,,Tape,Size,3/4 in x 60 ft,,Size,,,Fuel Type,Electric,,,,,,,,,,,,,,,,,,,,,,,,,,,,,,,,,,,,,,,,,,,,,,,,,,,,,,,,,,,,,,,,,,,,,,,,,,,,,,,,,,,,,,,,,,,,,,,,,,,,,,,,,,,,,,,,,,,,,,,,,,,,,,,,,,,,,,,,,,,,,,,,,,31201500,,,,,,,,,,,,,,,,,,,,,,,,,,,,,,,,,,,,,,,,,,,
,,,,,,,Building Materials,Sealants,Sealant Tape,,ASH-40-40-04,1.5x1.5x13' Legacy Emseal Tape,-- Unbranded --,-- No Unilog Brand --,-- No DIB Brand --,Emseal Joint Systems Ltd (EMSJO),Sika Corporation,EMSEAL®,,ASH-40-40-04,,Building Materials>Sealants & Adhesives>Sealant Tape,"Sika Corporation EMSEAL, Tape, ASH-40-40-04, 1-1/2 in x 1-1/2 in x 13 ft",TAPE 1-1/2IN X 1-1/2IN X 13FT,"EMSEAL® ASH-40-40-04 Tape, 1-1/2 in x 1-1/2 in x 13 ft","EMSEAL® Tape, 1-1/2 in x 1-1/2 in x 13 ft","Tape, 1-1/2 in x 1-1/2 in x 13 ft",,,,,,,,,,,,,,,,,,,,,,,,,,,Tape,Size,1-1/2 in x 1-1/2 in x 13 ft,,Size,,,Fuel Type,,,,,,,,,,,,,,,,,,,,,,,,,,,,,,,,,,,,,,,,,,,,,,,,,,,,,,,,,,,,,,,,,,,,,,,,,,,,,,,,,,,,,,,,,,,,,,,,,,,,,,,,,,,,,,,,,,,,,,,,,,,,,,,,,,,,,,,,,,,,,,,,,,,31201500,,,,,,,,,,,,,,,,,,,,,,,,,,,,,,,,,,,,,,,,,,,
,,,,,,,Appliances,Large Appliances,Dishwashers,,KDFM404KPS,KDFM404KPS Dishwasher SS,-- Unbranded --,-- No Unilog Brand --,-- No DIB Brand --,Appliance Dealers Cooperative (APPDE),Whirlpool Corporation,KitchenAid®,,KDFM404KPS,,Appliances & Consumer Electronics>Kitchen Appliances>Built-In Dishwashers,"Whirlpool Corporation KitchenAid, Dishwasher, KDFM404KPS, Stainless Steel",DISHWASHER SST,"KitchenAid® KDFM404KPS Dishwasher, Stainless Steel","KitchenAid® Dishwasher, Stainless Steel","Dishwasher, Stainless Steel",,,,,,,,,,,,,,,,,,,,,,,,,,,Dishwasher,Series,,,Model,,,Number of Wash Cycles,,,Voltage Rating,,,Amperage Rating,,,Mounting Type,,,Plug Type,,,Size,,,Depth With Door Open,,,Minimum Height,,,Maximum Height,,,Sound Level,,,Material,Stainless Steel,,Color,Stainless Steel,,Additional Information,,,,,,,,,,,,,,,,,,,,,,,,,,,,,,,,,,,,,,,,,,,,,,,,,,,,,,,,,,,,,,,,,,,,,,,,,,,,,,,,,,,,,,,,,,,,,,,,,,,,,,,,,,,,,,,52141500,,,,,,,,,,,,,,,,,,,,,,,,,,,,,,,,,,,,,,,,,,,
,,,,,,,Appliances,Large Appliances,Dishwashers,,PDSH4816AF,PDSH4816AF Dishwasher SS - Display Only,-- Unbranded --,-- No Unilog Brand --,-- No DIB Brand --,Appliance Dealers Cooperative (APPDE),Electrolux Home Products,FRIGIDAIRE®,,PDSH4816AF,,Appliances & Consumer Electronics>Kitchen Appliances>Built-In Dishwashers,"Electrolux Home Products FRIGIDAIRE, Dishwasher, PDSH4816AF, Stainless Steel",DISHWASHER SST,"FRIGIDAIRE® PDSH4816AF Dishwasher, Stainless Steel","FRIGIDAIRE® Dishwasher, Stainless Steel","Dishwasher, Stainless Steel",,,,,,,,,,,,,,,,,,,,,,,,,,,Dishwasher,Series,,,Model,,,Number of Wash Cycles,,,Voltage Rating,,,Amperage Rating,,,Mounting Type,,,Plug Type,,,Size,,,Depth With Door Open,,,Minimum Height,,,Maximum Height,,,Sound Level,,,Material,Stainless Steel,,Color,Stainless Steel,,Additional Information,,,Display Only,Yes,,,,,,,,,,,,,,,,,,,,,,,,,,,,,,,,,,,,,,,,,,,,,,,,,,,,,,,,,,,,,,,,,,,,,,,,,,,,,,,,,,,,,,,,,,,,,,,,,,,,,,,,,,,52141500,,,,,,,,,,,,,,,,,,,,,,,,,,,,,,,,,,,,,,,,,,,
,,,,,,,Appliances,Large Appliances,Dishwashers,,PDT715SYVFS,PDT715SYVFS Ge Dishwasher SS,-- Unbranded --,-- No Unilog Brand --,-- No DIB Brand --,Appliance Dealers Cooperative (APPDE),GE Appliances,GE®,,PDT715SYVFS,,Appliances & Consumer Electronics>Kitchen Appliances>Built-In Dishwashers,"GE Appliances GE, Dishwasher, PDT715SYVFS, Stainless Steel",DISHWASHER SST,"GE® PDT715SYVFS Dishwasher, Stainless Steel","GE® Dishwasher, Stainless Steel","Dishwasher, Stainless Steel",,,,,,,,,,,,,,,,,,,,,,,,,,,Dishwasher,Series,,,Model,,,Number of Wash Cycles,,,Voltage Rating,,,Amperage Rating,,,Mounting Type,,,Plug Type,,,Size,,,Depth With Door Open,,,Minimum Height,,,Maximum Height,,,Sound Level,,,Material,Stainless Steel,,Color,Stainless Steel,,Additional Information,,,,,,,,,,,,,,,,,,,,,,,,,,,,,,,,,,,,,,,,,,,,,,,,,,,,,,,,,,,,,,,,,,,,,,,,,,,,,,,,,,,,,,,,,,,,,,,,,,,,,,,,,,,,,,,52141500,,,,,,,,,,,,,,,,,,,,,,,,,,,,,,,,,,,,,,,,,,,
,,,,,,,Appliances,Large Appliances,Dishwashers,,LDPH5554D,LDPH5554D LG Dishwasher BSS,-- Unbranded --,-- No Unilog Brand --,-- No DIB Brand --,Appliance Dealers Cooperative (APPDE),LG Electronics,LG®,,LDPH5554D,,Appliances & Consumer Electronics>Kitchen Appliances>Built-In Dishwashers,"LG Electronics LG, Dishwasher, LDPH5554D, Black Stainless Steel",DISHWASHER BSS,"LG® LDPH5554D Dishwasher, Black Stainless Steel","LG® Dishwasher, Black Stainless Steel","Dishwasher, Black Stainless Steel",,,,,,,,,,,,,,,,,,,,,,,,,,,Dishwasher,Series,,,Model,,,Number of Wash Cycles,,,Voltage Rating,,,Amperage Rating,,,Mounting Type,,,Plug Type,,,Size,,,Depth With Door Open,,,Minimum Height,,,Maximum Height,,,Sound Level,,,Material,Black Stainless Steel,,Color,Black Stainless Steel,,Additional Information,,,,,,,,,,,,,,,,,,,,,,,,,,,,,,,,,,,,,,,,,,,,,,,,,,,,,,,,,,,,,,,,,,,,,,,,,,,,,,,,,,,,,,,,,,,,,,,,,,,,,,,,,,,,,,,52141500,,,,,,,,,,,,,,,,,,,,,,,,,,,,,,,,,,,,,,,,,,,
,,,,,,,Appliances,Large Appliances,Dishwashers,,WDTS7024RZ,WDTS7024RZ Dishwasher SS - Display Only,-- Unbranded --,-- No Unilog Brand --,-- No DIB Brand --,Appliance Dealers Cooperative (APPDE),Whirlpool Corporation,Whirlpool®,,WDTS7024RZ,,Appliances & Consumer Electronics>Kitchen Appliances>Built-In Dishwashers,"Whirlpool Corporation Whirlpool, Dishwasher, WDTS7024RZ, Stainless Steel",DISHWASHER SST,"Whirlpool® WDTS7024RZ Dishwasher, Stainless Steel","Whirlpool® Dishwasher, Stainless Steel","Dishwasher, Stainless Steel",,,,,,,,,,,,,,,,,,,,,,,,,,,Dishwasher,Series,,,Model,,,Number of Wash Cycles,,,Voltage Rating,,,Amperage Rating,,,Mounting Type,,,Plug Type,,,Size,,,Depth With Door Open,,,Minimum Height,,,Maximum Height,,,Sound Level,,,Material,Stainless Steel,,Color,Stainless Steel,,Additional Information,,,Display Only,Yes,,,,,,,,,,,,,,,,,,,,,,,,,,,,,,,,,,,,,,,,,,,,,,,,,,,,,,,,,,,,,,,,,,,,,,,,,,,,,,,,,,,,,,,,,,,,,,,,,,,,,,,,,,,52141500,,,,,,,,,,,,,,,,,,,,,,,,,,,,,,,,,,,,,,,,,,,
,,,,,,,Appliances,Large Appliances,Dishwashers,,PDD415PYYFS,PDD415PYYFS GE Dishwasher SS,-- Unbranded --,-- No Unilog Brand --,-- No DIB Brand --,Appliance Dealers Cooperative (APPDE),GE Appliances,GE®,,PDD415PYYFS,,Appliances & Consumer Electronics>Kitchen Appliances>Built-In Dishwashers,"GE Appliances GE, Dishwasher, PDD415PYYFS, Stainless Steel",DISHWASHER SST,"GE® PDD415PYYFS Dishwasher, Stainless Steel","GE® Dishwasher, Stainless Steel","Dishwasher, Stainless Steel",,,,,,,,,,,,,,,,,,,,,,,,,,,Dishwasher,Series,,,Model,,,Number of Wash Cycles,,,Voltage Rating,,,Amperage Rating,,,Mounting Type,,,Plug Type,,,Size,,,Depth With Door Open,,,Minimum Height,,,Maximum Height,,,Sound Level,,,Material,Stainless Steel,,Color,Stainless Steel,,Additional Information,,,,,,,,,,,,,,,,,,,,,,,,,,,,,,,,,,,,,,,,,,,,,,,,,,,,,,,,,,,,,,,,,,,,,,,,,,,,,,,,,,,,,,,,,,,,,,,,,,,,,,,,,,,,,,,52141500,,,,,,,,,,,,,,,,,,,,,,,,,,,,,,,,,,,,,,,,,,,
,,,,,,,Appliances,Large Appliances,Dishwashers,,KDTS424SBE,KDTS424SBE Kitchen Aid Dishwasher Bk,-- Unbranded --,-- No Unilog Brand --,-- No DIB Brand --,Appliance Dealers Cooperative (APPDE),Whirlpool Corporation,KitchenAid®,,KDTS424SBE,,Appliances & Consumer Electronics>Kitchen Appliances>Built-In Dishwashers,"Whirlpool Corporation KitchenAid, Dishwasher, KDTS424SBE, Black",DISHWASHER BK,"KitchenAid® KDTS424SBE Dishwasher, Black","KitchenAid® Dishwasher, Black","Dishwasher, Black",,,,,,,,,,,,,,,,,,,,,,,,,,,Dishwasher,Series,,,Model,,,Number of Wash Cycles,,,Voltage Rating,,,Amperage Rating,,,Mounting Type,,,Plug Type,,,Size,,,Depth With Door Open,,,Minimum Height,,,Maximum Height,,,Sound Level,,,Material,Black,,Color,Black,,Additional Information,,,,,,,,,,,,,,,,,,,,,,,,,,,,,,,,,,,,,,,,,,,,,,,,,,,,,,,,,,,,,,,,,,,,,,,,,,,,,,,,,,,,,,,,,,,,,,,,,,,,,,,,,,,,,,,52141500,,,,,,,,,,,,,,,,,,,,,,,,,,,,,,,,,,,,,,,,,,,
,,,,,,,Appliances,Large Appliances,Dishwashers,,KDTS324SPS,KDTS324SPS Kitchen Aid Dishwasher SS,-- Unbranded --,-- No Unilog Brand --,-- No DIB Brand --,Appliance Dealers Cooperative (APPDE),Whirlpool Corporation,KitchenAid®,,KDTS324SPS,,Appliances & Consumer Electronics>Kitchen Appliances>Built-In Dishwashers,"Whirlpool Corporation KitchenAid, Dishwasher, KDTS324SPS, Stainless Steel",DISHWASHER SST,"KitchenAid® KDTS324SPS Dishwasher, Stainless Steel","KitchenAid® Dishwasher, Stainless Steel","Dishwasher, Stainless Steel",,,,,,,,,,,,,,,,,,,,,,,,,,,Dishwasher,Series,,,Model,,,Number of Wash Cycles,,,Voltage Rating,,,Amperage Rating,,,Mounting Type,,,Plug Type,,,Size,,,Depth With Door Open,,,Minimum Height,,,Maximum Height,,,Sound Level,,,Material,Stainless Steel,,Color,Stainless Steel,,Additional Information,,,,,,,,,,,,,,,,,,,,,,,,,,,,,,,,,,,,,,,,,,,,,,,,,,,,,,,,,,,,,,,,,,,,,,,,,,,,,,,,,,,,,,,,,,,,,,,,,,,,,,,,,,,,,,,52141500,,,,,,,,,,,,,,,,,,,,,,,,,,,,,,,,,,,,,,,,,,,
,,,,,,,Appliances,Large Appliances,Dishwashers,,KDPS624SJP,KDPS624SJP Dishwasher Juniper - Display Only,-- Unbranded --,-- No Unilog Brand --,-- No DIB Brand --,Appliance Dealers Cooperative (APPDE),Whirlpool Corporation,KitchenAid®,,KDPS624SJP,,Appliances & Consumer Electronics>Kitchen Appliances>Built-In Dishwashers,"Whirlpool Corporation KitchenAid, Dishwasher, KDPS624SJP",DISHWASHER KDPS624SJP,KitchenAid® KDPS624SJP Dishwasher,KitchenAid® Dishwasher,Dishwasher,,,,,,,,,,,,,,,,,,,,,,,,,,,Dishwasher,Series,,,Model,,,Number of Wash Cycles,,,Voltage Rating,,,Amperage Rating,,,Mounting Type,,,Plug Type,,,Size,,,Depth With Door Open,,,Minimum Height,,,Maximum Height,,,Sound Level,,,Material,,,Color,,,Additional Information,,,Display Only,Yes,,,,,,,,,,,,,,,,,,,,,,,,,,,,,,,,,,,,,,,,,,,,,,,,,,,,,,,,,,,,,,,,,,,,,,,,,,,,,,,,,,,,,,,,,,,,,,,,,,,,,,,,,,,52141500,,,,,,,,,,,,,,,,,,,,,,,,,,,,,,,,,,,,,,,,,,,
,,,,,,,Appliances,Large Appliances,Dishwashers,,KDTS624SBE,KDTS624SBE Dishwasher BO Display Only,-- Unbranded --,-- No Unilog Brand --,-- No DIB Brand --,Appliance Dealers Cooperative (APPDE),Whirlpool Corporation,KitchenAid®,,KDTS624SBE,,Appliances & Consumer Electronics>Kitchen Appliances>Built-In Dishwashers,"Whirlpool Corporation KitchenAid, Dishwasher, KDTS624SBE, Black",DISHWASHER BK,"KitchenAid® KDTS624SBE Dishwasher, Black","KitchenAid® Dishwasher, Black","Dishwasher, Black",,,,,,,,,,,,,,,,,,,,,,,,,,,Dishwasher,Series,,,Model,,,Number of Wash Cycles,,,Voltage Rating,,,Amperage Rating,,,Mounting Type,,,Plug Type,,,Size,,,Depth With Door Open,,,Minimum Height,,,Maximum Height,,,Sound Level,,,Material,Black,,Color,Black,,Additional Information,,,Display Only,Yes,,,,,,,,,,,,,,,,,,,,,,,,,,,,,,,,,,,,,,,,,,,,,,,,,,,,,,,,,,,,,,,,,,,,,,,,,,,,,,,,,,,,,,,,,,,,,,,,,,,,,,,,,,,52141500,,,,,,,,,,,,,,,,,,,,,,,,,,,,,,,,,,,,,,,,,,,
,,,,,,,,,,,D519127,D519127 Heater Kit,-- Unbranded --,-- No Unilog Brand --,-- No DIB Brand --,V & V Appliance Parts Inc (VVAPP),,,,D519127,,,"Heater, D519127, Kit",HEATER KIT D519127,"D519127 Heater, Kit","Heater, Kit","Heater, Kit",,,,,,,,,,,,,,,,,,,,,,,,,,,Heater,Wattage,,,Color Temperature,,,Bulb Shape,,,Base Type,,,Pack Quantity,,,Configuration,Kit,,,,,,,,,,,,,,,,,,,,,,,,,,,,,,,,,,,,,,,,,,,,,,,,,,,,,,,,,,,,,,,,,,,,,,,,,,,,,,,,,,,,,,,,,,,,,,,,,,,,,,,,,,,,,,,,,,,,,,,,,,,,,,,,,,,,,,,,,,,,,,,,,,,,,,,,,,,,,,,,,,,,,,,,,,,,,,,,,,,,
,,,,,,,Appliances,Large Appliances,Dryers,,DF7004WE,DF7004WE Speed Queen Elect Dryer Wh,-- Unbranded --,-- No Unilog Brand --,-- No DIB Brand --,Appliance Dealers Cooperative (APPDE),Alliance Laundry Systems,Speed Queen®,,DF7004WE,,Appliances & Consumer Electronics>Laundry Appliances>Dryers,"Alliance Laundry Systems Speed Queen, Dryer, DF7004WE, Electric",DRYER WH ELECTRIC,"Speed Queen® DF7004WE Dryer, White, Electric","Speed Queen® Dryer, White, Electric","Dryer, White, Electric",,,,,,,,,,,,,,,,,,,,,,,,,,,Dryer,Color,White,,Fuel Type,Electric,,,,,,,,,,,,,,,,,,,,,,,,,,,,,,,,,,,,,,,,,,,,,,,,,,,,,,,,,,,,,,,,,,,,,,,,,,,,,,,,,,,,,,,,,,,,,,,,,,,,,,,,,,,,,,,,,,,,,,,,,,,,,,,,,,,,,,,,,,,,,,,,,,,,,52141602,,,,,,,,,,,,,,,,,,,,,,,,,,,,,,,,,,,,,,,,,,,
,,,,,,,Appliances,Large Appliances,Dryers,,DR7004BE,DR7004BE SQ Elect Dryer Bk,-- Unbranded --,-- No Unilog Brand --,-- No DIB Brand --,Appliance Dealers Cooperative (APPDE),Alliance Laundry Systems,Speed Queen®,,DR7004BE,,Appliances & Consumer Electronics>Laundry Appliances>Dryers,"Alliance Laundry Systems Speed Queen, Dryer, DR7004BE, Electric",DRYER BK ELECTRIC,"Speed Queen® DR7004BE Dryer, Black, Electric","Speed Queen® Dryer, Black, Electric","Dryer, Black, Electric",,,,,,,,,,,,,,,,,,,,,,,,,,,Dryer,Color,Black,,Fuel Type,Electric,,,,,,,,,,,,,,,,,,,,,,,,,,,,,,,,,,,,,,,,,,,,,,,,,,,,,,,,,,,,,,,,,,,,,,,,,,,,,,,,,,,,,,,,,,,,,,,,,,,,,,,,,,,,,,,,,,,,,,,,,,,,,,,,,,,,,,,,,,,,,,,,,,,,,52141602,,,,,,,,,,,,,,,,,,,,,,,,,,,,,,,,,,,,,,,,,,,
,,,,,,,Appliances,Large Appliances,Dryers,,DV2000WE,DV2000WE SQ Elect Dryer Wh,-- Unbranded --,-- No Unilog Brand --,-- No DIB Brand --,Appliance Dealers Cooperative (APPDE),Alliance Laundry Systems,Speed Queen®,,DV2000WE,,Appliances & Consumer Electronics>Laundry Appliances>Dryers,"Alliance Laundry Systems Speed Queen, Dryer, DV2000WE, Electric",DRYER WH ELECTRIC,"Speed Queen® DV2000WE Dryer, White, Electric","Speed Queen® Dryer, White, Electric","Dryer, White, Electric",,,,,,,,,,,,,,,,,,,,,,,,,,,Dryer,Color,White,,Fuel Type,Electric,,,,,,,,,,,,,,,,,,,,,,,,,,,,,,,,,,,,,,,,,,,,,,,,,,,,,,,,,,,,,,,,,,,,,,,,,,,,,,,,,,,,,,,,,,,,,,,,,,,,,,,,,,,,,,,,,,,,,,,,,,,,,,,,,,,,,,,,,,,,,,,,,,,,,52141602,,,,,,,,,,,,,,,,,,,,,,,,,,,,,,,,,,,,,,,,,,,
,,,,,,,Appliances,Large Appliances,Dryers,,DC5004WE,DC5004WE SQ Elect Dryer Wh,-- Unbranded --,-- No Unilog Brand --,-- No DIB Brand --,Appliance Dealers Cooperative (APPDE),Alliance Laundry Systems,Speed Queen®,,DC5004WE,,Appliances & Consumer Electronics>Laundry Appliances>Dryers,"Alliance Laundry Systems Speed Queen, Dryer, DC5004WE, Electric",DRYER WH ELECTRIC,"Speed Queen® DC5004WE Dryer, White, Electric","Speed Queen® Dryer, White, Electric","Dryer, White, Electric",,,,,,,,,,,,,,,,,,,,,,,,,,,Dryer,Color,White,,Fuel Type,Electric,,,,,,,,,,,,,,,,,,,,,,,,,,,,,,,,,,,,,,,,,,,,,,,,,,,,,,,,,,,,,,,,,,,,,,,,,,,,,,,,,,,,,,,,,,,,,,,,,,,,,,,,,,,,,,,,,,,,,,,,,,,,,,,,,,,,,,,,,,,,,,,,,,,,,52141602,,,,,,,,,,,,,,,,,,,,,,,,,,,,,,,,,,,,,,,,,,,
,,,,,,,Appliances,Large Appliances,Dryers,,DC5004BE,DC5004BE SQ Elect Dryer Bk,-- Unbranded --,-- No Unilog Brand --,-- No DIB Brand --,Appliance Dealers Cooperative (APPDE),Alliance Laundry Systems,Speed Queen®,,DC5004BE,,Appliances & Consumer Electronics>Laundry Appliances>Dryers,"Alliance Laundry Systems Speed Queen, Dryer, DC5004BE, Electric",DRYER BK ELECTRIC,"Speed Queen® DC5004BE Dryer, Black, Electric","Speed Queen® Dryer, Black, Electric","Dryer, Black, Electric",,,,,,,,,,,,,,,,,,,,,,,,,,,Dryer,Color,Black,,Fuel Type,Electric,,,,,,,,,,,,,,,,,,,,,,,,,,,,,,,,,,,,,,,,,,,,,,,,,,,,,,,,,,,,,,,,,,,,,,,,,,,,,,,,,,,,,,,,,,,,,,,,,,,,,,,,,,,,,,,,,,,,,,,,,,,,,,,,,,,,,,,,,,,,,,,,,,,,,52141602,,,,,,,,,,,,,,,,,,,,,,,,,,,,,,,,,,,,,,,,,,,
,,,,,,,,,,,WKE100HWA,WKE100HWA LG Laundry Center Wh - Display,-- Unbranded --,-- No Unilog Brand --,-- No DIB Brand --,Appliance Dealers Cooperative (APPDE),LG Electronics,LG®,,WKE100HWA,,,"LG Electronics LG, Center, WKE100HWA, White",CENTER WH WKE100HWA,"LG® WKE100HWA Center, White","LG® Center, White","Center, White",,,,,,,,,,,,,,,,,,,,,,,,,,,Center,Wattage,,,Color Temperature,,,Bulb Shape,,,Base Type,,,Pack Quantity,,,Color,White,,,,,,,,,,,,,,,,,,,,,,,,,,,,,,,,,,,,,,,,,,,,,,,,,,,,,,,,,,,,,,,,,,,,,,,,,,,,,,,,,,,,,,,,,,,,,,,,,,,,,,,,,,,,,,,,,,,,,,,,,,,,,,,,,,,,,,,,,,,,,,,,,,,,,,,,,,,,,,,,,,,,,,,,,,,,,,,,,,,,
,,,,,,,Appliances,Large Appliances,Washers,,FF7011WN,FF7011WN Speed Queen Washer Wh,-- Unbranded --,-- No Unilog Brand --,-- No DIB Brand --,Appliance Dealers Cooperative (APPDE),Alliance Laundry Systems,Speed Queen®,,FF7011WN,,Appliances & Consumer Electronics>Laundry Appliances>Washers,"Alliance Laundry Systems Speed Queen, Washer, FF7011WN, White",WASHER WH FF7011WN,"Speed Queen® FF7011WN Washer, White","Speed Queen® Washer, White","Washer, White",,,,,,,,,,,,,,,,,,,,,,,,,,,Washer,Color,White,,,,,,,,,,,,,,,,,,,,,,,,,,,,,,,,,,,,,,,,,,,,,,,,,,,,,,,,,,,,,,,,,,,,,,,,,,,,,,,,,,,,,,,,,,,,,,,,,,,,,,,,,,,,,,,,,,,,,,,,,,,,,,,,,,,,,,,,,,,,,,,,,,,,,,,,52141601,,,,,,,,,,,,,,,,,,,,,,,,,,,,,,,,,,,,,,,,,,,
,,,,,,,Appliances,Large Appliances,Dryers,,PTD70GBPTDG,PTD70GBPTDG GE Gas Dryer DG,-- Unbranded --,-- No Unilog Brand --,-- No DIB Brand --,Appliance Dealers Cooperative (APPDE),GE Appliances,GE®,,PTD70GBPTDG,,Appliances & Consumer Electronics>Laundry Appliances>Dryers,"GE Appliances GE, Dryer, PTD70GBPTDG, Gas",DRYER GAS PTD70GBPTDG,"GE® PTD70GBPTDG Dryer, Gas","GE® Dryer, Gas","Dryer, Gas",,,,,,,,,,,,,,,,,,,,,,,,,,,Dryer,Color,,,Fuel Type,Gas,,,,,,,,,,,,,,,,,,,,,,,,,,,,,,,,,,,,,,,,,,,,,,,,,,,,,,,,,,,,,,,,,,,,,,,,,,,,,,,,,,,,,,,,,,,,,,,,,,,,,,,,,,,,,,,,,,,,,,,,,,,,,,,,,,,,,,,,,,,,,,,,,,,,,52141602,,,,,,,,,,,,,,,,,,,,,,,,,,,,,,,,,,,,,,,,,,,
,,,,,,,Appliances,Large Appliances,Dryers,,PTD70GBSTWS,PTD70GBSTWS GE Gas Dryer Wh,-- Unbranded --,-- No Unilog Brand --,-- No DIB Brand --,Appliance Dealers Cooperative (APPDE),GE Appliances,GE®,,PTD70GBSTWS,,Appliances & Consumer Electronics>Laundry Appliances>Dryers,"GE Appliances GE, Dryer, PTD70GBSTWS, Gas, White",DRYER WH GAS PTD70GBSTWS,"GE® PTD70GBSTWS Dryer, White, Gas","GE® Dryer, White, Gas","Dryer, White, Gas",,,,,,,,,,,,,,,,,,,,,,,,,,,Dryer,Color,White,,Fuel Type,Gas,,,,,,,,,,,,,,,,,,,,,,,,,,,,,,,,,,,,,,,,,,,,,,,,,,,,,,,,,,,,,,,,,,,,,,,,,,,,,,,,,,,,,,,,,,,,,,,,,,,,,,,,,,,,,,,,,,,,,,,,,,,,,,,,,,,,,,,,,,,,,,,,,,,,,52141602,,,,,,,,,,,,,,,,,,,,,,,,,,,,,,,,,,,,,,,,,,,
,,,,,,,Appliances,Large Appliances,Dryers,,DR5004WG,DR5004WG SQ Gas Dryer Wh,-- Unbranded --,-- No Unilog Brand --,-- No DIB Brand --,Appliance Dealers Cooperative (APPDE),Alliance Laundry Systems,Speed Queen®,,DR5004WG,,Appliances & Consumer Electronics>Laundry Appliances>Dryers,"Alliance Laundry Systems Speed Queen, Dryer, DR5004WG, Gas, White",DRYER WH GAS DR5004WG,"Speed Queen® DR5004WG Dryer, White, Gas","Speed Queen® Dryer, White, Gas","Dryer, White, Gas",,,,,,,,,,,,,,,,,,,,,,,,,,,Dryer,Color,White,,Fuel Type,Gas,,,,,,,,,,,,,,,,,,,,,,,,,,,,,,,,,,,,,,,,,,,,,,,,,,,,,,,,,,,,,,,,,,,,,,,,,,,,,,,,,,,,,,,,,,,,,,,,,,,,,,,,,,,,,,,,,,,,,,,,,,,,,,,,,,,,,,,,,,,,,,,,,,,,,52141602,,,,,,,,,,,,,,,,,,,,,,,,,,,,,,,,,,,,,,,,,,,
,,,,,,,Appliances,Large Appliances,Dryers,,DR7004BG,DR7004BG SQ Gas Dryer Bk,-- Unbranded --,-- No Unilog Brand --,-- No DIB Brand --,Appliance Dealers Cooperative (APPDE),Alliance Laundry Systems,Speed Queen®,,DR7004BG,,Appliances & Consumer Electronics>Laundry Appliances>Dryers,"Alliance Laundry Systems Speed Queen, Dryer, DR7004BG, Gas, Black",DRYER BK GAS DR7004BG,"Speed Queen® DR7004BG Dryer, Black, Gas","Speed Queen® Dryer, Black, Gas","Dryer, Black, Gas",,,,,,,,,,,,,,,,,,,,,,,,,,,Dryer,Color,Black,,Fuel Type,Gas,,,,,,,,,,,,,,,,,,,,,,,,,,,,,,,,,,,,,,,,,,,,,,,,,,,,,,,,,,,,,,,,,,,,,,,,,,,,,,,,,,,,,,,,,,,,,,,,,,,,,,,,,,,,,,,,,,,,,,,,,,,,,,,,,,,,,,,,,,,,,,,,,,,,,52141602,,,,,,,,,,,,,,,,,,,,,,,,,,,,,,,,,,,,,,,,,,,
,,,,,,,Appliances,Large Appliances,Dryers,,DR7004WG,DR7004WG SQ Gas Dryer Wh,-- Unbranded --,-- No Unilog Brand --,-- No DIB Brand --,Appliance Dealers Cooperative (APPDE),Alliance Laundry Systems,Speed Queen®,,DR7004WG,,Appliances & Consumer Electronics>Laundry Appliances>Dryers,"Alliance Laundry Systems Speed Queen, Dryer, DR7004WG, Gas, White",DRYER WH GAS DR7004WG,"Speed Queen® DR7004WG Dryer, White, Gas","Speed Queen® Dryer, White, Gas","Dryer, White, Gas",,,,,,,,,,,,,,,,,,,,,,,,,,,Dryer,Color,White,,Fuel Type,Gas,,,,,,,,,,,,,,,,,,,,,,,,,,,,,,,,,,,,,,,,,,,,,,,,,,,,,,,,,,,,,,,,,,,,,,,,,,,,,,,,,,,,,,,,,,,,,,,,,,,,,,,,,,,,,,,,,,,,,,,,,,,,,,,,,,,,,,,,,,,,,,,,,,,,,52141602,,,,,,,,,,,,,,,,,,,,,,,,,,,,,,,,,,,,,,,,,,,
,,,,,,,Appliances,Large Appliances,Dryers,,DV2000WG,DV2000WG SQ Gas Dryer Wh,-- Unbranded --,-- No Unilog Brand --,-- No DIB Brand --,Appliance Dealers Cooperative (APPDE),Alliance Laundry Systems,Speed Queen®,,DV2000WG,,Appliances & Consumer Electronics>Laundry Appliances>Dryers,"Alliance Laundry Systems Speed Queen, Dryer, DV2000WG, Gas, White",DRYER WH GAS DV2000WG,"Speed Queen® DV2000WG Dryer, White, Gas","Speed Queen® Dryer, White, Gas","Dryer, White, Gas",,,,,,,,,,,,,,,,,,,,,,,,,,,Dryer,Color,White,,Fuel Type,Gas,,,,,,,,,,,,,,,,,,,,,,,,,,,,,,,,,,,,,,,,,,,,,,,,,,,,,,,,,,,,,,,,,,,,,,,,,,,,,,,,,,,,,,,,,,,,,,,,,,,,,,,,,,,,,,,,,,,,,,,,,,,,,,,,,,,,,,,,,,,,,,,,,,,,,52141602,,,,,,,,,,,,,,,,,,,,,,,,,,,,,,,,,,,,,,,,,,,
,,,,,,,Appliances,Large Appliances,Dryers,,DC5004WG,DC5004WG SQ Gas Dryer Wh,-- Unbranded --,-- No Unilog Brand --,-- No DIB Brand --,Appliance Dealers Cooperative (APPDE),Alliance Laundry Systems,Speed Queen®,,DC5004WG,,Appliances & Consumer Electronics>Laundry Appliances>Dryers,"Alliance Laundry Systems Speed Queen, Dryer, DC5004WG, Gas, White",DRYER WH GAS DC5004WG,"Speed Queen® DC5004WG Dryer, White, Gas","Speed Queen® Dryer, White, Gas","Dryer, White, Gas",,,,,,,,,,,,,,,,,,,,,,,,,,,Dryer,Color,White,,Fuel Type,Gas,,,,,,,,,,,,,,,,,,,,,,,,,,,,,,,,,,,,,,,,,,,,,,,,,,,,,,,,,,,,,,,,,,,,,,,,,,,,,,,,,,,,,,,,,,,,,,,,,,,,,,,,,,,,,,,,,,,,,,,,,,,,,,,,,,,,,,,,,,,,,,,,,,,,,52141602,,,,,,,,,,,,,,,,,,,,,,,,,,,,,,,,,,,,,,,,,,,
,,,,,,,Appliances,Large Appliances,Dryers,,DC5004BG,DC5004BG SQ Gas Dryer Bk,-- Unbranded --,-- No Unilog Brand --,-- No DIB Brand --,Appliance Dealers Cooperative (APPDE),Alliance Laundry Systems,Speed Queen®,,DC5004BG,,Appliances & Consumer Electronics>Laundry Appliances>Dryers,"Alliance Laundry Systems Speed Queen, Dryer, DC5004BG, Gas, Black",DRYER BK GAS DC5004BG,"Speed Queen® DC5004BG Dryer, Black, Gas","Speed Queen® Dryer, Black, Gas","Dryer, Black, Gas",,,,,,,,,,,,,,,,,,,,,,,,,,,Dryer,Color,Black,,Fuel Type,Gas,,,,,,,,,,,,,,,,,,,,,,,,,,,,,,,,,,,,,,,,,,,,,,,,,,,,,,,,,,,,,,,,,,,,,,,,,,,,,,,,,,,,,,,,,,,,,,,,,,,,,,,,,,,,,,,,,,,,,,,,,,,,,,,,,,,,,,,,,,,,,,,,,,,,,52141602,,,,,,,,,,,,,,,,,,,,,,,,,,,,,,,,,,,,,,,,,,,
,,,,,,,Appliances,Large Appliances,Washers,,PTW705BSTWS,PTW705BSTWS GE Washer Wh,-- Unbranded --,-- No Unilog Brand --,-- No DIB Brand --,Appliance Dealers Cooperative (APPDE),GE Appliances,GE®,,PTW705BSTWS,,Appliances & Consumer Electronics>Laundry Appliances>Washers,"GE Appliances GE, Washer, PTW705BSTWS, White",WASHER WH PTW705BSTWS,"GE® PTW705BSTWS Washer, White","GE® Washer, White","Washer, White",,,,,,,,,,,,,,,,,,,,,,,,,,,Washer,Color,White,,,,,,,,,,,,,,,,,,,,,,,,,,,,,,,,,,,,,,,,,,,,,,,,,,,,,,,,,,,,,,,,,,,,,,,,,,,,,,,,,,,,,,,,,,,,,,,,,,,,,,,,,,,,,,,,,,,,,,,,,,,,,,,,,,,,,,,,,,,,,,,,,,,,,,,,52141601,,,,,,,,,,,,,,,,,,,,,,,,,,,,,,,,,,,,,,,,,,,
,,,,,,,Appliances,Large Appliances,Washers,,MVWP586GW,MVWP586GW Washer Wh - Display,-- Unbranded --,-- No Unilog Brand --,-- No DIB Brand --,Appliance Dealers Cooperative (APPDE),Whirlpool Corporation,Maytag®,,MVWP586GW,,Appliances & Consumer Electronics>Laundry Appliances>Washers,"Whirlpool Corporation Maytag, Washer, MVWP586GW, White",WASHER WH MVWP586GW,"Maytag® MVWP586GW Washer, White","Maytag® Washer, White","Washer, White",,,,,,,,,,,,,,,,,,,,,,,,,,,Washer,Color,White,,,,,,,,,,,,,,,,,,,,,,,,,,,,,,,,,,,,,,,,,,,,,,,,,,,,,,,,,,,,,,,,,,,,,,,,,,,,,,,,,,,,,,,,,,,,,,,,,,,,,,,,,,,,,,,,,,,,,,,,,,,,,,,,,,,,,,,,,,,,,,,,,,,,,,,,52141601,,,,,,,,,,,,,,,,,,,,,,,,,,,,,,,,,,,,,,,,,,,
,,,,,,,Appliances,Large Appliances,Washers,,TV2000WN,TV2000WN SQ Elect Washer,-- Unbranded --,-- No Unilog Brand --,-- No DIB Brand --,Appliance Dealers Cooperative (APPDE),Alliance Laundry Systems,Speed Queen®,,TV2000WN,,Appliances & Consumer Electronics>Laundry Appliances>Washers,"Alliance Laundry Systems Speed Queen, Washer, TV2000WN, Electric",WASHER ELECTRIC,"Speed Queen® TV2000WN Washer, Electric","Speed Queen® Washer, Electric","Washer, Electric",,,,,,,,,,,,,,,,,,,,,,,,,,,Washer,Color,,,Fuel Type,Electric,,,,,,,,,,,,,,,,,,,,,,,,,,,,,,,,,,,,,,,,,,,,,,,,,,,,,,,,,,,,,,,,,,,,,,,,,,,,,,,,,,,,,,,,,,,,,,,,,,,,,,,,,,,,,,,,,,,,,,,,,,,,,,,,,,,,,,,,,,,,,,,,,,,,,52141601,,,,,,,,,,,,,,,,,,,,,,,,,,,,,,,,,,,,,,,,,,,
,,,,,,,Appliances,Large Appliances,Washers,,TC5003BN,TC5003BN SQ Washer Bk,-- Unbranded --,-- No Unilog Brand --,-- No DIB Brand --,Appliance Dealers Cooperative (APPDE),Alliance Laundry Systems,Speed Queen®,,TC5003BN,,Appliances & Consumer Electronics>Laundry Appliances>Washers,"Alliance Laundry Systems Speed Queen, Washer, TC5003BN, Black",WASHER BK TC5003BN,"Speed Queen® TC5003BN Washer, Black","Speed Queen® Washer, Black","Washer, Black",,,,,,,,,,,,,,,,,,,,,,,,,,,Washer,Color,Black,,,,,,,,,,,,,,,,,,,,,,,,,,,,,,,,,,,,,,,,,,,,,,,,,,,,,,,,,,,,,,,,,,,,,,,,,,,,,,,,,,,,,,,,,,,,,,,,,,,,,,,,,,,,,,,,,,,,,,,,,,,,,,,,,,,,,,,,,,,,,,,,,,,,,,,,52141601,,,,,,,,,,,,,,,,,,,,,,,,,,,,,,,,,,,,,,,,,,,
,,,,,,,Appliances,Large Appliances,Washers,,TR7006WN,TR7006WN Speed Queen Washer Wh,-- Unbranded --,-- No Unilog Brand --,-- No DIB Brand --,Appliance Dealers Cooperative (APPDE),Alliance Laundry Systems,Speed Queen®,,TR7006WN,,Appliances & Consumer Electronics>Laundry Appliances>Washers,"Alliance Laundry Systems Speed Queen, Washer, TR7006WN, White",WASHER WH TR7006WN,"Speed Queen® TR7006WN Washer, White","Speed Queen® Washer, White","Washer, White",,,,,,,,,,,,,,,,,,,,,,,,,,,Washer,Color,White,,,,,,,,,,,,,,,,,,,,,,,,,,,,,,,,,,,,,,,,,,,,,,,,,,,,,,,,,,,,,,,,,,,,,,,,,,,,,,,,,,,,,,,,,,,,,,,,,,,,,,,,,,,,,,,,,,,,,,,,,,,,,,,,,,,,,,,,,,,,,,,,,,,,,,,,52141601,,,,,,,,,,,,,,,,,,,,,,,,,,,,,,,,,,,,,,,,,,,
,,,,,,,Appliances,Large Appliances,Washers,,TR7006BN,TR7006BN Speed Queen Washer Bk,-- Unbranded --,-- No Unilog Brand --,-- No DIB Brand --,Appliance Dealers Cooperative (APPDE),Alliance Laundry Systems,Speed Queen®,,TR7006BN,,Appliances & Consumer Electronics>Laundry Appliances>Washers,"Alliance Laundry Systems Speed Queen, Washer, TR7006BN, Black",WASHER BK TR7006BN,"Speed Queen® TR7006BN Washer, Black","Speed Queen® Washer, Black","Washer, Black",,,,,,,,,,,,,,,,,,,,,,,,,,,Washer,Color,Black,,,,,,,,,,,,,,,,,,,,,,,,,,,,,,,,,,,,,,,,,,,,,,,,,,,,,,,,,,,,,,,,,,,,,,,,,,,,,,,,,,,,,,,,,,,,,,,,,,,,,,,,,,,,,,,,,,,,,,,,,,,,,,,,,,,,,,,,,,,,,,,,,,,,,,,,52141601,,,,,,,,,,,,,,,,,,,,,,,,,,,,,,,,,,,,,,,,,,,
,,,,,,,Appliances,Large Appliances,Washers,,TR5006WN,TR5006WN Speed Queen Washer Wh,-- Unbranded --,-- No Unilog Brand --,-- No DIB Brand --,Appliance Dealers Cooperative (APPDE),Alliance Laundry Systems,Speed Queen®,,TR5006WN,,Appliances & Consumer Electronics>Laundry Appliances>Washers,"Alliance Laundry Systems Speed Queen, Washer, TR5006WN, White",WASHER WH TR5006WN,"Speed Queen® TR5006WN Washer, White","Speed Queen® Washer, White","Washer, White",,,,,,,,,,,,,,,,,,,,,,,,,,,Washer,Color,White,,,,,,,,,,,,,,,,,,,,,,,,,,,,,,,,,,,,,,,,,,,,,,,,,,,,,,,,,,,,,,,,,,,,,,,,,,,,,,,,,,,,,,,,,,,,,,,,,,,,,,,,,,,,,,,,,,,,,,,,,,,,,,,,,,,,,,,,,,,,,,,,,,,,,,,,52141601,,,,,,,,,,,,,,,,,,,,,,,,,,,,,,,,,,,,,,,,,,,
,,,,,,,,,,,05134545001,9516 Kneeling Pad& Bttl Opener,-- Unbranded --,-- No Unilog Brand --,-- No DIB Brand --,Wera Tools NA Inc (WERTO),Wera Werk Hermann Werner GmbH,Wera®,,05134545001,,,"Wera Werk Hermann Werner GmbH Wera, Opener, Kneeling Pad, 05134545001",OPENER 05134545001,Wera® Kneeling Pad 05134545001 Opener,"Wera® Opener, Kneeling Pad",Kneeling Pad Opener,,,,,,,,,,,,,,,,,,,,,,,,,,,Opener,Wattage,,,Color Temperature,,,Bulb Shape,,,Base Type,,,Pack Quantity,,,Series,Kneeling Pad,,,,,,,,,,,,,,,,,,,,,,,,,,,,,,,,,,,,,,,,,,,,,,,,,,,,,,,,,,,,,,,,,,,,,,,,,,,,,,,,,,,,,,,,,,,,,,,,,,,,,,,,,,,,,,,,,,,,,,,,,,,,,,,,,,,,,,,,,,,,,,,,,,,,,,,,,,,,,,,,,,,,,,,,,,,,,,,,,,,,
,,,,,,,Tools,Instruments,Gauges,,LNL65301,LNL65301 Digital Tire Pressure - Inflator Gauge,-- Unbranded --,-- No Unilog Brand --,-- No DIB Brand --,-,,,,LNL65301,,Tools & Equipment>Instruments>Gauges,"Gauge, Digital Tire Pressure, LNL65301",GAUGE LNL65301,Digital Tire Pressure LNL65301 Gauge,"Gauge, Digital Tire Pressure",Digital Tire Pressure Gauge,,,,,,,,,,,,,,,,,,,,,,,,,,,Gauge,Series,Digital Tire Pressure,,,,,,,,,,,,,,,,,,,,,,,,,,,,,,,,,,,,,,,,,,,,,,,,,,,,,,,,,,,,,,,,,,,,,,,,,,,,,,,,,,,,,,,,,,,,,,,,,,,,,,,,,,,,,,,,,,,,,,,,,,,,,,,,,,,,,,,,,,,,,,,,,,,,,,,,41111600,,,,,,,,,,,,,,,,,,,,,,,,,,,,,,,,,,,,,,,,,,,
,,,,,,,Building Materials,Masonry,Mortar,,25-A,Charcoal Black 25-A Mortar - Type N,-- Unbranded --,-- No Unilog Brand --,-- No DIB Brand --,Rees Cast Stone Company (REECA),Milwaukee Tool,Milwaukee®,,25-A,,Building Materials>Masonry>Mortar & Grout,"Milwaukee Tool Milwaukee, Mortar, 25-A, Black",MORTAR BK 25-A,"Milwaukee® 25-A Mortar, Black","Milwaukee® Mortar, Black","Mortar, Black",,,,,,,,,,,,,,,,,,,,,,,,,,,Mortar,Color,Black,,,,,,,,,,,,,,,,,,,,,,,,,,,,,,,,,,,,,,,,,,,,,,,,,,,,,,,,,,,,,,,,,,,,,,,,,,,,,,,,,,,,,,,,,,,,,,,,,,,,,,,,,,,,,,,,,,,,,,,,,,,,,,,,,,,,,,,,,,,,,,,,,,,,,,,,30111500,,,,,,,,,,,,,,,,,,,,,,,,,,,,,,,,,,,,,,,,,,,
,,,,,,,Building Materials,Masonry,Mortar,,38-E,Dark Chocolate 38-E Mortar - Type N,-- Unbranded --,-- No Unilog Brand --,-- No DIB Brand --,Rees Cast Stone Company (REECA),Rees Cast Stone Company,Rees Cast Stone Company,,38-E,,Building Materials>Masonry>Mortar & Grout,"Rees Cast Stone Company Rees Cast Stone Company, Mortar, Dark Chocolate, 38-E",MORTAR 38-E,Rees Cast Stone Company Dark Chocolate 38-E Mortar,"Rees Cast Stone Company Mortar, Dark Chocolate",Dark Chocolate Mortar,,,,,,,,,,,,,,,,,,,,,,,,,,,Mortar,Color,,,Series,Dark Chocolate,,,,,,,,,,,,,,,,,,,,,,,,,,,,,,,,,,,,,,,,,,,,,,,,,,,,,,,,,,,,,,,,,,,,,,,,,,,,,,,,,,,,,,,,,,,,,,,,,,,,,,,,,,,,,,,,,,,,,,,,,,,,,,,,,,,,,,,,,,,,,,,,,,,,,30111500,,,,,,,,,,,,,,,,,,,,,,,,,,,,,,,,,,,,,,,,,,,
,,,,,,,Building Materials,Masonry,Mortar,,59-J,Light Buff 59-J Mortar - Type N,-- Unbranded --,-- No Unilog Brand --,-- No DIB Brand --,Rees Cast Stone Company (REECA),Rees Cast Stone Company,Rees Cast Stone Company,,59-J,,Building Materials>Masonry>Mortar & Grout,"Rees Cast Stone Company Rees Cast Stone Company, Mortar, Light Buff, 59-J",MORTAR 59-J,Rees Cast Stone Company Light Buff 59-J Mortar,"Rees Cast Stone Company Mortar, Light Buff",Light Buff Mortar,,,,,,,,,,,,,,,,,,,,,,,,,,,Mortar,Color,,,Series,Light Buff,,,,,,,,,,,,,,,,,,,,,,,,,,,,,,,,,,,,,,,,,,,,,,,,,,,,,,,,,,,,,,,,,,,,,,,,,,,,,,,,,,,,,,,,,,,,,,,,,,,,,,,,,,,,,,,,,,,,,,,,,,,,,,,,,,,,,,,,,,,,,,,,,,,,,30111500,,,,,,,,,,,,,,,,,,,,,,,,,,,,,,,,,,,,,,,,,,,
,,,,,,,Building Materials,Masonry,Mortar,,44-A,Light Chocolate 44-A Mortar - Type N,-- Unbranded --,-- No Unilog Brand --,-- No DIB Brand --,Rees Cast Stone Company (REECA),Rees Cast Stone Company,Rees Cast Stone Company,,44-A,,Building Materials>Masonry>Mortar & Grout,"Rees Cast Stone Company Rees Cast Stone Company, Mortar, Light Chocolate, 44-A",MORTAR 44-A,Rees Cast Stone Company Light Chocolate 44-A Mortar,"Rees Cast Stone Company Mortar, Light Chocolate",Light Chocolate Mortar,,,,,,,,,,,,,,,,,,,,,,,,,,,Mortar,Color,,,Series,Light Chocolate,,,,,,,,,,,,,,,,,,,,,,,,,,,,,,,,,,,,,,,,,,,,,,,,,,,,,,,,,,,,,,,,,,,,,,,,,,,,,,,,,,,,,,,,,,,,,,,,,,,,,,,,,,,,,,,,,,,,,,,,,,,,,,,,,,,,,,,,,,,,,,,,,,,,,30111500,,,,,,,,,,,,,,,,,,,,,,,,,,,,,,,,,,,,,,,,,,,
,,,,,,,Building Materials,Decking,Railing,,543302126,6' Wh Select T-Rail Kit Horiz - w/Sq Composite Balusters,TREX,-- No Unilog Brand --,-- No DIB Brand --,U S Lumber (3073),"Trex Company, Inc.",Trex®,,543302126,,Building Materials>Decking>Railing Systems,"Trex Company, Inc. Trex, Rail, Select, 543302126, 6 ft, White",RAIL WH 6FT KIT,"Trex® Select 543302126 Rail, 6 ft, White, Kit","Trex® Rail, Select, 6 ft, White, Kit","Select Rail, 6 ft, White, Kit",,,,,,,,,,,,,,,,,,,,,,,,,,,Rail,Size,,,Size,6,ft,Color,White,,Configuration,Kit,,Series,Select,,,,,,,,,,,,,,,,,,,,,,,,,,,,,,,,,,,,,,,,,,,,,,,,,,,,,,,,,,,,,,,,,,,,,,,,,,,,,,,,,,,,,,,,,,,,,,,,,,,,,,,,,,,,,,,,,,,,,,,,,,,,,,,,,,,,,,,,,,,,30103600,,,,,,,,,,,,,,,,,,,,,,,,,,,,,,,,,,,,,,,,,,,
,,,,,,,Building Materials,Decking,Railing,,543302146,8' Wh Select T-Rail Kit Horiz - w/Sq Composite Balusters,TREX,-- No Unilog Brand --,-- No DIB Brand --,U S Lumber (3073),"Trex Company, Inc.",Trex®,,543302146,,Building Materials>Decking>Railing Systems,"Trex Company, Inc. Trex, Rail, Select, 543302146, 8 ft, White",RAIL WH 8FT KIT,"Trex® Select 543302146 Rail, 8 ft, White, Kit","Trex® Rail, Select, 8 ft, White, Kit","Select Rail, 8 ft, White, Kit",,,,,,,,,,,,,,,,,,,,,,,,,,,Rail,Size,,,Size,8,ft,Color,White,,Configuration,Kit,,Series,Select,,,,,,,,,,,,,,,,,,,,,,,,,,,,,,,,,,,,,,,,,,,,,,,,,,,,,,,,,,,,,,,,,,,,,,,,,,,,,,,,,,,,,,,,,,,,,,,,,,,,,,,,,,,,,,,,,,,,,,,,,,,,,,,,,,,,,,,,,,,,30103600,,,,,,,,,,,,,,,,,,,,,,,,,,,,,,,,,,,,,,,,,,,
,,,,,,,Building Materials,Decking,Railing,,73019603,Finyline Wh 6' Fl Rail Kit Sq,-- Unbranded --,-- No Unilog Brand --,-- No DIB Brand --,-,Alliance Laundry Systems,Speed Queen®,,73019603,,Building Materials>Decking>Railing Systems,"Alliance Laundry Systems Speed Queen, Finyline Fl Rail, 73019603",FINYLINE FL RAIL WH 6FT KIT,"Speed Queen® 73019603 Finyline Fl Rail, 6 ft, White, Kit","Speed Queen® Finyline Fl Rail, 6 ft, White, Kit","Finyline Fl Rail, 6 ft, White, Kit",,,,,,,,,,,,,,,,,,,,,,,,,,,Finyline Fl Rail,Size,,,Size,6,ft,Color,White,,Configuration,Kit,,,,,,,,,,,,,,,,,,,,,,,,,,,,,,,,,,,,,,,,,,,,,,,,,,,,,,,,,,,,,,,,,,,,,,,,,,,,,,,,,,,,,,,,,,,,,,,,,,,,,,,,,,,,,,,,,,,,,,,,,,,,,,,,,,,,,,,,,,,,,,,30103600,,,,,,,,,,,,,,,,,,,,,,,,,,,,,,,,,,,,,,,,,,,
,,,,,,,Building Materials,Decking,Railing,,73019652,Finyline Wh 8' Fl Rail Kit Sq,-- Unbranded --,-- No Unilog Brand --,-- No DIB Brand --,-,Alliance Laundry Systems,Speed Queen®,,73019652,,Building Materials>Decking>Railing Systems,"Alliance Laundry Systems Speed Queen, Finyline Fl Rail, 73019652",FINYLINE FL RAIL WH 8FT KIT,"Speed Queen® 73019652 Finyline Fl Rail, 8 ft, White, Kit","Speed Queen® Finyline Fl Rail, 8 ft, White, Kit","Finyline Fl Rail, 8 ft, White, Kit",,,,,,,,,,,,,,,,,,,,,,,,,,,Finyline Fl Rail,Size,,,Size,8,ft,Color,White,,Configuration,Kit,,,,,,,,,,,,,,,,,,,,,,,,,,,,,,,,,,,,,,,,,,,,,,,,,,,,,,,,,,,,,,,,,,,,,,,,,,,,,,,,,,,,,,,,,,,,,,,,,,,,,,,,,,,,,,,,,,,,,,,,,,,,,,,,,,,,,,,,,,,,,,,30103600,,,,,,,,,,,,,,,,,,,,,,,,,,,,,,,,,,,,,,,,,,,
,,,,,,,Building Materials,Decking,Railing,,73019517,Finyline Wh 10' Fl Rail Kit Sq,-- Unbranded --,-- No Unilog Brand --,-- No DIB Brand --,-,Alliance Laundry Systems,Speed Queen®,,73019517,,Building Materials>Decking>Railing Systems,"Alliance Laundry Systems Speed Queen, Finyline Fl Rail, 73019517",FINYLINE FL RAIL WH 10FT KIT,"Speed Queen® 73019517 Finyline Fl Rail, 10 ft, White, Kit","Speed Queen® Finyline Fl Rail, 10 ft, White, Kit","Finyline Fl Rail, 10 ft, White, Kit",,,,,,,,,,,,,,,,,,,,,,,,,,,Finyline Fl Rail,Size,,,Size,10,ft,Color,White,,Configuration,Kit,,,,,,,,,,,,,,,,,,,,,,,,,,,,,,,,,,,,,,,,,,,,,,,,,,,,,,,,,,,,,,,,,,,,,,,,,,,,,,,,,,,,,,,,,,,,,,,,,,,,,,,,,,,,,,,,,,,,,,,,,,,,,,,,,,,,,,,,,,,,,,,30103600,,,,,,,,,,,,,,,,,,,,,,,,,,,,,,,,,,,,,,,,,,,
,,,,,,,Building Materials,Decking,Railing,,73019602,Finyline Wh 6' Fl Rail Kit Rd - w/Black Alum Balusters,-- Unbranded --,-- No Unilog Brand --,-- No DIB Brand --,-,,,,73019602,,Building Materials>Decking>Railing Systems,"Fl Rail, Alum Balusters, 73019602, 6 ft, Black, Kit",FL RAIL BK 6FT KIT,"Alum Balusters 73019602 Fl Rail, 6 ft, Black, Kit","Fl Rail, Alum Balusters, 6 ft, Black, Kit","Alum Balusters Fl Rail, 6 ft, Black, Kit",,,,,,,,,,,,,,,,,,,,,,,,,,,Fl Rail,Size,,,Size,6,ft,Color,Black,,Configuration,Kit,,Series,Alum Balusters,,,,,,,,,,,,,,,,,,,,,,,,,,,,,,,,,,,,,,,,,,,,,,,,,,,,,,,,,,,,,,,,,,,,,,,,,,,,,,,,,,,,,,,,,,,,,,,,,,,,,,,,,,,,,,,,,,,,,,,,,,,,,,,,,,,,,,,,,,,,30103600,,,,,,,,,,,,,,,,,,,,,,,,,,,,,,,,,,,,,,,,,,,
,,,,,,,Building Materials,Decking,Railing,,73019651,Finyline Wh 8' Fl Rail Kit Rd - w/Black Alum Balusters,-- Unbranded --,-- No Unilog Brand --,-- No DIB Brand --,-,,,,73019651,,Building Materials>Decking>Railing Systems,"Fl Rail, Alum Balusters, 73019651, 8 ft, Black, Kit",FL RAIL BK 8FT KIT,"Alum Balusters 73019651 Fl Rail, 8 ft, Black, Kit","Fl Rail, Alum Balusters, 8 ft, Black, Kit","Alum Balusters Fl Rail, 8 ft, Black, Kit",,,,,,,,,,,,,,,,,,,,,,,,,,,Fl Rail,Size,,,Size,8,ft,Color,Black,,Configuration,Kit,,Series,Alum Balusters,,,,,,,,,,,,,,,,,,,,,,,,,,,,,,,,,,,,,,,,,,,,,,,,,,,,,,,,,,,,,,,,,,,,,,,,,,,,,,,,,,,,,,,,,,,,,,,,,,,,,,,,,,,,,,,,,,,,,,,,,,,,,,,,,,,,,,,,,,,,30103600,,,,,,,,,,,,,,,,,,,,,,,,,,,,,,,,,,,,,,,,,,,
,,,,,,,Building Materials,Decking,Railing,,73019516,Finyline Wh 10' Fl Rail Kit Rd - w/Black Alum Balusters,-- Unbranded --,-- No Unilog Brand --,-- No DIB Brand --,-,,,,73019516,,Building Materials>Decking>Railing Systems,"Fl Rail, Alum Balusters, 73019516, 10 ft, Black, Kit",FL RAIL BK 10FT KIT,"Alum Balusters 73019516 Fl Rail, 10 ft, Black, Kit","Fl Rail, Alum Balusters, 10 ft, Black, Kit","Alum Balusters Fl Rail, 10 ft, Black, Kit",,,,,,,,,,,,,,,,,,,,,,,,,,,Fl Rail,Size,,,Size,10,ft,Color,Black,,Configuration,Kit,,Series,Alum Balusters,,,,,,,,,,,,,,,,,,,,,,,,,,,,,,,,,,,,,,,,,,,,,,,,,,,,,,,,,,,,,,,,,,,,,,,,,,,,,,,,,,,,,,,,,,,,,,,,,,,,,,,,,,,,,,,,,,,,,,,,,,,,,,,,,,,,,,,,,,,,30103600,,,,,,,,,,,,,,,,,,,,,,,,,,,,,,,,,,,,,,,,,,,
,,,,,,,Building Materials,Decking,Balusters,,543300256,6' Black Select Classic Horiz - Rail w/Rnd Black Alum Baluster,TREX,-- No Unilog Brand --,-- No DIB Brand --,Boise Cascade Building Materials (BOICA),"Trex Company, Inc.",Trex®,,543300256,,Building Materials>Decking>Railing Systems,"Trex Company, Inc. Trex, Baluster, Rail, 543300256, 6 ft, Black",BALUSTER BK 6FT,"Trex® Rail 543300256 Baluster, 6 ft, Black","Trex® Baluster, Rail, 6 ft, Black","Rail Baluster, 6 ft, Black",,,,,,,,,,,,,,,,,,,,,,,,,,,Baluster,Size,,,Size,6,ft,Color,Black,,Configuration,,,Series,Rail,,,,,,,,,,,,,,,,,,,,,,,,,,,,,,,,,,,,,,,,,,,,,,,,,,,,,,,,,,,,,,,,,,,,,,,,,,,,,,,,,,,,,,,,,,,,,,,,,,,,,,,,,,,,,,,,,,,,,,,,,,,,,,,,,,,,,,,,,,,,30103600,,,,,,,,,,,,,,,,,,,,,,,,,,,,,,,,,,,,,,,,,,,
,,,,,,,Building Materials,Decking,Balusters,,543300276,8' Black Select Classic Horiz - Rail w/Rnd Black Alum Baluster,TREX,-- No Unilog Brand --,-- No DIB Brand --,Boise Cascade Building Materials (BOICA),"Trex Company, Inc.",Trex®,,543300276,,Building Materials>Decking>Railing Systems,"Trex Company, Inc. Trex, Baluster, Rail, 543300276, 8 ft, Black",BALUSTER BK 8FT,"Trex® Rail 543300276 Baluster, 8 ft, Black","Trex® Baluster, Rail, 8 ft, Black","Rail Baluster, 8 ft, Black",,,,,,,,,,,,,,,,,,,,,,,,,,,Baluster,Size,,,Size,8,ft,Color,Black,,Configuration,,,Series,Rail,,,,,,,,,,,,,,,,,,,,,,,,,,,,,,,,,,,,,,,,,,,,,,,,,,,,,,,,,,,,,,,,,,,,,,,,,,,,,,,,,,,,,,,,,,,,,,,,,,,,,,,,,,,,,,,,,,,,,,,,,,,,,,,,,,,,,,,,,,,,30103600,,,,,,,,,,,,,,,,,,,,,,,,,,,,,,,,,,,,,,,,,,,
,,,,,,,Building Materials,Decking,Balusters,,73045028,Custom Finyline Wh Gate Sq Bal,-- Unbranded --,-- No Unilog Brand --,-- No DIB Brand --,-,Alliance Laundry Systems,Speed Queen®,,73045028,,Building Materials>Decking>Railing Systems,"Alliance Laundry Systems Speed Queen, Baluster, Custom Finyline Gate Bal",BALUSTER WH 73045028,"Speed Queen® Custom Finyline Gate Bal 73045028 Baluster, White","Speed Queen® Baluster, Custom Finyline Gate Bal, White","Custom Finyline Gate Bal Baluster, White",,,,,,,,,,,,,,,,,,,,,,,,,,,Baluster,Size,,,Size,,,Color,White,,Configuration,,,Series,Custom Finyline Gate Bal,,,,,,,,,,,,,,,,,,,,,,,,,,,,,,,,,,,,,,,,,,,,,,,,,,,,,,,,,,,,,,,,,,,,,,,,,,,,,,,,,,,,,,,,,,,,,,,,,,,,,,,,,,,,,,,,,,,,,,,,,,,,,,,,,,,,,,,,,,,,30103600,,,,,,,,,,,,,,,,,,,,,,,,,,,,,,,,,,,,,,,,,,,
,,,,,,,Building Materials,Decking,Balusters,,73045031,Custom Finyline Wh Gate Rd - w/Black Alum Balusters,-- Unbranded --,-- No Unilog Brand --,-- No DIB Brand --,-,,,,73045031,,Building Materials>Decking>Railing Systems,"Rd Aluminum Balusters, Custom Finyline Wh Gate, 73045031, Black",RD ALUMINUM BALUSTERS BK,"Custom Finyline Wh Gate 73045031 Rd Aluminum Balusters, Black","Rd Aluminum Balusters, Custom Finyline Wh Gate, Black","Custom Finyline Wh Gate Rd Aluminum Balusters, Black",,,,,,,,,,,,,,,,,,,,,,,,,,,Rd Aluminum Balusters,Size,,,Size,,,Color,Black,,Configuration,,,Series,Custom Finyline Wh Gate,,,,,,,,,,,,,,,,,,,,,,,,,,,,,,,,,,,,,,,,,,,,,,,,,,,,,,,,,,,,,,,,,,,,,,,,,,,,,,,,,,,,,,,,,,,,,,,,,,,,,,,,,,,,,,,,,,,,,,,,,,,,,,,,,,,,,,,,,,,,30103600,,,,,,,,,,,,,,,,,,,,,,,,,,,,,,,,,,,,,,,,,,,
,,,,,,,Building Materials,Decking,Balusters,,543340126,"6'x36"" Select Alm w/Sq Bal Hor - Assembled Black Rail Panel",TREX,-- No Unilog Brand --,-- No DIB Brand --,Boise Cascade Building Materials (BOICA),"Trex Company, Inc.",Trex®,,543340126,,Building Materials>Decking>Railing Systems,"Trex Company, Inc. Trex, Baluster, Assembled Rail Panel, 543340126",BALUSTER BK 6FT X 36IN,"Trex® Assembled Rail Panel 543340126 Baluster, Black, 6 ft x 36 in","Trex® Baluster, Assembled Rail Panel, Black, 6 ft x 36 in","Assembled Rail Panel Baluster, Black, 6 ft x 36 in",,,,,,,,,,,,,,,,,,,,,,,,,,,Baluster,Size,6 ft x 36 in,,Size,,,Color,Black,,Configuration,,,Series,Assembled Rail Panel,,,,,,,,,,,,,,,,,,,,,,,,,,,,,,,,,,,,,,,,,,,,,,,,,,,,,,,,,,,,,,,,,,,,,,,,,,,,,,,,,,,,,,,,,,,,,,,,,,,,,,,,,,,,,,,,,,,,,,,,,,,,,,,,,,,,,,,,,,,,30103600,,,,,,,,,,,,,,,,,,,,,,,,,,,,,,,,,,,,,,,,,,,
,,,,,,,Building Materials,Decking,Balusters,,543340127,"6'x36"" Select Alm w/Sq Bal Str - Assembled Black Rail Panel",TREX,-- No Unilog Brand --,-- No DIB Brand --,Boise Cascade Building Materials (BOICA),"Trex Company, Inc.",Trex®,,543340127,,Building Materials>Decking>Railing Systems,"Trex Company, Inc. Trex, Baluster, Assembled Rail Panel, 543340127",BALUSTER BK 6FT X 36IN,"Trex® Assembled Rail Panel 543340127 Baluster, Black, 6 ft x 36 in","Trex® Baluster, Assembled Rail Panel, Black, 6 ft x 36 in","Assembled Rail Panel Baluster, Black, 6 ft x 36 in",,,,,,,,,,,,,,,,,,,,,,,,,,,Baluster,Size,6 ft x 36 in,,Size,,,Color,Black,,Configuration,,,Series,Assembled Rail Panel,,,,,,,,,,,,,,,,,,,,,,,,,,,,,,,,,,,,,,,,,,,,,,,,,,,,,,,,,,,,,,,,,,,,,,,,,,,,,,,,,,,,,,,,,,,,,,,,,,,,,,,,,,,,,,,,,,,,,,,,,,,,,,,,,,,,,,,,,,,,30103600,,,,,,,,,,,,,,,,,,,,,,,,,,,,,,,,,,,,,,,,,,,
,,,,,,,Building Materials,Decking,Balusters,,543340146,"8'x36"" Select Alm w/Sq Bal Hor - Assembled Black Rail Panel",TREX,-- No Unilog Brand --,-- No DIB Brand --,Boise Cascade Building Materials (BOICA),"Trex Company, Inc.",Trex®,,543340146,,Building Materials>Decking>Railing Systems,"Trex Company, Inc. Trex, Baluster, Assembled Rail Panel, 543340146",BALUSTER BK 8FT X 36IN,"Trex® Assembled Rail Panel 543340146 Baluster, Black, 8 ft x 36 in","Trex® Baluster, Assembled Rail Panel, Black, 8 ft x 36 in","Assembled Rail Panel Baluster, Black, 8 ft x 36 in",,,,,,,,,,,,,,,,,,,,,,,,,,,Baluster,Size,8 ft x 36 in,,Size,,,Color,Black,,Configuration,,,Series,Assembled Rail Panel,,,,,,,,,,,,,,,,,,,,,,,,,,,,,,,,,,,,,,,,,,,,,,,,,,,,,,,,,,,,,,,,,,,,,,,,,,,,,,,,,,,,,,,,,,,,,,,,,,,,,,,,,,,,,,,,,,,,,,,,,,,,,,,,,,,,,,,,,,,,30103600,,,,,,,,,,,,,,,,,,,,,,,,,,,,,,,,,,,,,,,,,,,
,,,,,,,Building Materials,Decking,Balusters,,543340147,"8'x36"" Select Alm w/Sq Bal Str - Assembled Black Rail Panel",TREX,-- No Unilog Brand --,-- No DIB Brand --,Boise Cascade Building Materials (BOICA),"Trex Company, Inc.",Trex®,,543340147,,Building Materials>Decking>Railing Systems,"Trex Company, Inc. Trex, Baluster, Assembled Rail Panel, 543340147",BALUSTER BK 8FT X 36IN,"Trex® Assembled Rail Panel 543340147 Baluster, Black, 8 ft x 36 in","Trex® Baluster, Assembled Rail Panel, Black, 8 ft x 36 in","Assembled Rail Panel Baluster, Black, 8 ft x 36 in",,,,,,,,,,,,,,,,,,,,,,,,,,,Baluster,Size,8 ft x 36 in,,Size,,,Color,Black,,Configuration,,,Series,Assembled Rail Panel,,,,,,,,,,,,,,,,,,,,,,,,,,,,,,,,,,,,,,,,,,,,,,,,,,,,,,,,,,,,,,,,,,,,,,,,,,,,,,,,,,,,,,,,,,,,,,,,,,,,,,,,,,,,,,,,,,,,,,,,,,,,,,,,,,,,,,,,,,,,30103600,,,,,,,,,,,,,,,,,,,,,,,,,,,,,,,,,,,,,,,,,,,
,,,,,,,Building Materials,Decking,Composite Decking,,ADB15516CS,1x6-16' Coastline Sq Edge - Vintage Azek PVC Decking,TIMBERTECH,-- No Unilog Brand --,-- No DIB Brand --,Parksite (6151),The AZEK Company,TimberTech®,,ADB15516CS,,Building Materials>Decking>Composite & PVC Decking,"The AZEK Company TimberTech, Decking, Coastline, ADB15516CS, 1 in x 6 in",DECKING 1IN X 6IN 16FT SQ EDG,"TimberTech® Coastline ADB15516CS Decking, 1 in x 6 in, 16 ft, Square Edge","TimberTech® Decking, Coastline, 1 in x 6 in, 16 ft, Square Edge","Coastline Decking, 1 in x 6 in, 16 ft, Square Edge",,,,,,,,,,,,,,,,,,,,,,,,,,,Decking,Nominal Size,1 in x 6 in,,Length,16,ft,Edge Profile,Square Edge,,Series,Coastline,,,,,,,,,,,,,,,,,,,,,,,,,,,,,,,,,,,,,,,,,,,,,,,,,,,,,,,,,,,,,,,,,,,,,,,,,,,,,,,,,,,,,,,,,,,,,,,,,,,,,,,,,,,,,,,,,,,,,,,,,,,,,,,,,,,,,,,,,,,,,,,30103600,,,,,,,,,,,,,,,,,,,,,,,,,,,,,,,,,,,,,,,,,,,
,,,,,,,Building Materials,Decking,Composite Decking,,ADB15520CS,1x6-20' Coastline Sq Edge - Vintage Azek PVC Decking,TIMBERTECH,-- No Unilog Brand --,-- No DIB Brand --,Parksite (6151),The AZEK Company,TimberTech®,,ADB15520CS,,Building Materials>Decking>Composite & PVC Decking,"The AZEK Company TimberTech, Decking, Coastline, ADB15520CS, 1 in x 6 in",DECKING 1IN X 6IN 20FT SQ EDG,"TimberTech® Coastline ADB15520CS Decking, 1 in x 6 in, 20 ft, Square Edge","TimberTech® Decking, Coastline, 1 in x 6 in, 20 ft, Square Edge","Coastline Decking, 1 in x 6 in, 20 ft, Square Edge",,,,,,,,,,,,,,,,,,,,,,,,,,,Decking,Nominal Size,1 in x 6 in,,Length,20,ft,Edge Profile,Square Edge,,Series,Coastline,,,,,,,,,,,,,,,,,,,,,,,,,,,,,,,,,,,,,,,,,,,,,,,,,,,,,,,,,,,,,,,,,,,,,,,,,,,,,,,,,,,,,,,,,,,,,,,,,,,,,,,,,,,,,,,,,,,,,,,,,,,,,,,,,,,,,,,,,,,,,,,30103600,,,,,,,,,,,,,,,,,,,,,,,,,,,,,,,,,,,,,,,,,,,
,,,,,,,Building Materials,Decking,Composite Decking,,ADB15516EW,1x6-16' English Walnut Sq Edge - Vintage Azek PVC Decking,TIMBERTECH,-- No Unilog Brand --,-- No DIB Brand --,Parksite (6151),The AZEK Company,TimberTech®,,ADB15516EW,,Building Materials>Decking>Composite & PVC Decking,"The AZEK Company TimberTech, Decking, English Walnut, ADB15516EW",DECKING 1IN X 6IN 16FT SQ EDG,"TimberTech® English Walnut ADB15516EW Decking, 1 in x 6 in, 16 ft, Square Edge","TimberTech® Decking, English Walnut, 1 in x 6 in, 16 ft, Square Edge","English Walnut Decking, 1 in x 6 in, 16 ft, Square Edge",,,,,,,,,,,,,,,,,,,,,,,,,,,Decking,Nominal Size,1 in x 6 in,,Length,16,ft,Edge Profile,Square Edge,,Series,English Walnut,,,,,,,,,,,,,,,,,,,,,,,,,,,,,,,,,,,,,,,,,,,,,,,,,,,,,,,,,,,,,,,,,,,,,,,,,,,,,,,,,,,,,,,,,,,,,,,,,,,,,,,,,,,,,,,,,,,,,,,,,,,,,,,,,,,,,,,,,,,,,,,30103600,,,,,,,,,,,,,,,,,,,,,,,,,,,,,,,,,,,,,,,,,,,
,,,,,,,Building Materials,Decking,Composite Decking,,ADB15520EW,1x6-20' English Walnut Sq Edge - Vintage Azek PVC Decking,TIMBERTECH,-- No Unilog Brand --,-- No DIB Brand --,Parksite (6151),The AZEK Company,TimberTech®,,ADB15520EW,,Building Materials>Decking>Composite & PVC Decking,"The AZEK Company TimberTech, Decking, English Walnut, ADB15520EW",DECKING 1IN X 6IN 20FT SQ EDG,"TimberTech® English Walnut ADB15520EW Decking, 1 in x 6 in, 20 ft, Square Edge","TimberTech® Decking, English Walnut, 1 in x 6 in, 20 ft, Square Edge","English Walnut Decking, 1 in x 6 in, 20 ft, Square Edge",,,,,,,,,,,,,,,,,,,,,,,,,,,Decking,Nominal Size,1 in x 6 in,,Length,20,ft,Edge Profile,Square Edge,,Series,English Walnut,,,,,,,,,,,,,,,,,,,,,,,,,,,,,,,,,,,,,,,,,,,,,,,,,,,,,,,,,,,,,,,,,,,,,,,,,,,,,,,,,,,,,,,,,,,,,,,,,,,,,,,,,,,,,,,,,,,,,,,,,,,,,,,,,,,,,,,,,,,,,,,30103600,,,,,,,,,,,,,,,,,,,,,,,,,,,,,,,,,,,,,,,,,,,
,,,,,,,Building Materials,Decking,Composite Decking,,ADB15516MH,1x6-16' Mahogany Sq Edge - Vintage Azek PVC Decking,TIMBERTECH,-- No Unilog Brand --,-- No DIB Brand --,Parksite (6151),The AZEK Company,TimberTech®,,ADB15516MH,,Building Materials>Decking>Composite & PVC Decking,"The AZEK Company TimberTech, Decking, Mahogany, ADB15516MH, 1 in x 6 in",DECKING 1IN X 6IN 16FT SQ EDG,"TimberTech® Mahogany ADB15516MH Decking, 1 in x 6 in, 16 ft, Square Edge","TimberTech® Decking, Mahogany, 1 in x 6 in, 16 ft, Square Edge","Mahogany Decking, 1 in x 6 in, 16 ft, Square Edge",,,,,,,,,,,,,,,,,,,,,,,,,,,Decking,Nominal Size,1 in x 6 in,,Length,16,ft,Edge Profile,Square Edge,,Series,Mahogany,,,,,,,,,,,,,,,,,,,,,,,,,,,,,,,,,,,,,,,,,,,,,,,,,,,,,,,,,,,,,,,,,,,,,,,,,,,,,,,,,,,,,,,,,,,,,,,,,,,,,,,,,,,,,,,,,,,,,,,,,,,,,,,,,,,,,,,,,,,,,,,30103600,,,,,,,,,,,,,,,,,,,,,,,,,,,,,,,,,,,,,,,,,,,
,,,,,,,Building Materials,Decking,Composite Decking,,ADB15520MH,1x6-20' Mahogany Sq Edge - Vintage Azek PVC Decking,TIMBERTECH,-- No Unilog Brand --,-- No DIB Brand --,Parksite (6151),The AZEK Company,TimberTech®,,ADB15520MH,,Building Materials>Decking>Composite & PVC Decking,"The AZEK Company TimberTech, Decking, Mahogany, ADB15520MH, 1 in x 6 in",DECKING 1IN X 6IN 20FT SQ EDG,"TimberTech® Mahogany ADB15520MH Decking, 1 in x 6 in, 20 ft, Square Edge","TimberTech® Decking, Mahogany, 1 in x 6 in, 20 ft, Square Edge","Mahogany Decking, 1 in x 6 in, 20 ft, Square Edge",,,,,,,,,,,,,,,,,,,,,,,,,,,Decking,Nominal Size,1 in x 6 in,,Length,20,ft,Edge Profile,Square Edge,,Series,Mahogany,,,,,,,,,,,,,,,,,,,,,,,,,,,,,,,,,,,,,,,,,,,,,,,,,,,,,,,,,,,,,,,,,,,,,,,,,,,,,,,,,,,,,,,,,,,,,,,,,,,,,,,,,,,,,,,,,,,,,,,,,,,,,,,,,,,,,,,,,,,,,,,30103600,,,,,,,,,,,,,,,,,,,,,,,,,,,,,,,,,,,,,,,,,,,
,,,,,,,Building Materials,Decking,Composite Decking,,ADB15516WT,1x6-16' Weathered Teak Sq Edge - Vintage Azek PVC Decking,TIMBERTECH,-- No Unilog Brand --,-- No DIB Brand --,Parksite (6151),The AZEK Company,TimberTech®,,ADB15516WT,,Building Materials>Decking>Composite & PVC Decking,"The AZEK Company TimberTech, Decking, Weathered Teak, ADB15516WT",DECKING 1IN X 6IN 16FT SQ EDG,"TimberTech® Weathered Teak ADB15516WT Decking, 1 in x 6 in, 16 ft, Square Edge","TimberTech® Decking, Weathered Teak, 1 in x 6 in, 16 ft, Square Edge","Weathered Teak Decking, 1 in x 6 in, 16 ft, Square Edge",,,,,,,,,,,,,,,,,,,,,,,,,,,Decking,Nominal Size,1 in x 6 in,,Length,16,ft,Edge Profile,Square Edge,,Series,Weathered Teak,,,,,,,,,,,,,,,,,,,,,,,,,,,,,,,,,,,,,,,,,,,,,,,,,,,,,,,,,,,,,,,,,,,,,,,,,,,,,,,,,,,,,,,,,,,,,,,,,,,,,,,,,,,,,,,,,,,,,,,,,,,,,,,,,,,,,,,,,,,,,,,30103600,,,,,,,,,,,,,,,,,,,,,,,,,,,,,,,,,,,,,,,,,,,
,,,,,,,Building Materials,Decking,Composite Decking,,ADB15520WT,1x6-20' Weathered Teak Sq Edge - Vintage Azek PVC Decking,TIMBERTECH,-- No Unilog Brand --,-- No DIB Brand --,Parksite (6151),The AZEK Company,TimberTech®,,ADB15520WT,,Building Materials>Decking>Composite & PVC Decking,"The AZEK Company TimberTech, Decking, Weathered Teak, ADB15520WT",DECKING 1IN X 6IN 20FT SQ EDG,"TimberTech® Weathered Teak ADB15520WT Decking, 1 in x 6 in, 20 ft, Square Edge","TimberTech® Decking, Weathered Teak, 1 in x 6 in, 20 ft, Square Edge","Weathered Teak Decking, 1 in x 6 in, 20 ft, Square Edge",,,,,,,,,,,,,,,,,,,,,,,,,,,Decking,Nominal Size,1 in x 6 in,,Length,20,ft,Edge Profile,Square Edge,,Series,Weathered Teak,,,,,,,,,,,,,,,,,,,,,,,,,,,,,,,,,,,,,,,,,,,,,,,,,,,,,,,,,,,,,,,,,,,,,,,,,,,,,,,,,,,,,,,,,,,,,,,,,,,,,,,,,,,,,,,,,,,,,,,,,,,,,,,,,,,,,,,,,,,,,,,30103600,,,,,,,,,,,,,,,,,,,,,,,,,,,,,,,,,,,,,,,,,,,
,,,,,,,Building Materials,Decking,Composite Decking,,AGB15512CS,1x6-12' Coastline Grooved - Vintage Azek PVC Decking,TIMBERTECH,-- No Unilog Brand --,-- No DIB Brand --,Parksite (6151),The AZEK Company,TimberTech®,,AGB15512CS,,Building Materials>Decking>Composite & PVC Decking,"The AZEK Company TimberTech, Decking, Coastline, AGB15512CS, 1 in x 6 in",DECKING 1IN X 6IN 12FT GRVD,"TimberTech® Coastline AGB15512CS Decking, 1 in x 6 in, 12 ft, Grooved","TimberTech® Decking, Coastline, 1 in x 6 in, 12 ft, Grooved","Coastline Decking, 1 in x 6 in, 12 ft, Grooved",,,,,,,,,,,,,,,,,,,,,,,,,,,Decking,Nominal Size,1 in x 6 in,,Length,12,ft,Edge Profile,Grooved,,Series,Coastline,,,,,,,,,,,,,,,,,,,,,,,,,,,,,,,,,,,,,,,,,,,,,,,,,,,,,,,,,,,,,,,,,,,,,,,,,,,,,,,,,,,,,,,,,,,,,,,,,,,,,,,,,,,,,,,,,,,,,,,,,,,,,,,,,,,,,,,,,,,,,,,30103600,,,,,,,,,,,,,,,,,,,,,,,,,,,,,,,,,,,,,,,,,,,
,,,,,,,Building Materials,Decking,Composite Decking,,AGB15516CS,1x6-16' Coastline Grooved - Vintage Azek PVC Decking,TIMBERTECH,-- No Unilog Brand --,-- No DIB Brand --,Parksite (6151),The AZEK Company,TimberTech®,,AGB15516CS,,Building Materials>Decking>Composite & PVC Decking,"The AZEK Company TimberTech, Decking, Coastline, AGB15516CS, 1 in x 6 in",DECKING 1IN X 6IN 16FT GRVD,"TimberTech® Coastline AGB15516CS Decking, 1 in x 6 in, 16 ft, Grooved","TimberTech® Decking, Coastline, 1 in x 6 in, 16 ft, Grooved","Coastline Decking, 1 in x 6 in, 16 ft, Grooved",,,,,,,,,,,,,,,,,,,,,,,,,,,Decking,Nominal Size,1 in x 6 in,,Length,16,ft,Edge Profile,Grooved,,Series,Coastline,,,,,,,,,,,,,,,,,,,,,,,,,,,,,,,,,,,,,,,,,,,,,,,,,,,,,,,,,,,,,,,,,,,,,,,,,,,,,,,,,,,,,,,,,,,,,,,,,,,,,,,,,,,,,,,,,,,,,,,,,,,,,,,,,,,,,,,,,,,,,,,30103600,,,,,,,,,,,,,,,,,,,,,,,,,,,,,,,,,,,,,,,,,,,
,,,,,,,Building Materials,Decking,Composite Decking,,AGB15520CS,1x6-20' Coastline Grooved - Vintage Azek PVC Decking,TIMBERTECH,-- No Unilog Brand --,-- No DIB Brand --,Parksite (6151),The AZEK Company,TimberTech®,,AGB15520CS,,Building Materials>Decking>Composite & PVC Decking,"The AZEK Company TimberTech, Decking, Coastline, AGB15520CS, 1 in x 6 in",DECKING 1IN X 6IN 20FT GRVD,"TimberTech® Coastline AGB15520CS Decking, 1 in x 6 in, 20 ft, Grooved","TimberTech® Decking, Coastline, 1 in x 6 in, 20 ft, Grooved","Coastline Decking, 1 in x 6 in, 20 ft, Grooved",,,,,,,,,,,,,,,,,,,,,,,,,,,Decking,Nominal Size,1 in x 6 in,,Length,20,ft,Edge Profile,Grooved,,Series,Coastline,,,,,,,,,,,,,,,,,,,,,,,,,,,,,,,,,,,,,,,,,,,,,,,,,,,,,,,,,,,,,,,,,,,,,,,,,,,,,,,,,,,,,,,,,,,,,,,,,,,,,,,,,,,,,,,,,,,,,,,,,,,,,,,,,,,,,,,,,,,,,,,30103600,,,,,,,,,,,,,,,,,,,,,,,,,,,,,,,,,,,,,,,,,,,
,,,,,,,Building Materials,Decking,Composite Decking,,AGB15512EW,1x6-12' English Walnut Grooved - Vintage Azek PVC Decking,TIMBERTECH,-- No Unilog Brand --,-- No DIB Brand --,Parksite (6151),The AZEK Company,TimberTech®,,AGB15512EW,,Building Materials>Decking>Composite & PVC Decking,"The AZEK Company TimberTech, Decking, English Walnut, AGB15512EW",DECKING 1IN X 6IN 12FT GRVD,"TimberTech® English Walnut AGB15512EW Decking, 1 in x 6 in, 12 ft, Grooved","TimberTech® Decking, English Walnut, 1 in x 6 in, 12 ft, Grooved","English Walnut Decking, 1 in x 6 in, 12 ft, Grooved",,,,,,,,,,,,,,,,,,,,,,,,,,,Decking,Nominal Size,1 in x 6 in,,Length,12,ft,Edge Profile,Grooved,,Series,English Walnut,,,,,,,,,,,,,,,,,,,,,,,,,,,,,,,,,,,,,,,,,,,,,,,,,,,,,,,,,,,,,,,,,,,,,,,,,,,,,,,,,,,,,,,,,,,,,,,,,,,,,,,,,,,,,,,,,,,,,,,,,,,,,,,,,,,,,,,,,,,,,,,30103600,,,,,,,,,,,,,,,,,,,,,,,,,,,,,,,,,,,,,,,,,,,
,,,,,,,Building Materials,Decking,Composite Decking,,AGB15516EW,1x6-16' English Walnut Grooved - Vintage Azek PVC Decking,TIMBERTECH,-- No Unilog Brand --,-- No DIB Brand --,Parksite (6151),The AZEK Company,TimberTech®,,AGB15516EW,,Building Materials>Decking>Composite & PVC Decking,"The AZEK Company TimberTech, Decking, English Walnut, AGB15516EW",DECKING 1IN X 6IN 16FT GRVD,"TimberTech® English Walnut AGB15516EW Decking, 1 in x 6 in, 16 ft, Grooved","TimberTech® Decking, English Walnut, 1 in x 6 in, 16 ft, Grooved","English Walnut Decking, 1 in x 6 in, 16 ft, Grooved",,,,,,,,,,,,,,,,,,,,,,,,,,,Decking,Nominal Size,1 in x 6 in,,Length,16,ft,Edge Profile,Grooved,,Series,English Walnut,,,,,,,,,,,,,,,,,,,,,,,,,,,,,,,,,,,,,,,,,,,,,,,,,,,,,,,,,,,,,,,,,,,,,,,,,,,,,,,,,,,,,,,,,,,,,,,,,,,,,,,,,,,,,,,,,,,,,,,,,,,,,,,,,,,,,,,,,,,,,,,30103600,,,,,,,,,,,,,,,,,,,,,,,,,,,,,,,,,,,,,,,,,,,
,,,,,,,Building Materials,Decking,Composite Decking,,AGB15520EW,1x6-20' English Walnut Grooved - Vintage Azek PVC Decking,TIMBERTECH,-- No Unilog Brand --,-- No DIB Brand --,Parksite (6151),The AZEK Company,TimberTech®,,AGB15520EW,,Building Materials>Decking>Composite & PVC Decking,"The AZEK Company TimberTech, Decking, English Walnut, AGB15520EW",DECKING 1IN X 6IN 20FT GRVD,"TimberTech® English Walnut AGB15520EW Decking, 1 in x 6 in, 20 ft, Grooved","TimberTech® Decking, English Walnut, 1 in x 6 in, 20 ft, Grooved","English Walnut Decking, 1 in x 6 in, 20 ft, Grooved",,,,,,,,,,,,,,,,,,,,,,,,,,,Decking,Nominal Size,1 in x 6 in,,Length,20,ft,Edge Profile,Grooved,,Series,English Walnut,,,,,,,,,,,,,,,,,,,,,,,,,,,,,,,,,,,,,,,,,,,,,,,,,,,,,,,,,,,,,,,,,,,,,,,,,,,,,,,,,,,,,,,,,,,,,,,,,,,,,,,,,,,,,,,,,,,,,,,,,,,,,,,,,,,,,,,,,,,,,,,30103600,,,,,,,,,,,,,,,,,,,,,,,,,,,,,,,,,,,,,,,,,,,
,,,,,,,Building Materials,Decking,Composite Decking,,AGB15512MH,1x6-12' Mahogany Grooved - Vintage Azek PVC Decking,TIMBERTECH,-- No Unilog Brand --,-- No DIB Brand --,Parksite (6151),The AZEK Company,TimberTech®,,AGB15512MH,,Building Materials>Decking>Composite & PVC Decking,"The AZEK Company TimberTech, Decking, Mahogany, AGB15512MH, 1 in x 6 in",DECKING 1IN X 6IN 12FT GRVD,"TimberTech® Mahogany AGB15512MH Decking, 1 in x 6 in, 12 ft, Grooved","TimberTech® Decking, Mahogany, 1 in x 6 in, 12 ft, Grooved","Mahogany Decking, 1 in x 6 in, 12 ft, Grooved",,,,,,,,,,,,,,,,,,,,,,,,,,,Decking,Nominal Size,1 in x 6 in,,Length,12,ft,Edge Profile,Grooved,,Series,Mahogany,,,,,,,,,,,,,,,,,,,,,,,,,,,,,,,,,,,,,,,,,,,,,,,,,,,,,,,,,,,,,,,,,,,,,,,,,,,,,,,,,,,,,,,,,,,,,,,,,,,,,,,,,,,,,,,,,,,,,,,,,,,,,,,,,,,,,,,,,,,,,,,30103600,,,,,,,,,,,,,,,,,,,,,,,,,,,,,,,,,,,,,,,,,,,
,,,,,,,Building Materials,Decking,Composite Decking,,AGB15516MH,1x6-16' Mahogany Grooved - Vintage Azek PVC Decking,TIMBERTECH,-- No Unilog Brand --,-- No DIB Brand --,Parksite (6151),The AZEK Company,TimberTech®,,AGB15516MH,,Building Materials>Decking>Composite & PVC Decking,"The AZEK Company TimberTech, Decking, Mahogany, AGB15516MH, 1 in x 6 in",DECKING 1IN X 6IN 16FT GRVD,"TimberTech® Mahogany AGB15516MH Decking, 1 in x 6 in, 16 ft, Grooved","TimberTech® Decking, Mahogany, 1 in x 6 in, 16 ft, Grooved","Mahogany Decking, 1 in x 6 in, 16 ft, Grooved",,,,,,,,,,,,,,,,,,,,,,,,,,,Decking,Nominal Size,1 in x 6 in,,Length,16,ft,Edge Profile,Grooved,,Series,Mahogany,,,,,,,,,,,,,,,,,,,,,,,,,,,,,,,,,,,,,,,,,,,,,,,,,,,,,,,,,,,,,,,,,,,,,,,,,,,,,,,,,,,,,,,,,,,,,,,,,,,,,,,,,,,,,,,,,,,,,,,,,,,,,,,,,,,,,,,,,,,,,,,30103600,,,,,,,,,,,,,,,,,,,,,,,,,,,,,,,,,,,,,,,,,,,
,,,,,,,Building Materials,Decking,Composite Decking,,AGB15520MH,1x6-20' Mahogany Grooved - Vintage Azek PVC Decking,TIMBERTECH,-- No Unilog Brand --,-- No DIB Brand --,Parksite (6151),The AZEK Company,TimberTech®,,AGB15520MH,,Building Materials>Decking>Composite & PVC Decking,"The AZEK Company TimberTech, Decking, Mahogany, AGB15520MH, 1 in x 6 in",DECKING 1IN X 6IN 20FT GRVD,"TimberTech® Mahogany AGB15520MH Decking, 1 in x 6 in, 20 ft, Grooved","TimberTech® Decking, Mahogany, 1 in x 6 in, 20 ft, Grooved","Mahogany Decking, 1 in x 6 in, 20 ft, Grooved",,,,,,,,,,,,,,,,,,,,,,,,,,,Decking,Nominal Size,1 in x 6 in,,Length,20,ft,Edge Profile,Grooved,,Series,Mahogany,,,,,,,,,,,,,,,,,,,,,,,,,,,,,,,,,,,,,,,,,,,,,,,,,,,,,,,,,,,,,,,,,,,,,,,,,,,,,,,,,,,,,,,,,,,,,,,,,,,,,,,,,,,,,,,,,,,,,,,,,,,,,,,,,,,,,,,,,,,,,,,30103600,,,,,,,,,,,,,,,,,,,,,,,,,,,,,,,,,,,,,,,,,,,
,,,,,,,Building Materials,Decking,Composite Decking,,AGB15512WT,1x6-12' Weathered Teak Grooved - Vintage Azek PVC Decking,TIMBERTECH,-- No Unilog Brand --,-- No DIB Brand --,Parksite (6151),The AZEK Company,TimberTech®,,AGB15512WT,,Building Materials>Decking>Composite & PVC Decking,"The AZEK Company TimberTech, Decking, Weathered Teak, AGB15512WT",DECKING 1IN X 6IN 12FT GRVD,"TimberTech® Weathered Teak AGB15512WT Decking, 1 in x 6 in, 12 ft, Grooved","TimberTech® Decking, Weathered Teak, 1 in x 6 in, 12 ft, Grooved","Weathered Teak Decking, 1 in x 6 in, 12 ft, Grooved",,,,,,,,,,,,,,,,,,,,,,,,,,,Decking,Nominal Size,1 in x 6 in,,Length,12,ft,Edge Profile,Grooved,,Series,Weathered Teak,,,,,,,,,,,,,,,,,,,,,,,,,,,,,,,,,,,,,,,,,,,,,,,,,,,,,,,,,,,,,,,,,,,,,,,,,,,,,,,,,,,,,,,,,,,,,,,,,,,,,,,,,,,,,,,,,,,,,,,,,,,,,,,,,,,,,,,,,,,,,,,30103600,,,,,,,,,,,,,,,,,,,,,,,,,,,,,,,,,,,,,,,,,,,
,,,,,,,Building Materials,Decking,Composite Decking,,AGB15516WT,1x6-16' Weathered Teak Grooved - Vintage Azek PVC Decking,TIMBERTECH,-- No Unilog Brand --,-- No DIB Brand --,Parksite (6151),The AZEK Company,TimberTech®,,AGB15516WT,,Building Materials>Decking>Composite & PVC Decking,"The AZEK Company TimberTech, Decking, Weathered Teak, AGB15516WT",DECKING 1IN X 6IN 16FT GRVD,"TimberTech® Weathered Teak AGB15516WT Decking, 1 in x 6 in, 16 ft, Grooved","TimberTech® Decking, Weathered Teak, 1 in x 6 in, 16 ft, Grooved","Weathered Teak Decking, 1 in x 6 in, 16 ft, Grooved",,,,,,,,,,,,,,,,,,,,,,,,,,,Decking,Nominal Size,1 in x 6 in,,Length,16,ft,Edge Profile,Grooved,,Series,Weathered Teak,,,,,,,,,,,,,,,,,,,,,,,,,,,,,,,,,,,,,,,,,,,,,,,,,,,,,,,,,,,,,,,,,,,,,,,,,,,,,,,,,,,,,,,,,,,,,,,,,,,,,,,,,,,,,,,,,,,,,,,,,,,,,,,,,,,,,,,,,,,,,,,30103600,,,,,,,,,,,,,,,,,,,,,,,,,,,,,,,,,,,,,,,,,,,
,,,,,,,Building Materials,Decking,Composite Decking,,AGB15520WT,1x6-20' Weathered Teak Grooved - Vintage Azek PVC Decking,TIMBERTECH,-- No Unilog Brand --,-- No DIB Brand --,Parksite (6151),The AZEK Company,TimberTech®,,AGB15520WT,,Building Materials>Decking>Composite & PVC Decking,"The AZEK Company TimberTech, Decking, Weathered Teak, AGB15520WT",DECKING 1IN X 6IN 20FT GRVD,"TimberTech® Weathered Teak AGB15520WT Decking, 1 in x 6 in, 20 ft, Grooved","TimberTech® Decking, Weathered Teak, 1 in x 6 in, 20 ft, Grooved","Weathered Teak Decking, 1 in x 6 in, 20 ft, Grooved",,,,,,,,,,,,,,,,,,,,,,,,,,,Decking,Nominal Size,1 in x 6 in,,Length,20,ft,Edge Profile,Grooved,,Series,Weathered Teak,,,,,,,,,,,,,,,,,,,,,,,,,,,,,,,,,,,,,,,,,,,,,,,,,,,,,,,,,,,,,,,,,,,,,,,,,,,,,,,,,,,,,,,,,,,,,,,,,,,,,,,,,,,,,,,,,,,,,,,,,,,,,,,,,,,,,,,,,,,,,,,30103600,,,,,,,,,,,,,,,,,,,,,,,,,,,,,,,,,,,,,,,,,,,
,,,,,,,Building Materials,Decking,Composite Decking,,ADB15516AW,1x6-16' American Walnut Sq Edg - Landmark Azek PVC Decking,TIMBERTECH,-- No Unilog Brand --,-- No DIB Brand --,Parksite (6151),The AZEK Company,TimberTech®,,ADB15516AW,,Building Materials>Decking>Composite & PVC Decking,"The AZEK Company TimberTech, Decking, American Walnut, ADB15516AW",DECKING 1IN X 6IN 16FT SQ EDG,"TimberTech® American Walnut ADB15516AW Decking, 1 in x 6 in, 16 ft, Square Edge","TimberTech® Decking, American Walnut, 1 in x 6 in, 16 ft, Square Edge","American Walnut Decking, 1 in x 6 in, 16 ft, Square Edge",,,,,,,,,,,,,,,,,,,,,,,,,,,Decking,Nominal Size,1 in x 6 in,,Length,16,ft,Edge Profile,Square Edge,,Series,American Walnut,,,,,,,,,,,,,,,,,,,,,,,,,,,,,,,,,,,,,,,,,,,,,,,,,,,,,,,,,,,,,,,,,,,,,,,,,,,,,,,,,,,,,,,,,,,,,,,,,,,,,,,,,,,,,,,,,,,,,,,,,,,,,,,,,,,,,,,,,,,,,,,30103600,,,,,,,,,,,,,,,,,,,,,,,,,,,,,,,,,,,,,,,,,,,
,,,,,,,Building Materials,Decking,Composite Decking,,ADB15520AW,1x6-20' American Walnut Sq Edg - Landmark Azek PVC Decking,TIMBERTECH,-- No Unilog Brand --,-- No DIB Brand --,Parksite (6151),The AZEK Company,TimberTech®,,ADB15520AW,,Building Materials>Decking>Composite & PVC Decking,"The AZEK Company TimberTech, Decking, American Walnut, ADB15520AW",DECKING 1IN X 6IN 20FT SQ EDG,"TimberTech® American Walnut ADB15520AW Decking, 1 in x 6 in, 20 ft, Square Edge","TimberTech® Decking, American Walnut, 1 in x 6 in, 20 ft, Square Edge","American Walnut Decking, 1 in x 6 in, 20 ft, Square Edge",,,,,,,,,,,,,,,,,,,,,,,,,,,Decking,Nominal Size,1 in x 6 in,,Length,20,ft,Edge Profile,Square Edge,,Series,American Walnut,,,,,,,,,,,,,,,,,,,,,,,,,,,,,,,,,,,,,,,,,,,,,,,,,,,,,,,,,,,,,,,,,,,,,,,,,,,,,,,,,,,,,,,,,,,,,,,,,,,,,,,,,,,,,,,,,,,,,,,,,,,,,,,,,,,,,,,,,,,,,,,30103600,,,,,,,,,,,,,,,,,,,,,,,,,,,,,,,,,,,,,,,,,,,
,,,,,,,Building Materials,Decking,Composite Decking,,ADB15516CG,1x6-16' Castle Gate Sq Edge - Landmark Azek PVC Decking,TIMBERTECH,-- No Unilog Brand --,-- No DIB Brand --,Parksite (6151),The AZEK Company,TimberTech®,,ADB15516CG,,Building Materials>Decking>Composite & PVC Decking,"The AZEK Company TimberTech, Decking, Castle Gate, ADB15516CG",DECKING 1IN X 6IN 16FT SQ EDG,"TimberTech® Castle Gate ADB15516CG Decking, 1 in x 6 in, 16 ft, Square Edge","TimberTech® Decking, Castle Gate, 1 in x 6 in, 16 ft, Square Edge","Castle Gate Decking, 1 in x 6 in, 16 ft, Square Edge",,,,,,,,,,,,,,,,,,,,,,,,,,,Decking,Nominal Size,1 in x 6 in,,Length,16,ft,Edge Profile,Square Edge,,Series,Castle Gate,,,,,,,,,,,,,,,,,,,,,,,,,,,,,,,,,,,,,,,,,,,,,,,,,,,,,,,,,,,,,,,,,,,,,,,,,,,,,,,,,,,,,,,,,,,,,,,,,,,,,,,,,,,,,,,,,,,,,,,,,,,,,,,,,,,,,,,,,,,,,,,30103600,,,,,,,,,,,,,,,,,,,,,,,,,,,,,,,,,,,,,,,,,,,
,,,,,,,Building Materials,Decking,Composite Decking,,ADB15520CG,1x6-20' Castle Gate Sq Edge - Landmark Azek PVC Decking,TIMBERTECH,-- No Unilog Brand --,-- No DIB Brand --,Parksite (6151),The AZEK Company,TimberTech®,,ADB15520CG,,Building Materials>Decking>Composite & PVC Decking,"The AZEK Company TimberTech, Decking, Castle Gate, ADB15520CG",DECKING 1IN X 6IN 20FT SQ EDG,"TimberTech® Castle Gate ADB15520CG Decking, 1 in x 6 in, 20 ft, Square Edge","TimberTech® Decking, Castle Gate, 1 in x 6 in, 20 ft, Square Edge","Castle Gate Decking, 1 in x 6 in, 20 ft, Square Edge",,,,,,,,,,,,,,,,,,,,,,,,,,,Decking,Nominal Size,1 in x 6 in,,Length,20,ft,Edge Profile,Square Edge,,Series,Castle Gate,,,,,,,,,,,,,,,,,,,,,,,,,,,,,,,,,,,,,,,,,,,,,,,,,,,,,,,,,,,,,,,,,,,,,,,,,,,,,,,,,,,,,,,,,,,,,,,,,,,,,,,,,,,,,,,,,,,,,,,,,,,,,,,,,,,,,,,,,,,,,,,30103600,,,,,,,,,,,,,,,,,,,,,,,,,,,,,,,,,,,,,,,,,,,
,,,,,,,Tools,Hand Tools,Layout & Measuring,,ADB15516FW,1x6-16' French White Oak Sq Ed - Landmark Azek PVC Decking,TIMBERTECH,-- No Unilog Brand --,-- No DIB Brand --,Parksite (6151),The AZEK Company,TimberTech®,,ADB15516FW,,Tools & Equipment>Hand Tools>Layout & Measuring Tools,"The AZEK Company TimberTech, Square, Landmark Azek PVC Decking, ADB15516FW",SQUARE WH 1IN X 6IN 16FT,"TimberTech® Landmark Azek PVC Decking ADB15516FW Square, 1 in x 6 in, 16 ft, White","TimberTech® Square, Landmark Azek PVC Decking, 1 in x 6 in, 16 ft, White","Landmark Azek PVC Decking Square, 1 in x 6 in, 16 ft, White",,,,,,,,,,,,,,,,,,,,,,,,,,,Square,Size,,,Series,Landmark Azek PVC Decking,,Nominal Size,1 in x 6 in,,Length,16,ft,Color,White,,,,,,,,,,,,,,,,,,,,,,,,,,,,,,,,,,,,,,,,,,,,,,,,,,,,,,,,,,,,,,,,,,,,,,,,,,,,,,,,,,,,,,,,,,,,,,,,,,,,,,,,,,,,,,,,,,,,,,,,,,,,,,,,,,,,,,,,,,,,41111700,,,,,,,,,,,,,,,,,,,,,,,,,,,,,,,,,,,,,,,,,,,
,,,,,,,Tools,Hand Tools,Layout & Measuring,,ADB15520FW,1x6-20' French White Oak Sq Ed - Landmark Azek PVC Decking,TIMBERTECH,-- No Unilog Brand --,-- No DIB Brand --,Parksite (6151),The AZEK Company,TimberTech®,,ADB15520FW,,Tools & Equipment>Hand Tools>Layout & Measuring Tools,"The AZEK Company TimberTech, Square, Landmark Azek PVC Decking, ADB15520FW",SQUARE WH 1IN X 6IN 20FT,"TimberTech® Landmark Azek PVC Decking ADB15520FW Square, 1 in x 6 in, 20 ft, White","TimberTech® Square, Landmark Azek PVC Decking, 1 in x 6 in, 20 ft, White","Landmark Azek PVC Decking Square, 1 in x 6 in, 20 ft, White",,,,,,,,,,,,,,,,,,,,,,,,,,,Square,Size,,,Series,Landmark Azek PVC Decking,,Nominal Size,1 in x 6 in,,Length,20,ft,Color,White,,,,,,,,,,,,,,,,,,,,,,,,,,,,,,,,,,,,,,,,,,,,,,,,,,,,,,,,,,,,,,,,,,,,,,,,,,,,,,,,,,,,,,,,,,,,,,,,,,,,,,,,,,,,,,,,,,,,,,,,,,,,,,,,,,,,,,,,,,,,41111700,,,,,,,,,,,,,,,,,,,,,,,,,,,,,,,,,,,,,,,,,,,
,,,,,,,Building Materials,Decking,Composite Decking,,AGB15512AW,1x6-12' American Walnut Groove - Landmark Azek PVC Decking,TIMBERTECH,-- No Unilog Brand --,-- No DIB Brand --,Parksite (6151),The AZEK Company,TimberTech®,,AGB15512AW,,Building Materials>Decking>Composite & PVC Decking,"The AZEK Company TimberTech, Decking, American Walnut Groove, AGB15512AW",DECKING 1IN X 6IN 12FT,"TimberTech® American Walnut Groove AGB15512AW Decking, 1 in x 6 in, 12 ft","TimberTech® Decking, American Walnut Groove, 1 in x 6 in, 12 ft","American Walnut Groove Decking, 1 in x 6 in, 12 ft",,,,,,,,,,,,,,,,,,,,,,,,,,,Decking,Nominal Size,1 in x 6 in,,Length,12,ft,Edge Profile,,,Series,American Walnut Groove,,,,,,,,,,,,,,,,,,,,,,,,,,,,,,,,,,,,,,,,,,,,,,,,,,,,,,,,,,,,,,,,,,,,,,,,,,,,,,,,,,,,,,,,,,,,,,,,,,,,,,,,,,,,,,,,,,,,,,,,,,,,,,,,,,,,,,,,,,,,,,,30103600,,,,,,,,,,,,,,,,,,,,,,,,,,,,,,,,,,,,,,,,,,,
,,,,,,,Building Materials,Decking,Composite Decking,,AGB15516AW,1x6-16' American Walnut Groove - Landmark Azek PVC Decking,TIMBERTECH,-- No Unilog Brand --,-- No DIB Brand --,Parksite (6151),The AZEK Company,TimberTech®,,AGB15516AW,,Building Materials>Decking>Composite & PVC Decking,"The AZEK Company TimberTech, Decking, American Walnut Groove, AGB15516AW",DECKING 1IN X 6IN 16FT,"TimberTech® American Walnut Groove AGB15516AW Decking, 1 in x 6 in, 16 ft","TimberTech® Decking, American Walnut Groove, 1 in x 6 in, 16 ft","American Walnut Groove Decking, 1 in x 6 in, 16 ft",,,,,,,,,,,,,,,,,,,,,,,,,,,Decking,Nominal Size,1 in x 6 in,,Length,16,ft,Edge Profile,,,Series,American Walnut Groove,,,,,,,,,,,,,,,,,,,,,,,,,,,,,,,,,,,,,,,,,,,,,,,,,,,,,,,,,,,,,,,,,,,,,,,,,,,,,,,,,,,,,,,,,,,,,,,,,,,,,,,,,,,,,,,,,,,,,,,,,,,,,,,,,,,,,,,,,,,,,,,30103600,,,,,,,,,,,,,,,,,,,,,,,,,,,,,,,,,,,,,,,,,,,
,,,,,,,Building Materials,Decking,Composite Decking,,AGB15520AW,1x6-20' American Walnut Groove - Landmark Azek PVC Decking,TIMBERTECH,-- No Unilog Brand --,-- No DIB Brand --,Parksite (6151),The AZEK Company,TimberTech®,,AGB15520AW,,Building Materials>Decking>Composite & PVC Decking,"The AZEK Company TimberTech, Decking, American Walnut Groove, AGB15520AW",DECKING 1IN X 6IN 20FT,"TimberTech® American Walnut Groove AGB15520AW Decking, 1 in x 6 in, 20 ft","TimberTech® Decking, American Walnut Groove, 1 in x 6 in, 20 ft","American Walnut Groove Decking, 1 in x 6 in, 20 ft",,,,,,,,,,,,,,,,,,,,,,,,,,,Decking,Nominal Size,1 in x 6 in,,Length,20,ft,Edge Profile,,,Series,American Walnut Groove,,,,,,,,,,,,,,,,,,,,,,,,,,,,,,,,,,,,,,,,,,,,,,,,,,,,,,,,,,,,,,,,,,,,,,,,,,,,,,,,,,,,,,,,,,,,,,,,,,,,,,,,,,,,,,,,,,,,,,,,,,,,,,,,,,,,,,,,,,,,,,,30103600,,,,,,,,,,,,,,,,,,,,,,,,,,,,,,,,,,,,,,,,,,,
,,,,,,,Building Materials,Decking,Composite Decking,,AGB15512CG,1x6-12' Castle Gate Grooved - Landmark Azek PVC Decking,TIMBERTECH,-- No Unilog Brand --,-- No DIB Brand --,Parksite (6151),The AZEK Company,TimberTech®,,AGB15512CG,,Building Materials>Decking>Composite & PVC Decking,"The AZEK Company TimberTech, Decking, Castle Gate, AGB15512CG",DECKING 1IN X 6IN 12FT GRVD,"TimberTech® Castle Gate AGB15512CG Decking, 1 in x 6 in, 12 ft, Grooved","TimberTech® Decking, Castle Gate, 1 in x 6 in, 12 ft, Grooved","Castle Gate Decking, 1 in x 6 in, 12 ft, Grooved",,,,,,,,,,,,,,,,,,,,,,,,,,,Decking,Nominal Size,1 in x 6 in,,Length,12,ft,Edge Profile,Grooved,,Series,Castle Gate,,,,,,,,,,,,,,,,,,,,,,,,,,,,,,,,,,,,,,,,,,,,,,,,,,,,,,,,,,,,,,,,,,,,,,,,,,,,,,,,,,,,,,,,,,,,,,,,,,,,,,,,,,,,,,,,,,,,,,,,,,,,,,,,,,,,,,,,,,,,,,,30103600,,,,,,,,,,,,,,,,,,,,,,,,,,,,,,,,,,,,,,,,,,,
,,,,,,,Building Materials,Decking,Composite Decking,,AGB15516CG,1x6-16' Castle Gate Grooved - Landmark Azek PVC Decking,TIMBERTECH,-- No Unilog Brand --,-- No DIB Brand --,Parksite (6151),The AZEK Company,TimberTech®,,AGB15516CG,,Building Materials>Decking>Composite & PVC Decking,"The AZEK Company TimberTech, Decking, Castle Gate, AGB15516CG",DECKING 1IN X 6IN 16FT GRVD,"TimberTech® Castle Gate AGB15516CG Decking, 1 in x 6 in, 16 ft, Grooved","TimberTech® Decking, Castle Gate, 1 in x 6 in, 16 ft, Grooved","Castle Gate Decking, 1 in x 6 in, 16 ft, Grooved",,,,,,,,,,,,,,,,,,,,,,,,,,,Decking,Nominal Size,1 in x 6 in,,Length,16,ft,Edge Profile,Grooved,,Series,Castle Gate,,,,,,,,,,,,,,,,,,,,,,,,,,,,,,,,,,,,,,,,,,,,,,,,,,,,,,,,,,,,,,,,,,,,,,,,,,,,,,,,,,,,,,,,,,,,,,,,,,,,,,,,,,,,,,,,,,,,,,,,,,,,,,,,,,,,,,,,,,,,,,,30103600,,,,,,,,,,,,,,,,,,,,,,,,,,,,,,,,,,,,,,,,,,,
,,,,,,,Building Materials,Decking,Composite Decking,,AGB15520CG,1x6-20' Castle Gate Grooved - Landmark Azek PVC Decking,TIMBERTECH,-- No Unilog Brand --,-- No DIB Brand --,Parksite (6151),The AZEK Company,TimberTech®,,AGB15520CG,,Building Materials>Decking>Composite & PVC Decking,"The AZEK Company TimberTech, Decking, Castle Gate, AGB15520CG",DECKING 1IN X 6IN 20FT GRVD,"TimberTech® Castle Gate AGB15520CG Decking, 1 in x 6 in, 20 ft, Grooved","TimberTech® Decking, Castle Gate, 1 in x 6 in, 20 ft, Grooved","Castle Gate Decking, 1 in x 6 in, 20 ft, Grooved",,,,,,,,,,,,,,,,,,,,,,,,,,,Decking,Nominal Size,1 in x 6 in,,Length,20,ft,Edge Profile,Grooved,,Series,Castle Gate,,,,,,,,,,,,,,,,,,,,,,,,,,,,,,,,,,,,,,,,,,,,,,,,,,,,,,,,,,,,,,,,,,,,,,,,,,,,,,,,,,,,,,,,,,,,,,,,,,,,,,,,,,,,,,,,,,,,,,,,,,,,,,,,,,,,,,,,,,,,,,,30103600,,,,,,,,,,,,,,,,,,,,,,,,,,,,,,,,,,,,,,,,,,,
,,,,,,,Building Materials,Decking,Composite Decking,,AGB15512FW,1x6-12' French White Oak Groov - Landmark Azek PVC Decking,TIMBERTECH,-- No Unilog Brand --,-- No DIB Brand --,Parksite (6151),The AZEK Company,TimberTech®,,AGB15512FW,,Building Materials>Decking>Composite & PVC Decking,"The AZEK Company TimberTech, Decking, French Oak Groov, AGB15512FW",DECKING WH 1IN X 6IN 12FT,"TimberTech® French Oak Groov AGB15512FW Decking, 1 in x 6 in, 12 ft, White","TimberTech® Decking, French Oak Groov, 1 in x 6 in, 12 ft, White","French Oak Groov Decking, 1 in x 6 in, 12 ft, White",,,,,,,,,,,,,,,,,,,,,,,,,,,Decking,Nominal Size,1 in x 6 in,,Length,12,ft,Edge Profile,,,Series,French Oak Groov,,Color,White,,,,,,,,,,,,,,,,,,,,,,,,,,,,,,,,,,,,,,,,,,,,,,,,,,,,,,,,,,,,,,,,,,,,,,,,,,,,,,,,,,,,,,,,,,,,,,,,,,,,,,,,,,,,,,,,,,,,,,,,,,,,,,,,,,,,,,,,,,,,30103600,,,,,,,,,,,,,,,,,,,,,,,,,,,,,,,,,,,,,,,,,,,
,,,,,,,Building Materials,Decking,Composite Decking,,AGB15516FW,1x6-16' French White Oak Groov - Landmark Azek PVC Decking,TIMBERTECH,-- No Unilog Brand --,-- No DIB Brand --,Parksite (6151),The AZEK Company,TimberTech®,,AGB15516FW,,Building Materials>Decking>Composite & PVC Decking,"The AZEK Company TimberTech, Decking, French Oak Groov, AGB15516FW",DECKING WH 1IN X 6IN 16FT,"TimberTech® French Oak Groov AGB15516FW Decking, 1 in x 6 in, 16 ft, White","TimberTech® Decking, French Oak Groov, 1 in x 6 in, 16 ft, White","French Oak Groov Decking, 1 in x 6 in, 16 ft, White",,,,,,,,,,,,,,,,,,,,,,,,,,,Decking,Nominal Size,1 in x 6 in,,Length,16,ft,Edge Profile,,,Series,French Oak Groov,,Color,White,,,,,,,,,,,,,,,,,,,,,,,,,,,,,,,,,,,,,,,,,,,,,,,,,,,,,,,,,,,,,,,,,,,,,,,,,,,,,,,,,,,,,,,,,,,,,,,,,,,,,,,,,,,,,,,,,,,,,,,,,,,,,,,,,,,,,,,,,,,,30103600,,,,,,,,,,,,,,,,,,,,,,,,,,,,,,,,,,,,,,,,,,,
,,,,,,,Building Materials,Decking,Composite Decking,,AGB15520FW,1x6-20' French White Oak Groov - Landmark Azek PVC Decking,TIMBERTECH,-- No Unilog Brand --,-- No DIB Brand --,Parksite (6151),The AZEK Company,TimberTech®,,AGB15520FW,,Building Materials>Decking>Composite & PVC Decking,"The AZEK Company TimberTech, Decking, French Oak Groov, AGB15520FW",DECKING WH 1IN X 6IN 20FT,"TimberTech® French Oak Groov AGB15520FW Decking, 1 in x 6 in, 20 ft, White","TimberTech® Decking, French Oak Groov, 1 in x 6 in, 20 ft, White","French Oak Groov Decking, 1 in x 6 in, 20 ft, White",,,,,,,,,,,,,,,,,,,,,,,,,,,Decking,Nominal Size,1 in x 6 in,,Length,20,ft,Edge Profile,,,Series,French Oak Groov,,Color,White,,,,,,,,,,,,,,,,,,,,,,,,,,,,,,,,,,,,,,,,,,,,,,,,,,,,,,,,,,,,,,,,,,,,,,,,,,,,,,,,,,,,,,,,,,,,,,,,,,,,,,,,,,,,,,,,,,,,,,,,,,,,,,,,,,,,,,,,,,,,30103600,,,,,,,,,,,,,,,,,,,,,,,,,,,,,,,,,,,,,,,,,,,
,,,,,,,Building Materials,Decking,Composite Decking,,ADCB15516BS,1x6-16' Brownstone Sq Edge - Harvest Azek PVC Decking,TIMBERTECH,-- No Unilog Brand --,-- No DIB Brand --,Parksite (6151),The AZEK Company,TimberTech®,,ADCB15516BS,,Building Materials>Decking>Composite & PVC Decking,"The AZEK Company TimberTech, Decking, Brownstone, ADCB15516BS",DECKING 1IN X 6IN 16FT SQ EDG,"TimberTech® Brownstone ADCB15516BS Decking, 1 in x 6 in, 16 ft, Square Edge","TimberTech® Decking, Brownstone, 1 in x 6 in, 16 ft, Square Edge","Brownstone Decking, 1 in x 6 in, 16 ft, Square Edge",,,,,,,,,,,,,,,,,,,,,,,,,,,Decking,Nominal Size,1 in x 6 in,,Length,16,ft,Edge Profile,Square Edge,,Series,Brownstone,,,,,,,,,,,,,,,,,,,,,,,,,,,,,,,,,,,,,,,,,,,,,,,,,,,,,,,,,,,,,,,,,,,,,,,,,,,,,,,,,,,,,,,,,,,,,,,,,,,,,,,,,,,,,,,,,,,,,,,,,,,,,,,,,,,,,,,,,,,,,,,30103600,,,,,,,,,,,,,,,,,,,,,,,,,,,,,,,,,,,,,,,,,,,
,,,,,,,Building Materials,Decking,Composite Decking,,ADCB15520BS,1x6-20' Brownstone Sq Edge - Harvest Azek PVC Decking,TIMBERTECH,-- No Unilog Brand --,-- No DIB Brand --,Parksite (6151),The AZEK Company,TimberTech®,,ADCB15520BS,,Building Materials>Decking>Composite & PVC Decking,"The AZEK Company TimberTech, Decking, Brownstone, ADCB15520BS",DECKING 1IN X 6IN 20FT SQ EDG,"TimberTech® Brownstone ADCB15520BS Decking, 1 in x 6 in, 20 ft, Square Edge","TimberTech® Decking, Brownstone, 1 in x 6 in, 20 ft, Square Edge","Brownstone Decking, 1 in x 6 in, 20 ft, Square Edge",,,,,,,,,,,,,,,,,,,,,,,,,,,Decking,Nominal Size,1 in x 6 in,,Length,20,ft,Edge Profile,Square Edge,,Series,Brownstone,,,,,,,,,,,,,,,,,,,,,,,,,,,,,,,,,,,,,,,,,,,,,,,,,,,,,,,,,,,,,,,,,,,,,,,,,,,,,,,,,,,,,,,,,,,,,,,,,,,,,,,,,,,,,,,,,,,,,,,,,,,,,,,,,,,,,,,,,,,,,,,30103600,,,,,,,,,,,,,,,,,,,,,,,,,,,,,,,,,,,,,,,,,,,
,,,,,,,Building Materials,Decking,Composite Decking,,ADCB15516SG,1x6-16' Slate Gray Sq Edge - Harvest Azek PVC Decking,TIMBERTECH,-- No Unilog Brand --,-- No DIB Brand --,Parksite (6151),The AZEK Company,TimberTech®,,ADCB15516SG,,Building Materials>Decking>Composite & PVC Decking,"The AZEK Company TimberTech, Decking, Gray, ADCB15516SG, 1 in x 6 in",DECKING SLATE 1IN X 6IN 16FT SQ EDG,"TimberTech® Gray ADCB15516SG Decking, 1 in x 6 in, 16 ft, Square Edge, Slate","TimberTech® Decking, Gray, 1 in x 6 in, 16 ft, Square Edge, Slate","Gray Decking, 1 in x 6 in, 16 ft, Square Edge, Slate",,,,,,,,,,,,,,,,,,,,,,,,,,,Decking,Nominal Size,1 in x 6 in,,Length,16,ft,Edge Profile,Square Edge,,Series,Gray,,Color,Slate,,,,,,,,,,,,,,,,,,,,,,,,,,,,,,,,,,,,,,,,,,,,,,,,,,,,,,,,,,,,,,,,,,,,,,,,,,,,,,,,,,,,,,,,,,,,,,,,,,,,,,,,,,,,,,,,,,,,,,,,,,,,,,,,,,,,,,,,,,,,30103600,,,,,,,,,,,,,,,,,,,,,,,,,,,,,,,,,,,,,,,,,,,
,,,,,,,Building Materials,Decking,Composite Decking,,ADCB15520SG,1x6-20' Slate Gray Sq Edge - Harvest Azek PVC Decking,TIMBERTECH,-- No Unilog Brand --,-- No DIB Brand --,Parksite (6151),The AZEK Company,TimberTech®,,ADCB15520SG,,Building Materials>Decking>Composite & PVC Decking,"The AZEK Company TimberTech, Decking, Gray, ADCB15520SG, 1 in x 6 in",DECKING SLATE 1IN X 6IN 20FT SQ EDG,"TimberTech® Gray ADCB15520SG Decking, 1 in x 6 in, 20 ft, Square Edge, Slate","TimberTech® Decking, Gray, 1 in x 6 in, 20 ft, Square Edge, Slate","Gray Decking, 1 in x 6 in, 20 ft, Square Edge, Slate",,,,,,,,,,,,,,,,,,,,,,,,,,,Decking,Nominal Size,1 in x 6 in,,Length,20,ft,Edge Profile,Square Edge,,Series,Gray,,Color,Slate,,,,,,,,,,,,,,,,,,,,,,,,,,,,,,,,,,,,,,,,,,,,,,,,,,,,,,,,,,,,,,,,,,,,,,,,,,,,,,,,,,,,,,,,,,,,,,,,,,,,,,,,,,,,,,,,,,,,,,,,,,,,,,,,,,,,,,,,,,,,30103600,,,,,,,,,,,,,,,,,,,,,,,,,,,,,,,,,,,,,,,,,,,
,,,,,,,Building Materials,Decking,Composite Decking,,AGB15512BS,1x6-12' Brownstone Grooved - Harvest Azek PVC Decking,TIMBERTECH,-- No Unilog Brand --,-- No DIB Brand --,Parksite (6151),The AZEK Company,TimberTech®,,AGB15512BS,,Building Materials>Decking>Composite & PVC Decking,"The AZEK Company TimberTech, Decking, Brownstone, AGB15512BS",DECKING 1IN X 6IN 12FT GRVD,"TimberTech® Brownstone AGB15512BS Decking, 1 in x 6 in, 12 ft, Grooved","TimberTech® Decking, Brownstone, 1 in x 6 in, 12 ft, Grooved","Brownstone Decking, 1 in x 6 in, 12 ft, Grooved",,,,,,,,,,,,,,,,,,,,,,,,,,,Decking,Nominal Size,1 in x 6 in,,Length,12,ft,Edge Profile,Grooved,,Series,Brownstone,,,,,,,,,,,,,,,,,,,,,,,,,,,,,,,,,,,,,,,,,,,,,,,,,,,,,,,,,,,,,,,,,,,,,,,,,,,,,,,,,,,,,,,,,,,,,,,,,,,,,,,,,,,,,,,,,,,,,,,,,,,,,,,,,,,,,,,,,,,,,,,30103600,,,,,,,,,,,,,,,,,,,,,,,,,,,,,,,,,,,,,,,,,,,
,,,,,,,Building Materials,Decking,Composite Decking,,AGB15516BS,1x6-16' Brownstone Grooved - Harvest Azek PVC Decking,TIMBERTECH,-- No Unilog Brand --,-- No DIB Brand --,Parksite (6151),The AZEK Company,TimberTech®,,AGB15516BS,,Building Materials>Decking>Composite & PVC Decking,"The AZEK Company TimberTech, Decking, Brownstone, AGB15516BS",DECKING 1IN X 6IN 16FT GRVD,"TimberTech® Brownstone AGB15516BS Decking, 1 in x 6 in, 16 ft, Grooved","TimberTech® Decking, Brownstone, 1 in x 6 in, 16 ft, Grooved","Brownstone Decking, 1 in x 6 in, 16 ft, Grooved",,,,,,,,,,,,,,,,,,,,,,,,,,,Decking,Nominal Size,1 in x 6 in,,Length,16,ft,Edge Profile,Grooved,,Series,Brownstone,,,,,,,,,,,,,,,,,,,,,,,,,,,,,,,,,,,,,,,,,,,,,,,,,,,,,,,,,,,,,,,,,,,,,,,,,,,,,,,,,,,,,,,,,,,,,,,,,,,,,,,,,,,,,,,,,,,,,,,,,,,,,,,,,,,,,,,,,,,,,,,30103600,,,,,,,,,,,,,,,,,,,,,,,,,,,,,,,,,,,,,,,,,,,
,,,,,,,Building Materials,Decking,Composite Decking,,AGB15520BS,1x6-20' Brownstone Grooved - Harvest Azek PVC Decking,TIMBERTECH,-- No Unilog Brand --,-- No DIB Brand --,Parksite (6151),The AZEK Company,TimberTech®,,AGB15520BS,,Building Materials>Decking>Composite & PVC Decking,"The AZEK Company TimberTech, Decking, Brownstone, AGB15520BS",DECKING 1IN X 6IN 20FT GRVD,"TimberTech® Brownstone AGB15520BS Decking, 1 in x 6 in, 20 ft, Grooved","TimberTech® Decking, Brownstone, 1 in x 6 in, 20 ft, Grooved","Brownstone Decking, 1 in x 6 in, 20 ft, Grooved",,,,,,,,,,,,,,,,,,,,,,,,,,,Decking,Nominal Size,1 in x 6 in,,Length,20,ft,Edge Profile,Grooved,,Series,Brownstone,,,,,,,,,,,,,,,,,,,,,,,,,,,,,,,,,,,,,,,,,,,,,,,,,,,,,,,,,,,,,,,,,,,,,,,,,,,,,,,,,,,,,,,,,,,,,,,,,,,,,,,,,,,,,,,,,,,,,,,,,,,,,,,,,,,,,,,,,,,,,,,30103600,,,,,,,,,,,,,,,,,,,,,,,,,,,,,,,,,,,,,,,,,,,
,,,,,,,Building Materials,Decking,Composite Decking,,AGB15512SG,1x6-12' Slate Gray Grooved - Harvest Azek PVC Decking,TIMBERTECH,-- No Unilog Brand --,-- No DIB Brand --,Parksite (6151),The AZEK Company,TimberTech®,,AGB15512SG,,Building Materials>Decking>Composite & PVC Decking,"The AZEK Company TimberTech, Decking, Gray, AGB15512SG, 1 in x 6 in",DECKING SLATE 1IN X 6IN 12FT GRVD,"TimberTech® Gray AGB15512SG Decking, 1 in x 6 in, 12 ft, Grooved, Slate","TimberTech® Decking, Gray, 1 in x 6 in, 12 ft, Grooved, Slate","Gray Decking, 1 in x 6 in, 12 ft, Grooved, Slate",,,,,,,,,,,,,,,,,,,,,,,,,,,Decking,Nominal Size,1 in x 6 in,,Length,12,ft,Edge Profile,Grooved,,Series,Gray,,Color,Slate,,,,,,,,,,,,,,,,,,,,,,,,,,,,,,,,,,,,,,,,,,,,,,,,,,,,,,,,,,,,,,,,,,,,,,,,,,,,,,,,,,,,,,,,,,,,,,,,,,,,,,,,,,,,,,,,,,,,,,,,,,,,,,,,,,,,,,,,,,,,30103600,,,,,,,,,,,,,,,,,,,,,,,,,,,,,,,,,,,,,,,,,,,
,,,,,,,Building Materials,Decking,Composite Decking,,AGB15516SG,1x6-16' Slate Gray Grooved - Harvest Azek PVC Decking,TIMBERTECH,-- No Unilog Brand --,-- No DIB Brand --,Parksite (6151),The AZEK Company,TimberTech®,,AGB15516SG,,Building Materials>Decking>Composite & PVC Decking,"The AZEK Company TimberTech, Decking, Gray, AGB15516SG, 1 in x 6 in",DECKING SLATE 1IN X 6IN 16FT GRVD,"TimberTech® Gray AGB15516SG Decking, 1 in x 6 in, 16 ft, Grooved, Slate","TimberTech® Decking, Gray, 1 in x 6 in, 16 ft, Grooved, Slate","Gray Decking, 1 in x 6 in, 16 ft, Grooved, Slate",,,,,,,,,,,,,,,,,,,,,,,,,,,Decking,Nominal Size,1 in x 6 in,,Length,16,ft,Edge Profile,Grooved,,Series,Gray,,Color,Slate,,,,,,,,,,,,,,,,,,,,,,,,,,,,,,,,,,,,,,,,,,,,,,,,,,,,,,,,,,,,,,,,,,,,,,,,,,,,,,,,,,,,,,,,,,,,,,,,,,,,,,,,,,,,,,,,,,,,,,,,,,,,,,,,,,,,,,,,,,,,30103600,,,,,,,,,,,,,,,,,,,,,,,,,,,,,,,,,,,,,,,,,,,
,,,,,,,Building Materials,Decking,Composite Decking,,AGB15520SG,1x6-20' Slate Gray Grooved - Harvest Azek PVC Decking,TIMBERTECH,-- No Unilog Brand --,-- No DIB Brand --,Parksite (6151),The AZEK Company,TimberTech®,,AGB15520SG,,Building Materials>Decking>Composite & PVC Decking,"The AZEK Company TimberTech, Decking, Gray, AGB15520SG, 1 in x 6 in",DECKING SLATE 1IN X 6IN 20FT GRVD,"TimberTech® Gray AGB15520SG Decking, 1 in x 6 in, 20 ft, Grooved, Slate","TimberTech® Decking, Gray, 1 in x 6 in, 20 ft, Grooved, Slate","Gray Decking, 1 in x 6 in, 20 ft, Grooved, Slate",,,,,,,,,,,,,,,,,,,,,,,,,,,Decking,Nominal Size,1 in x 6 in,,Length,20,ft,Edge Profile,Grooved,,Series,Gray,,Color,Slate,,,,,,,,,,,,,,,,,,,,,,,,,,,,,,,,,,,,,,,,,,,,,,,,,,,,,,,,,,,,,,,,,,,,,,,,,,,,,,,,,,,,,,,,,,,,,,,,,,,,,,,,,,,,,,,,,,,,,,,,,,,,,,,,,,,,,,,,,,,,30103600,,,,,,,,,,,,,,,,,,,,,,,,,,,,,,,,,,,,,,,,,,,
,,,,,,,Building Materials,Decking,Composite Decking,,543140016,1nx6-16' Biscayne Sq Edge - Trex Transcend Lineage Decking,TREX,-- No Unilog Brand --,-- No DIB Brand --,U S Lumber (3073),"Trex Company, Inc.",Trex®,,543140016,,Building Materials>Decking>Composite & PVC Decking,"Trex Company, Inc. Trex, Decking, Biscayne, 543140016, 1 in x 6 in",DECKING 1IN X 6IN 16FT SQ EDG,"Trex® Biscayne 543140016 Decking, 1 in x 6 in, 16 ft, Square Edge","Trex® Decking, Biscayne, 1 in x 6 in, 16 ft, Square Edge","Biscayne Decking, 1 in x 6 in, 16 ft, Square Edge",,,,,,,,,,,,,,,,,,,,,,,,,,,Decking,Nominal Size,1 in x 6 in,,Length,16,ft,Edge Profile,Square Edge,,Series,Biscayne,,,,,,,,,,,,,,,,,,,,,,,,,,,,,,,,,,,,,,,,,,,,,,,,,,,,,,,,,,,,,,,,,,,,,,,,,,,,,,,,,,,,,,,,,,,,,,,,,,,,,,,,,,,,,,,,,,,,,,,,,,,,,,,,,,,,,,,,,,,,,,,30103600,,,,,,,,,,,,,,,,,,,,,,,,,,,,,,,,,,,,,,,,,,,
,,,,,,,Building Materials,Decking,Composite Decking,,543140020,1nx6-20' Biscayne Sq Edge - Trex Transcend Lineage Decking,TREX,-- No Unilog Brand --,-- No DIB Brand --,U S Lumber (3073),"Trex Company, Inc.",Trex®,,543140020,,Building Materials>Decking>Composite & PVC Decking,"Trex Company, Inc. Trex, Decking, Biscayne, 543140020, 1 in x 6 in",DECKING 1IN X 6IN 20FT SQ EDG,"Trex® Biscayne 543140020 Decking, 1 in x 6 in, 20 ft, Square Edge","Trex® Decking, Biscayne, 1 in x 6 in, 20 ft, Square Edge","Biscayne Decking, 1 in x 6 in, 20 ft, Square Edge",,,,,,,,,,,,,,,,,,,,,,,,,,,Decking,Nominal Size,1 in x 6 in,,Length,20,ft,Edge Profile,Square Edge,,Series,Biscayne,,,,,,,,,,,,,,,,,,,,,,,,,,,,,,,,,,,,,,,,,,,,,,,,,,,,,,,,,,,,,,,,,,,,,,,,,,,,,,,,,,,,,,,,,,,,,,,,,,,,,,,,,,,,,,,,,,,,,,,,,,,,,,,,,,,,,,,,,,,,,,,30103600,,,,,,,,,,,,,,,,,,,,,,,,,,,,,,,,,,,,,,,,,,,
,,,,,,,Building Materials,Decking,Composite Decking,,543142016,1nx6-16' Carmel Sq Edge - Trex Transcend Lineage Decking,TREX,-- No Unilog Brand --,-- No DIB Brand --,U S Lumber (3073),"Trex Company, Inc.",Trex®,,543142016,,Building Materials>Decking>Composite & PVC Decking,"Trex Company, Inc. Trex, Decking, Carmel, 543142016, 1 in x 6 in",DECKING 1IN X 6IN 16FT SQ EDG,"Trex® Carmel 543142016 Decking, 1 in x 6 in, 16 ft, Square Edge","Trex® Decking, Carmel, 1 in x 6 in, 16 ft, Square Edge","Carmel Decking, 1 in x 6 in, 16 ft, Square Edge",,,,,,,,,,,,,,,,,,,,,,,,,,,Decking,Nominal Size,1 in x 6 in,,Length,16,ft,Edge Profile,Square Edge,,Series,Carmel,,,,,,,,,,,,,,,,,,,,,,,,,,,,,,,,,,,,,,,,,,,,,,,,,,,,,,,,,,,,,,,,,,,,,,,,,,,,,,,,,,,,,,,,,,,,,,,,,,,,,,,,,,,,,,,,,,,,,,,,,,,,,,,,,,,,,,,,,,,,,,,30103600,,,,,,,,,,,,,,,,,,,,,,,,,,,,,,,,,,,,,,,,,,,
,,,,,,,Building Materials,Decking,Composite Decking,,543142020,1nx6-20' Carmel Sq Edge - Trex Transcend Lineage Decking,TREX,-- No Unilog Brand --,-- No DIB Brand --,U S Lumber (3073),"Trex Company, Inc.",Trex®,,543142020,,Building Materials>Decking>Composite & PVC Decking,"Trex Company, Inc. Trex, Decking, Carmel, 543142020, 1 in x 6 in",DECKING 1IN X 6IN 20FT SQ EDG,"Trex® Carmel 543142020 Decking, 1 in x 6 in, 20 ft, Square Edge","Trex® Decking, Carmel, 1 in x 6 in, 20 ft, Square Edge","Carmel Decking, 1 in x 6 in, 20 ft, Square Edge",,,,,,,,,,,,,,,,,,,,,,,,,,,Decking,Nominal Size,1 in x 6 in,,Length,20,ft,Edge Profile,Square Edge,,Series,Carmel,,,,,,,,,,,,,,,,,,,,,,,,,,,,,,,,,,,,,,,,,,,,,,,,,,,,,,,,,,,,,,,,,,,,,,,,,,,,,,,,,,,,,,,,,,,,,,,,,,,,,,,,,,,,,,,,,,,,,,,,,,,,,,,,,,,,,,,,,,,,,,,30103600,,,,,,,,,,,,,,,,,,,,,,,,,,,,,,,,,,,,,,,,,,,
,,,,,,,Building Materials,Decking,Composite Decking,,543144016,1nx6-16' Island Mist Sq Edge - Trex Transcend Lineage Decking,TREX,-- No Unilog Brand --,-- No DIB Brand --,U S Lumber (3073),"Trex Company, Inc.",Trex®,,543144016,,Building Materials>Decking>Composite & PVC Decking,"Trex Company, Inc. Trex, Decking, Island Mist, 543144016, 1 in x 6 in",DECKING 1IN X 6IN 16FT SQ EDG,"Trex® Island Mist 543144016 Decking, 1 in x 6 in, 16 ft, Square Edge","Trex® Decking, Island Mist, 1 in x 6 in, 16 ft, Square Edge","Island Mist Decking, 1 in x 6 in, 16 ft, Square Edge",,,,,,,,,,,,,,,,,,,,,,,,,,,Decking,Nominal Size,1 in x 6 in,,Length,16,ft,Edge Profile,Square Edge,,Series,Island Mist,,,,,,,,,,,,,,,,,,,,,,,,,,,,,,,,,,,,,,,,,,,,,,,,,,,,,,,,,,,,,,,,,,,,,,,,,,,,,,,,,,,,,,,,,,,,,,,,,,,,,,,,,,,,,,,,,,,,,,,,,,,,,,,,,,,,,,,,,,,,,,,30103600,,,,,,,,,,,,,,,,,,,,,,,,,,,,,,,,,,,,,,,,,,,
,,,,,,,Building Materials,Decking,Composite Decking,,543144020,1nx6-20' Island Mist Sq Edge - Trex Transcend Lineage Decking,TREX,-- No Unilog Brand --,-- No DIB Brand --,U S Lumber (3073),"Trex Company, Inc.",Trex®,,543144020,,Building Materials>Decking>Composite & PVC Decking,"Trex Company, Inc. Trex, Decking, Island Mist, 543144020, 1 in x 6 in",DECKING 1IN X 6IN 20FT SQ EDG,"Trex® Island Mist 543144020 Decking, 1 in x 6 in, 20 ft, Square Edge","Trex® Decking, Island Mist, 1 in x 6 in, 20 ft, Square Edge","Island Mist Decking, 1 in x 6 in, 20 ft, Square Edge",,,,,,,,,,,,,,,,,,,,,,,,,,,Decking,Nominal Size,1 in x 6 in,,Length,20,ft,Edge Profile,Square Edge,,Series,Island Mist,,,,,,,,,,,,,,,,,,,,,,,,,,,,,,,,,,,,,,,,,,,,,,,,,,,,,,,,,,,,,,,,,,,,,,,,,,,,,,,,,,,,,,,,,,,,,,,,,,,,,,,,,,,,,,,,,,,,,,,,,,,,,,,,,,,,,,,,,,,,,,,30103600,,,,,,,,,,,,,,,,,,,,,,,,,,,,,,,,,,,,,,,,,,,
,,,,,,,Building Materials,Decking,Composite Decking,,543143016,1nx6-16' Jasper Sq Edge - Trex Transcend Lineage Decking,TREX,-- No Unilog Brand --,-- No DIB Brand --,U S Lumber (3073),"Trex Company, Inc.",Trex®,,543143016,,Building Materials>Decking>Composite & PVC Decking,"Trex Company, Inc. Trex, Decking, Jasper, 543143016, 1 in x 6 in",DECKING 1IN X 6IN 16FT SQ EDG,"Trex® Jasper 543143016 Decking, 1 in x 6 in, 16 ft, Square Edge","Trex® Decking, Jasper, 1 in x 6 in, 16 ft, Square Edge","Jasper Decking, 1 in x 6 in, 16 ft, Square Edge",,,,,,,,,,,,,,,,,,,,,,,,,,,Decking,Nominal Size,1 in x 6 in,,Length,16,ft,Edge Profile,Square Edge,,Series,Jasper,,,,,,,,,,,,,,,,,,,,,,,,,,,,,,,,,,,,,,,,,,,,,,,,,,,,,,,,,,,,,,,,,,,,,,,,,,,,,,,,,,,,,,,,,,,,,,,,,,,,,,,,,,,,,,,,,,,,,,,,,,,,,,,,,,,,,,,,,,,,,,,30103600,,,,,,,,,,,,,,,,,,,,,,,,,,,,,,,,,,,,,,,,,,,
,,,,,,,Building Materials,Decking,Composite Decking,,543143020,1nx6-20' Jasper Sq Edge - Trex Transcend Lineage Decking,TREX,-- No Unilog Brand --,-- No DIB Brand --,U S Lumber (3073),"Trex Company, Inc.",Trex®,,543143020,,Building Materials>Decking>Composite & PVC Decking,"Trex Company, Inc. Trex, Decking, Jasper, 543143020, 1 in x 6 in",DECKING 1IN X 6IN 20FT SQ EDG,"Trex® Jasper 543143020 Decking, 1 in x 6 in, 20 ft, Square Edge","Trex® Decking, Jasper, 1 in x 6 in, 20 ft, Square Edge","Jasper Decking, 1 in x 6 in, 20 ft, Square Edge",,,,,,,,,,,,,,,,,,,,,,,,,,,Decking,Nominal Size,1 in x 6 in,,Length,20,ft,Edge Profile,Square Edge,,Series,Jasper,,,,,,,,,,,,,,,,,,,,,,,,,,,,,,,,,,,,,,,,,,,,,,,,,,,,,,,,,,,,,,,,,,,,,,,,,,,,,,,,,,,,,,,,,,,,,,,,,,,,,,,,,,,,,,,,,,,,,,,,,,,,,,,,,,,,,,,,,,,,,,,30103600,,,,,,,,,,,,,,,,,,,,,,,,,,,,,,,,,,,,,,,,,,,
,,,,,,,Building Materials,Decking,Composite Decking,,543141016,1nx6-16' Rainier Sq Edge - Trex Transcend Lineage Decking,TREX,-- No Unilog Brand --,-- No DIB Brand --,U S Lumber (3073),"Trex Company, Inc.",Trex®,,543141016,,Building Materials>Decking>Composite & PVC Decking,"Trex Company, Inc. Trex, Decking, Rainier, 543141016, 1 in x 6 in",DECKING 1IN X 6IN 16FT SQ EDG,"Trex® Rainier 543141016 Decking, 1 in x 6 in, 16 ft, Square Edge","Trex® Decking, Rainier, 1 in x 6 in, 16 ft, Square Edge","Rainier Decking, 1 in x 6 in, 16 ft, Square Edge",,,,,,,,,,,,,,,,,,,,,,,,,,,Decking,Nominal Size,1 in x 6 in,,Length,16,ft,Edge Profile,Square Edge,,Series,Rainier,,,,,,,,,,,,,,,,,,,,,,,,,,,,,,,,,,,,,,,,,,,,,,,,,,,,,,,,,,,,,,,,,,,,,,,,,,,,,,,,,,,,,,,,,,,,,,,,,,,,,,,,,,,,,,,,,,,,,,,,,,,,,,,,,,,,,,,,,,,,,,,30103600,,,,,,,,,,,,,,,,,,,,,,,,,,,,,,,,,,,,,,,,,,,
,,,,,,,Building Materials,Decking,Composite Decking,,543141020,1nx6-20' Rainier Sq Edge - Trex Transcend Lineage Decking,TREX,-- No Unilog Brand --,-- No DIB Brand --,U S Lumber (3073),"Trex Company, Inc.",Trex®,,543141020,,Building Materials>Decking>Composite & PVC Decking,"Trex Company, Inc. Trex, Decking, Rainier, 543141020, 1 in x 6 in",DECKING 1IN X 6IN 20FT SQ EDG,"Trex® Rainier 543141020 Decking, 1 in x 6 in, 20 ft, Square Edge","Trex® Decking, Rainier, 1 in x 6 in, 20 ft, Square Edge","Rainier Decking, 1 in x 6 in, 20 ft, Square Edge",,,,,,,,,,,,,,,,,,,,,,,,,,,Decking,Nominal Size,1 in x 6 in,,Length,20,ft,Edge Profile,Square Edge,,Series,Rainier,,,,,,,,,,,,,,,,,,,,,,,,,,,,,,,,,,,,,,,,,,,,,,,,,,,,,,,,,,,,,,,,,,,,,,,,,,,,,,,,,,,,,,,,,,,,,,,,,,,,,,,,,,,,,,,,,,,,,,,,,,,,,,,,,,,,,,,,,,,,,,,30103600,,,,,,,,,,,,,,,,,,,,,,,,,,,,,,,,,,,,,,,,,,,
,,,,,,,Building Materials,Decking,Composite Decking,,543140412,1nx6-12' Biscayne Grooved - Trex Transcend Lineage Decking,TREX,-- No Unilog Brand --,-- No DIB Brand --,U S Lumber (3073),"Trex Company, Inc.",Trex®,,543140412,,Building Materials>Decking>Composite & PVC Decking,"Trex Company, Inc. Trex, Decking, Biscayne, 543140412, 1 in x 6 in",DECKING 1IN X 6IN 12FT GRVD,"Trex® Biscayne 543140412 Decking, 1 in x 6 in, 12 ft, Grooved","Trex® Decking, Biscayne, 1 in x 6 in, 12 ft, Grooved","Biscayne Decking, 1 in x 6 in, 12 ft, Grooved",,,,,,,,,,,,,,,,,,,,,,,,,,,Decking,Nominal Size,1 in x 6 in,,Length,12,ft,Edge Profile,Grooved,,Series,Biscayne,,,,,,,,,,,,,,,,,,,,,,,,,,,,,,,,,,,,,,,,,,,,,,,,,,,,,,,,,,,,,,,,,,,,,,,,,,,,,,,,,,,,,,,,,,,,,,,,,,,,,,,,,,,,,,,,,,,,,,,,,,,,,,,,,,,,,,,,,,,,,,,30103600,,,,,,,,,,,,,,,,,,,,,,,,,,,,,,,,,,,,,,,,,,,
,,,,,,,Building Materials,Decking,Composite Decking,,543140416,1nx6-16' Biscayne Grooved - Trex Transcend Lineage Decking,TREX,-- No Unilog Brand --,-- No DIB Brand --,U S Lumber (3073),"Trex Company, Inc.",Trex®,,543140416,,Building Materials>Decking>Composite & PVC Decking,"Trex Company, Inc. Trex, Decking, Biscayne, 543140416, 1 in x 6 in",DECKING 1IN X 6IN 16FT GRVD,"Trex® Biscayne 543140416 Decking, 1 in x 6 in, 16 ft, Grooved","Trex® Decking, Biscayne, 1 in x 6 in, 16 ft, Grooved","Biscayne Decking, 1 in x 6 in, 16 ft, Grooved",,,,,,,,,,,,,,,,,,,,,,,,,,,Decking,Nominal Size,1 in x 6 in,,Length,16,ft,Edge Profile,Grooved,,Series,Biscayne,,,,,,,,,,,,,,,,,,,,,,,,,,,,,,,,,,,,,,,,,,,,,,,,,,,,,,,,,,,,,,,,,,,,,,,,,,,,,,,,,,,,,,,,,,,,,,,,,,,,,,,,,,,,,,,,,,,,,,,,,,,,,,,,,,,,,,,,,,,,,,,30103600,,,,,,,,,,,,,,,,,,,,,,,,,,,,,,,,,,,,,,,,,,,
,,,,,,,Building Materials,Decking,Composite Decking,,543140420,1nx6-20' Biscayne Grooved - Trex Transcend Lineage Decking,TREX,-- No Unilog Brand --,-- No DIB Brand --,U S Lumber (3073),"Trex Company, Inc.",Trex®,,543140420,,Building Materials>Decking>Composite & PVC Decking,"Trex Company, Inc. Trex, Decking, Biscayne, 543140420, 1 in x 6 in",DECKING 1IN X 6IN 20FT GRVD,"Trex® Biscayne 543140420 Decking, 1 in x 6 in, 20 ft, Grooved","Trex® Decking, Biscayne, 1 in x 6 in, 20 ft, Grooved","Biscayne Decking, 1 in x 6 in, 20 ft, Grooved",,,,,,,,,,,,,,,,,,,,,,,,,,,Decking,Nominal Size,1 in x 6 in,,Length,20,ft,Edge Profile,Grooved,,Series,Biscayne,,,,,,,,,,,,,,,,,,,,,,,,,,,,,,,,,,,,,,,,,,,,,,,,,,,,,,,,,,,,,,,,,,,,,,,,,,,,,,,,,,,,,,,,,,,,,,,,,,,,,,,,,,,,,,,,,,,,,,,,,,,,,,,,,,,,,,,,,,,,,,,30103600,,,,,,,,,,,,,,,,,,,,,,,,,,,,,,,,,,,,,,,,,,,
,,,,,,,Building Materials,Decking,Composite Decking,,543142412,1nx6-12' Carmel Grooved - Trex Transcend Lineage Decking,TREX,-- No Unilog Brand --,-- No DIB Brand --,U S Lumber (3073),"Trex Company, Inc.",Trex®,,543142412,,Building Materials>Decking>Composite & PVC Decking,"Trex Company, Inc. Trex, Decking, Carmel, 543142412, 1 in x 6 in",DECKING 1IN X 6IN 12FT GRVD,"Trex® Carmel 543142412 Decking, 1 in x 6 in, 12 ft, Grooved","Trex® Decking, Carmel, 1 in x 6 in, 12 ft, Grooved","Carmel Decking, 1 in x 6 in, 12 ft, Grooved",,,,,,,,,,,,,,,,,,,,,,,,,,,Decking,Nominal Size,1 in x 6 in,,Length,12,ft,Edge Profile,Grooved,,Series,Carmel,,,,,,,,,,,,,,,,,,,,,,,,,,,,,,,,,,,,,,,,,,,,,,,,,,,,,,,,,,,,,,,,,,,,,,,,,,,,,,,,,,,,,,,,,,,,,,,,,,,,,,,,,,,,,,,,,,,,,,,,,,,,,,,,,,,,,,,,,,,,,,,30103600,,,,,,,,,,,,,,,,,,,,,,,,,,,,,,,,,,,,,,,,,,,
,,,,,,,Building Materials,Decking,Composite Decking,,543142416,1nx6-16' Carmel Grooved - Trex Transcend Lineage Decking,TREX,-- No Unilog Brand --,-- No DIB Brand --,U S Lumber (3073),"Trex Company, Inc.",Trex®,,543142416,,Building Materials>Decking>Composite & PVC Decking,"Trex Company, Inc. Trex, Decking, Carmel, 543142416, 1 in x 6 in",DECKING 1IN X 6IN 16FT GRVD,"Trex® Carmel 543142416 Decking, 1 in x 6 in, 16 ft, Grooved","Trex® Decking, Carmel, 1 in x 6 in, 16 ft, Grooved","Carmel Decking, 1 in x 6 in, 16 ft, Grooved",,,,,,,,,,,,,,,,,,,,,,,,,,,Decking,Nominal Size,1 in x 6 in,,Length,16,ft,Edge Profile,Grooved,,Series,Carmel,,,,,,,,,,,,,,,,,,,,,,,,,,,,,,,,,,,,,,,,,,,,,,,,,,,,,,,,,,,,,,,,,,,,,,,,,,,,,,,,,,,,,,,,,,,,,,,,,,,,,,,,,,,,,,,,,,,,,,,,,,,,,,,,,,,,,,,,,,,,,,,30103600,,,,,,,,,,,,,,,,,,,,,,,,,,,,,,,,,,,,,,,,,,,
,,,,,,,Building Materials,Decking,Composite Decking,,543142420,1nx6-20' Carmel Grooved - Trex Transcend Lineage Decking,TREX,-- No Unilog Brand --,-- No DIB Brand --,U S Lumber (3073),"Trex Company, Inc.",Trex®,,543142420,,Building Materials>Decking>Composite & PVC Decking,"Trex Company, Inc. Trex, Decking, Carmel, 543142420, 1 in x 6 in",DECKING 1IN X 6IN 20FT GRVD,"Trex® Carmel 543142420 Decking, 1 in x 6 in, 20 ft, Grooved","Trex® Decking, Carmel, 1 in x 6 in, 20 ft, Grooved","Carmel Decking, 1 in x 6 in, 20 ft, Grooved",,,,,,,,,,,,,,,,,,,,,,,,,,,Decking,Nominal Size,1 in x 6 in,,Length,20,ft,Edge Profile,Grooved,,Series,Carmel,,,,,,,,,,,,,,,,,,,,,,,,,,,,,,,,,,,,,,,,,,,,,,,,,,,,,,,,,,,,,,,,,,,,,,,,,,,,,,,,,,,,,,,,,,,,,,,,,,,,,,,,,,,,,,,,,,,,,,,,,,,,,,,,,,,,,,,,,,,,,,,30103600,,,,,,,,,,,,,,,,,,,,,,,,,,,,,,,,,,,,,,,,,,,
,,,,,,,Building Materials,Decking,Composite Decking,,543144412,1nx6-12' Island Mist Grooved - Trex Transcend Lineage Decking,TREX,-- No Unilog Brand --,-- No DIB Brand --,U S Lumber (3073),"Trex Company, Inc.",Trex®,,543144412,,Building Materials>Decking>Composite & PVC Decking,"Trex Company, Inc. Trex, Decking, Island Mist, 543144412, 1 in x 6 in",DECKING 1IN X 6IN 12FT GRVD,"Trex® Island Mist 543144412 Decking, 1 in x 6 in, 12 ft, Grooved","Trex® Decking, Island Mist, 1 in x 6 in, 12 ft, Grooved","Island Mist Decking, 1 in x 6 in, 12 ft, Grooved",,,,,,,,,,,,,,,,,,,,,,,,,,,Decking,Nominal Size,1 in x 6 in,,Length,12,ft,Edge Profile,Grooved,,Series,Island Mist,,,,,,,,,,,,,,,,,,,,,,,,,,,,,,,,,,,,,,,,,,,,,,,,,,,,,,,,,,,,,,,,,,,,,,,,,,,,,,,,,,,,,,,,,,,,,,,,,,,,,,,,,,,,,,,,,,,,,,,,,,,,,,,,,,,,,,,,,,,,,,,30103600,,,,,,,,,,,,,,,,,,,,,,,,,,,,,,,,,,,,,,,,,,,
,,,,,,,Building Materials,Decking,Composite Decking,,543144416,1nx6-16' Island Mist Grooved - Trex Transcend Lineage Decking,TREX,-- No Unilog Brand --,-- No DIB Brand --,U S Lumber (3073),"Trex Company, Inc.",Trex®,,543144416,,Building Materials>Decking>Composite & PVC Decking,"Trex Company, Inc. Trex, Decking, Island Mist, 543144416, 1 in x 6 in",DECKING 1IN X 6IN 16FT GRVD,"Trex® Island Mist 543144416 Decking, 1 in x 6 in, 16 ft, Grooved","Trex® Decking, Island Mist, 1 in x 6 in, 16 ft, Grooved","Island Mist Decking, 1 in x 6 in, 16 ft, Grooved",,,,,,,,,,,,,,,,,,,,,,,,,,,Decking,Nominal Size,1 in x 6 in,,Length,16,ft,Edge Profile,Grooved,,Series,Island Mist,,,,,,,,,,,,,,,,,,,,,,,,,,,,,,,,,,,,,,,,,,,,,,,,,,,,,,,,,,,,,,,,,,,,,,,,,,,,,,,,,,,,,,,,,,,,,,,,,,,,,,,,,,,,,,,,,,,,,,,,,,,,,,,,,,,,,,,,,,,,,,,30103600,,,,,,,,,,,,,,,,,,,,,,,,,,,,,,,,,,,,,,,,,,,
,,,,,,,Building Materials,Decking,Composite Decking,,543144420,1nx6-20' Island Mist Grooved - Trex Transcend Lineage Decking,TREX,-- No Unilog Brand --,-- No DIB Brand --,U S Lumber (3073),"Trex Company, Inc.",Trex®,,543144420,,Building Materials>Decking>Composite & PVC Decking,"Trex Company, Inc. Trex, Decking, Island Mist, 543144420, 1 in x 6 in",DECKING 1IN X 6IN 20FT GRVD,"Trex® Island Mist 543144420 Decking, 1 in x 6 in, 20 ft, Grooved","Trex® Decking, Island Mist, 1 in x 6 in, 20 ft, Grooved","Island Mist Decking, 1 in x 6 in, 20 ft, Grooved",,,,,,,,,,,,,,,,,,,,,,,,,,,Decking,Nominal Size,1 in x 6 in,,Length,20,ft,Edge Profile,Grooved,,Series,Island Mist,,,,,,,,,,,,,,,,,,,,,,,,,,,,,,,,,,,,,,,,,,,,,,,,,,,,,,,,,,,,,,,,,,,,,,,,,,,,,,,,,,,,,,,,,,,,,,,,,,,,,,,,,,,,,,,,,,,,,,,,,,,,,,,,,,,,,,,,,,,,,,,30103600,,,,,,,,,,,,,,,,,,,,,,,,,,,,,,,,,,,,,,,,,,,
,,,,,,,Building Materials,Decking,Composite Decking,,543143412,1nx6-12' Jasper Grooved - Trex Transcend Lineage Decking,TREX,-- No Unilog Brand --,-- No DIB Brand --,U S Lumber (3073),"Trex Company, Inc.",Trex®,,543143412,,Building Materials>Decking>Composite & PVC Decking,"Trex Company, Inc. Trex, Decking, Jasper, 543143412, 1 in x 6 in",DECKING 1IN X 6IN 12FT GRVD,"Trex® Jasper 543143412 Decking, 1 in x 6 in, 12 ft, Grooved","Trex® Decking, Jasper, 1 in x 6 in, 12 ft, Grooved","Jasper Decking, 1 in x 6 in, 12 ft, Grooved",,,,,,,,,,,,,,,,,,,,,,,,,,,Decking,Nominal Size,1 in x 6 in,,Length,12,ft,Edge Profile,Grooved,,Series,Jasper,,,,,,,,,,,,,,,,,,,,,,,,,,,,,,,,,,,,,,,,,,,,,,,,,,,,,,,,,,,,,,,,,,,,,,,,,,,,,,,,,,,,,,,,,,,,,,,,,,,,,,,,,,,,,,,,,,,,,,,,,,,,,,,,,,,,,,,,,,,,,,,30103600,,,,,,,,,,,,,,,,,,,,,,,,,,,,,,,,,,,,,,,,,,,
,,,,,,,Building Materials,Decking,Composite Decking,,543143416,1nx6-16' Jasper Grooved - Trex Transcend Lineage Decking,TREX,-- No Unilog Brand --,-- No DIB Brand --,U S Lumber (3073),"Trex Company, Inc.",Trex®,,543143416,,Building Materials>Decking>Composite & PVC Decking,"Trex Company, Inc. Trex, Decking, Jasper, 543143416, 1 in x 6 in",DECKING 1IN X 6IN 16FT GRVD,"Trex® Jasper 543143416 Decking, 1 in x 6 in, 16 ft, Grooved","Trex® Decking, Jasper, 1 in x 6 in, 16 ft, Grooved","Jasper Decking, 1 in x 6 in, 16 ft, Grooved",,,,,,,,,,,,,,,,,,,,,,,,,,,Decking,Nominal Size,1 in x 6 in,,Length,16,ft,Edge Profile,Grooved,,Series,Jasper,,,,,,,,,,,,,,,,,,,,,,,,,,,,,,,,,,,,,,,,,,,,,,,,,,,,,,,,,,,,,,,,,,,,,,,,,,,,,,,,,,,,,,,,,,,,,,,,,,,,,,,,,,,,,,,,,,,,,,,,,,,,,,,,,,,,,,,,,,,,,,,30103600,,,,,,,,,,,,,,,,,,,,,,,,,,,,,,,,,,,,,,,,,,,
,,,,,,,Building Materials,Decking,Composite Decking,,543143420,1nx6-20' Jasper Grooved - Trex Transcend Lineage Decking,TREX,-- No Unilog Brand --,-- No DIB Brand --,U S Lumber (3073),"Trex Company, Inc.",Trex®,,543143420,,Building Materials>Decking>Composite & PVC Decking,"Trex Company, Inc. Trex, Decking, Jasper, 543143420, 1 in x 6 in",DECKING 1IN X 6IN 20FT GRVD,"Trex® Jasper 543143420 Decking, 1 in x 6 in, 20 ft, Grooved","Trex® Decking, Jasper, 1 in x 6 in, 20 ft, Grooved","Jasper Decking, 1 in x 6 in, 20 ft, Grooved",,,,,,,,,,,,,,,,,,,,,,,,,,,Decking,Nominal Size,1 in x 6 in,,Length,20,ft,Edge Profile,Grooved,,Series,Jasper,,,,,,,,,,,,,,,,,,,,,,,,,,,,,,,,,,,,,,,,,,,,,,,,,,,,,,,,,,,,,,,,,,,,,,,,,,,,,,,,,,,,,,,,,,,,,,,,,,,,,,,,,,,,,,,,,,,,,,,,,,,,,,,,,,,,,,,,,,,,,,,30103600,,,,,,,,,,,,,,,,,,,,,,,,,,,,,,,,,,,,,,,,,,,
,,,,,,,Building Materials,Decking,Composite Decking,,543141412,1nx6-12' Rainier Grooved - Trex Transcend Lineage Decking,TREX,-- No Unilog Brand --,-- No DIB Brand --,U S Lumber (3073),"Trex Company, Inc.",Trex®,,543141412,,Building Materials>Decking>Composite & PVC Decking,"Trex Company, Inc. Trex, Decking, Rainier, 543141412, 1 in x 6 in",DECKING 1IN X 6IN 12FT GRVD,"Trex® Rainier 543141412 Decking, 1 in x 6 in, 12 ft, Grooved","Trex® Decking, Rainier, 1 in x 6 in, 12 ft, Grooved","Rainier Decking, 1 in x 6 in, 12 ft, Grooved",,,,,,,,,,,,,,,,,,,,,,,,,,,Decking,Nominal Size,1 in x 6 in,,Length,12,ft,Edge Profile,Grooved,,Series,Rainier,,,,,,,,,,,,,,,,,,,,,,,,,,,,,,,,,,,,,,,,,,,,,,,,,,,,,,,,,,,,,,,,,,,,,,,,,,,,,,,,,,,,,,,,,,,,,,,,,,,,,,,,,,,,,,,,,,,,,,,,,,,,,,,,,,,,,,,,,,,,,,,30103600,,,,,,,,,,,,,,,,,,,,,,,,,,,,,,,,,,,,,,,,,,,
,,,,,,,Building Materials,Decking,Composite Decking,,543141416,1nx6-16' Rainier Grooved - Trex Transcend Lineage Decking,TREX,-- No Unilog Brand --,-- No DIB Brand --,U S Lumber (3073),"Trex Company, Inc.",Trex®,,543141416,,Building Materials>Decking>Composite & PVC Decking,"Trex Company, Inc. Trex, Decking, Rainier, 543141416, 1 in x 6 in",DECKING 1IN X 6IN 16FT GRVD,"Trex® Rainier 543141416 Decking, 1 in x 6 in, 16 ft, Grooved","Trex® Decking, Rainier, 1 in x 6 in, 16 ft, Grooved","Rainier Decking, 1 in x 6 in, 16 ft, Grooved",,,,,,,,,,,,,,,,,,,,,,,,,,,Decking,Nominal Size,1 in x 6 in,,Length,16,ft,Edge Profile,Grooved,,Series,Rainier,,,,,,,,,,,,,,,,,,,,,,,,,,,,,,,,,,,,,,,,,,,,,,,,,,,,,,,,,,,,,,,,,,,,,,,,,,,,,,,,,,,,,,,,,,,,,,,,,,,,,,,,,,,,,,,,,,,,,,,,,,,,,,,,,,,,,,,,,,,,,,,30103600,,,,,,,,,,,,,,,,,,,,,,,,,,,,,,,,,,,,,,,,,,,
,,,,,,,Building Materials,Decking,Composite Decking,,543141420,1nx6-20' Rainier Grooved - Trex Transcend Lineage Decking,TREX,-- No Unilog Brand --,-- No DIB Brand --,U S Lumber (3073),"Trex Company, Inc.",Trex®,,543141420,,Building Materials>Decking>Composite & PVC Decking,"Trex Company, Inc. Trex, Decking, Rainier, 543141420, 1 in x 6 in",DECKING 1IN X 6IN 20FT GRVD,"Trex® Rainier 543141420 Decking, 1 in x 6 in, 20 ft, Grooved","Trex® Decking, Rainier, 1 in x 6 in, 20 ft, Grooved","Rainier Decking, 1 in x 6 in, 20 ft, Grooved",,,,,,,,,,,,,,,,,,,,,,,,,,,Decking,Nominal Size,1 in x 6 in,,Length,20,ft,Edge Profile,Grooved,,Series,Rainier,,,,,,,,,,,,,,,,,,,,,,,,,,,,,,,,,,,,,,,,,,,,,,,,,,,,,,,,,,,,,,,,,,,,,,,,,,,,,,,,,,,,,,,,,,,,,,,,,,,,,,,,,,,,,,,,,,,,,,,,,,,,,,,,,,,,,,,,,,,,,,,30103600,,,,,,,,,,,,,,,,,,,,,,,,,,,,,,,,,,,,,,,,,,,
,,,,,,,Building Materials,Decking,Composite Decking,,1513703,1nx6-16' Hatteras Sq Edge - Trex Transcend Lineage Decking,TREX,-- No Unilog Brand --,-- No DIB Brand --,Boise Cascade Building Materials (BOICA),"Trex Company, Inc.",Trex®,,1513703,,Building Materials>Decking>Composite & PVC Decking,"Trex Company, Inc. Trex, Decking, Hatteras, 1513703, 1 in x 6 in",DECKING 1IN X 6IN 16FT SQ EDG,"Trex® Hatteras 1513703 Decking, 1 in x 6 in, 16 ft, Square Edge","Trex® Decking, Hatteras, 1 in x 6 in, 16 ft, Square Edge","Hatteras Decking, 1 in x 6 in, 16 ft, Square Edge",,,,,,,,,,,,,,,,,,,,,,,,,,,Decking,Nominal Size,1 in x 6 in,,Length,16,ft,Edge Profile,Square Edge,,Series,Hatteras,,,,,,,,,,,,,,,,,,,,,,,,,,,,,,,,,,,,,,,,,,,,,,,,,,,,,,,,,,,,,,,,,,,,,,,,,,,,,,,,,,,,,,,,,,,,,,,,,,,,,,,,,,,,,,,,,,,,,,,,,,,,,,,,,,,,,,,,,,,,,,,30103600,,,,,,,,,,,,,,,,,,,,,,,,,,,,,,,,,,,,,,,,,,,
,,,,,,,Building Materials,Decking,Composite Decking,,1513704,1nx6-20' Hatteras Sq Edge - Trex Transcend Lineage Decking,TREX,-- No Unilog Brand --,-- No DIB Brand --,Boise Cascade Building Materials (BOICA),"Trex Company, Inc.",Trex®,,1513704,,Building Materials>Decking>Composite & PVC Decking,"Trex Company, Inc. Trex, Decking, Hatteras, 1513704, 1 in x 6 in",DECKING 1IN X 6IN 20FT SQ EDG,"Trex® Hatteras 1513704 Decking, 1 in x 6 in, 20 ft, Square Edge","Trex® Decking, Hatteras, 1 in x 6 in, 20 ft, Square Edge","Hatteras Decking, 1 in x 6 in, 20 ft, Square Edge",,,,,,,,,,,,,,,,,,,,,,,,,,,Decking,Nominal Size,1 in x 6 in,,Length,20,ft,Edge Profile,Square Edge,,Series,Hatteras,,,,,,,,,,,,,,,,,,,,,,,,,,,,,,,,,,,,,,,,,,,,,,,,,,,,,,,,,,,,,,,,,,,,,,,,,,,,,,,,,,,,,,,,,,,,,,,,,,,,,,,,,,,,,,,,,,,,,,,,,,,,,,,,,,,,,,,,,,,,,,,30103600,,,,,,,,,,,,,,,,,,,,,,,,,,,,,,,,,,,,,,,,,,,
,,,,,,,Building Materials,Decking,Composite Decking,,1513705,1nx6-12' Hatteras Grooved - Trex Transcend Lineage Decking,TREX,-- No Unilog Brand --,-- No DIB Brand --,Boise Cascade Building Materials (BOICA),"Trex Company, Inc.",Trex®,,1513705,,Building Materials>Decking>Composite & PVC Decking,"Trex Company, Inc. Trex, Decking, Hatteras, 1513705, 1 in x 6 in",DECKING 1IN X 6IN 12FT GRVD,"Trex® Hatteras 1513705 Decking, 1 in x 6 in, 12 ft, Grooved","Trex® Decking, Hatteras, 1 in x 6 in, 12 ft, Grooved","Hatteras Decking, 1 in x 6 in, 12 ft, Grooved",,,,,,,,,,,,,,,,,,,,,,,,,,,Decking,Nominal Size,1 in x 6 in,,Length,12,ft,Edge Profile,Grooved,,Series,Hatteras,,,,,,,,,,,,,,,,,,,,,,,,,,,,,,,,,,,,,,,,,,,,,,,,,,,,,,,,,,,,,,,,,,,,,,,,,,,,,,,,,,,,,,,,,,,,,,,,,,,,,,,,,,,,,,,,,,,,,,,,,,,,,,,,,,,,,,,,,,,,,,,30103600,,,,,,,,,,,,,,,,,,,,,,,,,,,,,,,,,,,,,,,,,,,
,,,,,,,Building Materials,Decking,Composite Decking,,1513706,1nx6-16' Hatteras Grooved - Trex Transcend Lineage Decking,TREX,-- No Unilog Brand --,-- No DIB Brand --,Boise Cascade Building Materials (BOICA),"Trex Company, Inc.",Trex®,,1513706,,Building Materials>Decking>Composite & PVC Decking,"Trex Company, Inc. Trex, Decking, Hatteras, 1513706, 1 in x 6 in",DECKING 1IN X 6IN 16FT GRVD,"Trex® Hatteras 1513706 Decking, 1 in x 6 in, 16 ft, Grooved","Trex® Decking, Hatteras, 1 in x 6 in, 16 ft, Grooved","Hatteras Decking, 1 in x 6 in, 16 ft, Grooved",,,,,,,,,,,,,,,,,,,,,,,,,,,Decking,Nominal Size,1 in x 6 in,,Length,16,ft,Edge Profile,Grooved,,Series,Hatteras,,,,,,,,,,,,,,,,,,,,,,,,,,,,,,,,,,,,,,,,,,,,,,,,,,,,,,,,,,,,,,,,,,,,,,,,,,,,,,,,,,,,,,,,,,,,,,,,,,,,,,,,,,,,,,,,,,,,,,,,,,,,,,,,,,,,,,,,,,,,,,,30103600,,,,,,,,,,,,,,,,,,,,,,,,,,,,,,,,,,,,,,,,,,,
,,,,,,,Building Materials,Decking,Composite Decking,,1513707,1nx6-20' Hatteras Grooved - Trex Transcend Lineage Decking,TREX,-- No Unilog Brand --,-- No DIB Brand --,Boise Cascade Building Materials (BOICA),"Trex Company, Inc.",Trex®,,1513707,,Building Materials>Decking>Composite & PVC Decking,"Trex Company, Inc. Trex, Decking, Hatteras, 1513707, 1 in x 6 in",DECKING 1IN X 6IN 20FT GRVD,"Trex® Hatteras 1513707 Decking, 1 in x 6 in, 20 ft, Grooved","Trex® Decking, Hatteras, 1 in x 6 in, 20 ft, Grooved","Hatteras Decking, 1 in x 6 in, 20 ft, Grooved",,,,,,,,,,,,,,,,,,,,,,,,,,,Decking,Nominal Size,1 in x 6 in,,Length,20,ft,Edge Profile,Grooved,,Series,Hatteras,,,,,,,,,,,,,,,,,,,,,,,,,,,,,,,,,,,,,,,,,,,,,,,,,,,,,,,,,,,,,,,,,,,,,,,,,,,,,,,,,,,,,,,,,,,,,,,,,,,,,,,,,,,,,,,,,,,,,,,,,,,,,,,,,,,,,,,,,,,,,,,30103600,,,,,,,,,,,,,,,,,,,,,,,,,,,,,,,,,,,,,,,,,,,
,,,,,,,Building Materials,Decking,Composite Decking,,1513708,1nx6-16' Salt Flat Sq Edge - Trex Transcend Lineage Decking,TREX,-- No Unilog Brand --,-- No DIB Brand --,Boise Cascade Building Materials (BOICA),"Trex Company, Inc.",Trex®,,1513708,,Building Materials>Decking>Composite & PVC Decking,"Trex Company, Inc. Trex, Decking, Transcend Lineage, 1513708",DECKING 1IN X 6IN 16FT SQ EDG,"Trex® Transcend Lineage 1513708 Decking, 1 in x 6 in, 16 ft, Square Edge","Trex® Decking, Transcend Lineage, 1 in x 6 in, 16 ft, Square Edge","Transcend Lineage Decking, 1 in x 6 in, 16 ft, Square Edge",,,,,,,,,,,,,,,,,,,,,,,,,,,Decking,Nominal Size,1 in x 6 in,,Length,16,ft,Edge Profile,Square Edge,,Series,Transcend Lineage,,,,,,,,,,,,,,,,,,,,,,,,,,,,,,,,,,,,,,,,,,,,,,,,,,,,,,,,,,,,,,,,,,,,,,,,,,,,,,,,,,,,,,,,,,,,,,,,,,,,,,,,,,,,,,,,,,,,,,,,,,,,,,,,,,,,,,,,,,,,,,,30103600,,,,,,,,,,,,,,,,,,,,,,,,,,,,,,,,,,,,,,,,,,,
,,,,,,,Building Materials,Decking,Composite Decking,,1513709,1nx6-20' Salt Flat Sq Edge - Trex Transcend Lineage Decking,TREX,-- No Unilog Brand --,-- No DIB Brand --,Boise Cascade Building Materials (BOICA),"Trex Company, Inc.",Trex®,,1513709,,Building Materials>Decking>Composite & PVC Decking,"Trex Company, Inc. Trex, Decking, Transcend Lineage, 1513709",DECKING 1IN X 6IN 20FT SQ EDG,"Trex® Transcend Lineage 1513709 Decking, 1 in x 6 in, 20 ft, Square Edge","Trex® Decking, Transcend Lineage, 1 in x 6 in, 20 ft, Square Edge","Transcend Lineage Decking, 1 in x 6 in, 20 ft, Square Edge",,,,,,,,,,,,,,,,,,,,,,,,,,,Decking,Nominal Size,1 in x 6 in,,Length,20,ft,Edge Profile,Square Edge,,Series,Transcend Lineage,,,,,,,,,,,,,,,,,,,,,,,,,,,,,,,,,,,,,,,,,,,,,,,,,,,,,,,,,,,,,,,,,,,,,,,,,,,,,,,,,,,,,,,,,,,,,,,,,,,,,,,,,,,,,,,,,,,,,,,,,,,,,,,,,,,,,,,,,,,,,,,30103600,,,,,,,,,,,,,,,,,,,,,,,,,,,,,,,,,,,,,,,,,,,
,,,,,,,Building Materials,Decking,Composite Decking,,1513710,1nx6-12' Salt Flat Grooved - Trex Transcend Lineage Decking,TREX,-- No Unilog Brand --,-- No DIB Brand --,Boise Cascade Building Materials (BOICA),"Trex Company, Inc.",Trex®,,1513710,,Building Materials>Decking>Composite & PVC Decking,"Trex Company, Inc. Trex, Decking, Transcend Lineage, 1513710",DECKING 1IN X 6IN 12FT GRVD,"Trex® Transcend Lineage 1513710 Decking, 1 in x 6 in, 12 ft, Grooved","Trex® Decking, Transcend Lineage, 1 in x 6 in, 12 ft, Grooved","Transcend Lineage Decking, 1 in x 6 in, 12 ft, Grooved",,,,,,,,,,,,,,,,,,,,,,,,,,,Decking,Nominal Size,1 in x 6 in,,Length,12,ft,Edge Profile,Grooved,,Series,Transcend Lineage,,,,,,,,,,,,,,,,,,,,,,,,,,,,,,,,,,,,,,,,,,,,,,,,,,,,,,,,,,,,,,,,,,,,,,,,,,,,,,,,,,,,,,,,,,,,,,,,,,,,,,,,,,,,,,,,,,,,,,,,,,,,,,,,,,,,,,,,,,,,,,,30103600,,,,,,,,,,,,,,,,,,,,,,,,,,,,,,,,,,,,,,,,,,,
,,,,,,,Building Materials,Decking,Composite Decking,,1513711,1nx6-16' Salt Flat Grooved - Trex Transcend Lineage Decking,TREX,-- No Unilog Brand --,-- No DIB Brand --,Boise Cascade Building Materials (BOICA),"Trex Company, Inc.",Trex®,,1513711,,Building Materials>Decking>Composite & PVC Decking,"Trex Company, Inc. Trex, Decking, Transcend Lineage, 1513711",DECKING 1IN X 6IN 16FT GRVD,"Trex® Transcend Lineage 1513711 Decking, 1 in x 6 in, 16 ft, Grooved","Trex® Decking, Transcend Lineage, 1 in x 6 in, 16 ft, Grooved","Transcend Lineage Decking, 1 in x 6 in, 16 ft, Grooved",,,,,,,,,,,,,,,,,,,,,,,,,,,Decking,Nominal Size,1 in x 6 in,,Length,16,ft,Edge Profile,Grooved,,Series,Transcend Lineage,,,,,,,,,,,,,,,,,,,,,,,,,,,,,,,,,,,,,,,,,,,,,,,,,,,,,,,,,,,,,,,,,,,,,,,,,,,,,,,,,,,,,,,,,,,,,,,,,,,,,,,,,,,,,,,,,,,,,,,,,,,,,,,,,,,,,,,,,,,,,,,30103600,,,,,,,,,,,,,,,,,,,,,,,,,,,,,,,,,,,,,,,,,,,
,,,,,,,Building Materials,Decking,Composite Decking,,1513712,1nx6-20' Salt Flat Grooved - Trex Transcend Lineage Decking,TREX,-- No Unilog Brand --,-- No DIB Brand --,Boise Cascade Building Materials (BOICA),"Trex Company, Inc.",Trex®,,1513712,,Building Materials>Decking>Composite & PVC Decking,"Trex Company, Inc. Trex, Decking, Transcend Lineage, 1513712",DECKING 1IN X 6IN 20FT GRVD,"Trex® Transcend Lineage 1513712 Decking, 1 in x 6 in, 20 ft, Grooved","Trex® Decking, Transcend Lineage, 1 in x 6 in, 20 ft, Grooved","Transcend Lineage Decking, 1 in x 6 in, 20 ft, Grooved",,,,,,,,,,,,,,,,,,,,,,,,,,,Decking,Nominal Size,1 in x 6 in,,Length,20,ft,Edge Profile,Grooved,,Series,Transcend Lineage,,,,,,,,,,,,,,,,,,,,,,,,,,,,,,,,,,,,,,,,,,,,,,,,,,,,,,,,,,,,,,,,,,,,,,,,,,,,,,,,,,,,,,,,,,,,,,,,,,,,,,,,,,,,,,,,,,,,,,,,,,,,,,,,,,,,,,,,,,,,,,,30103600,,,,,,,,,,,,,,,,,,,,,,,,,,,,,,,,,,,,,,,,,,,
,,,,,,,Building Materials,Decking,Composite Decking,,1513717,1nx6-16' Honey Grove Sq Edge - Trex Enhance Naturals Decking,TREX,-- No Unilog Brand --,-- No DIB Brand --,Boise Cascade Building Materials (BOICA),"Trex Company, Inc.",Trex®,,1513717,,Building Materials>Decking>Composite & PVC Decking,"Trex Company, Inc. Trex, Decking, Honey Grove, 1513717, 1 in x 6 in",DECKING 1IN X 6IN 16FT SQ EDG,"Trex® Honey Grove 1513717 Decking, 1 in x 6 in, 16 ft, Square Edge","Trex® Decking, Honey Grove, 1 in x 6 in, 16 ft, Square Edge","Honey Grove Decking, 1 in x 6 in, 16 ft, Square Edge",,,,,,,,,,,,,,,,,,,,,,,,,,,Decking,Nominal Size,1 in x 6 in,,Length,16,ft,Edge Profile,Square Edge,,Series,Honey Grove,,,,,,,,,,,,,,,,,,,,,,,,,,,,,,,,,,,,,,,,,,,,,,,,,,,,,,,,,,,,,,,,,,,,,,,,,,,,,,,,,,,,,,,,,,,,,,,,,,,,,,,,,,,,,,,,,,,,,,,,,,,,,,,,,,,,,,,,,,,,,,,30103600,,,,,,,,,,,,,,,,,,,,,,,,,,,,,,,,,,,,,,,,,,,
,,,,,,,Building Materials,Decking,Composite Decking,,1513718,1nx6-20' Honey Grove Sq Edge - Trex Enhance Naturals Decking,TREX,-- No Unilog Brand --,-- No DIB Brand --,Boise Cascade Building Materials (BOICA),"Trex Company, Inc.",Trex®,,1513718,,Building Materials>Decking>Composite & PVC Decking,"Trex Company, Inc. Trex, Decking, Honey Grove, 1513718, 1 in x 6 in",DECKING 1IN X 6IN 20FT SQ EDG,"Trex® Honey Grove 1513718 Decking, 1 in x 6 in, 20 ft, Square Edge","Trex® Decking, Honey Grove, 1 in x 6 in, 20 ft, Square Edge","Honey Grove Decking, 1 in x 6 in, 20 ft, Square Edge",,,,,,,,,,,,,,,,,,,,,,,,,,,Decking,Nominal Size,1 in x 6 in,,Length,20,ft,Edge Profile,Square Edge,,Series,Honey Grove,,,,,,,,,,,,,,,,,,,,,,,,,,,,,,,,,,,,,,,,,,,,,,,,,,,,,,,,,,,,,,,,,,,,,,,,,,,,,,,,,,,,,,,,,,,,,,,,,,,,,,,,,,,,,,,,,,,,,,,,,,,,,,,,,,,,,,,,,,,,,,,30103600,,,,,,,,,,,,,,,,,,,,,,,,,,,,,,,,,,,,,,,,,,,
,,,,,,,Building Materials,Decking,Composite Decking,,1513719,1nx6-12' Honey Grove Grooved - Trex Enhance Naturals Decking,TREX,-- No Unilog Brand --,-- No DIB Brand --,Boise Cascade Building Materials (BOICA),"Trex Company, Inc.",Trex®,,1513719,,Building Materials>Decking>Composite & PVC Decking,"Trex Company, Inc. Trex, Decking, Honey Grove, 1513719, 1 in x 6 in",DECKING 1IN X 6IN 12FT GRVD,"Trex® Honey Grove 1513719 Decking, 1 in x 6 in, 12 ft, Grooved","Trex® Decking, Honey Grove, 1 in x 6 in, 12 ft, Grooved","Honey Grove Decking, 1 in x 6 in, 12 ft, Grooved",,,,,,,,,,,,,,,,,,,,,,,,,,,Decking,Nominal Size,1 in x 6 in,,Length,12,ft,Edge Profile,Grooved,,Series,Honey Grove,,,,,,,,,,,,,,,,,,,,,,,,,,,,,,,,,,,,,,,,,,,,,,,,,,,,,,,,,,,,,,,,,,,,,,,,,,,,,,,,,,,,,,,,,,,,,,,,,,,,,,,,,,,,,,,,,,,,,,,,,,,,,,,,,,,,,,,,,,,,,,,30103600,,,,,,,,,,,,,,,,,,,,,,,,,,,,,,,,,,,,,,,,,,,
,,,,,,,Building Materials,Decking,Composite Decking,,1513720,1nx6-16' Honey Grove Grooved - Trex Enhance Naturals Decking,TREX,-- No Unilog Brand --,-- No DIB Brand --,Boise Cascade Building Materials (BOICA),"Trex Company, Inc.",Trex®,,1513720,,Building Materials>Decking>Composite & PVC Decking,"Trex Company, Inc. Trex, Decking, Honey Grove, 1513720, 1 in x 6 in",DECKING 1IN X 6IN 16FT GRVD,"Trex® Honey Grove 1513720 Decking, 1 in x 6 in, 16 ft, Grooved","Trex® Decking, Honey Grove, 1 in x 6 in, 16 ft, Grooved","Honey Grove Decking, 1 in x 6 in, 16 ft, Grooved",,,,,,,,,,,,,,,,,,,,,,,,,,,Decking,Nominal Size,1 in x 6 in,,Length,16,ft,Edge Profile,Grooved,,Series,Honey Grove,,,,,,,,,,,,,,,,,,,,,,,,,,,,,,,,,,,,,,,,,,,,,,,,,,,,,,,,,,,,,,,,,,,,,,,,,,,,,,,,,,,,,,,,,,,,,,,,,,,,,,,,,,,,,,,,,,,,,,,,,,,,,,,,,,,,,,,,,,,,,,,30103600,,,,,,,,,,,,,,,,,,,,,,,,,,,,,,,,,,,,,,,,,,,
,,,,,,,Building Materials,Decking,Composite Decking,,1513721,1nx6-20' Honey Grove Grooved - Trex Enhance Naturals Decking,TREX,-- No Unilog Brand --,-- No DIB Brand --,Boise Cascade Building Materials (BOICA),"Trex Company, Inc.",Trex®,,1513721,,Building Materials>Decking>Composite & PVC Decking,"Trex Company, Inc. Trex, Decking, Honey Grove, 1513721, 1 in x 6 in",DECKING 1IN X 6IN 20FT GRVD,"Trex® Honey Grove 1513721 Decking, 1 in x 6 in, 20 ft, Grooved","Trex® Decking, Honey Grove, 1 in x 6 in, 20 ft, Grooved","Honey Grove Decking, 1 in x 6 in, 20 ft, Grooved",,,,,,,,,,,,,,,,,,,,,,,,,,,Decking,Nominal Size,1 in x 6 in,,Length,20,ft,Edge Profile,Grooved,,Series,Honey Grove,,,,,,,,,,,,,,,,,,,,,,,,,,,,,,,,,,,,,,,,,,,,,,,,,,,,,,,,,,,,,,,,,,,,,,,,,,,,,,,,,,,,,,,,,,,,,,,,,,,,,,,,,,,,,,,,,,,,,,,,,,,,,,,,,,,,,,,,,,,,,,,30103600,,,,,,,,,,,,,,,,,,,,,,,,,,,,,,,,,,,,,,,,,,,
,,,,,,,Building Materials,Decking,Composite Decking,,1513724,1nx6-16' Tide Pool Sq Edge - Trex Enhance Basics Decking,TREX,-- No Unilog Brand --,-- No DIB Brand --,Boise Cascade Building Materials (BOICA),"Trex Company, Inc.",Trex®,,1513724,,Building Materials>Decking>Composite & PVC Decking,"Trex Company, Inc. Trex, Decking, Tide Pool, 1513724, 1 in x 6 in",DECKING 1IN X 6IN 16FT SQ EDG,"Trex® Tide Pool 1513724 Decking, 1 in x 6 in, 16 ft, Square Edge","Trex® Decking, Tide Pool, 1 in x 6 in, 16 ft, Square Edge","Tide Pool Decking, 1 in x 6 in, 16 ft, Square Edge",,,,,,,,,,,,,,,,,,,,,,,,,,,Decking,Nominal Size,1 in x 6 in,,Length,16,ft,Edge Profile,Square Edge,,Series,Tide Pool,,,,,,,,,,,,,,,,,,,,,,,,,,,,,,,,,,,,,,,,,,,,,,,,,,,,,,,,,,,,,,,,,,,,,,,,,,,,,,,,,,,,,,,,,,,,,,,,,,,,,,,,,,,,,,,,,,,,,,,,,,,,,,,,,,,,,,,,,,,,,,,30103600,,,,,,,,,,,,,,,,,,,,,,,,,,,,,,,,,,,,,,,,,,,
,,,,,,,Building Materials,Decking,Composite Decking,,1513725,1nx6-20' Tide Pool Sq Edge - Trex Enhance Basics Decking,TREX,-- No Unilog Brand --,-- No DIB Brand --,Boise Cascade Building Materials (BOICA),"Trex Company, Inc.",Trex®,,1513725,,Building Materials>Decking>Composite & PVC Decking,"Trex Company, Inc. Trex, Decking, Tide Pool, 1513725, 1 in x 6 in",DECKING 1IN X 6IN 20FT SQ EDG,"Trex® Tide Pool 1513725 Decking, 1 in x 6 in, 20 ft, Square Edge","Trex® Decking, Tide Pool, 1 in x 6 in, 20 ft, Square Edge","Tide Pool Decking, 1 in x 6 in, 20 ft, Square Edge",,,,,,,,,,,,,,,,,,,,,,,,,,,Decking,Nominal Size,1 in x 6 in,,Length,20,ft,Edge Profile,Square Edge,,Series,Tide Pool,,,,,,,,,,,,,,,,,,,,,,,,,,,,,,,,,,,,,,,,,,,,,,,,,,,,,,,,,,,,,,,,,,,,,,,,,,,,,,,,,,,,,,,,,,,,,,,,,,,,,,,,,,,,,,,,,,,,,,,,,,,,,,,,,,,,,,,,,,,,,,,30103600,,,,,,,,,,,,,,,,,,,,,,,,,,,,,,,,,,,,,,,,,,,
,,,,,,,Building Materials,Decking,Composite Decking,,1513726,1nx6-12' Tide Pool Grooved - Trex Enhance Basics Decking,TREX,-- No Unilog Brand --,-- No DIB Brand --,Boise Cascade Building Materials (BOICA),"Trex Company, Inc.",Trex®,,1513726,,Building Materials>Decking>Composite & PVC Decking,"Trex Company, Inc. Trex, Decking, Tide Pool, 1513726, 1 in x 6 in",DECKING 1IN X 6IN 12FT GRVD,"Trex® Tide Pool 1513726 Decking, 1 in x 6 in, 12 ft, Grooved","Trex® Decking, Tide Pool, 1 in x 6 in, 12 ft, Grooved","Tide Pool Decking, 1 in x 6 in, 12 ft, Grooved",,,,,,,,,,,,,,,,,,,,,,,,,,,Decking,Nominal Size,1 in x 6 in,,Length,12,ft,Edge Profile,Grooved,,Series,Tide Pool,,,,,,,,,,,,,,,,,,,,,,,,,,,,,,,,,,,,,,,,,,,,,,,,,,,,,,,,,,,,,,,,,,,,,,,,,,,,,,,,,,,,,,,,,,,,,,,,,,,,,,,,,,,,,,,,,,,,,,,,,,,,,,,,,,,,,,,,,,,,,,,30103600,,,,,,,,,,,,,,,,,,,,,,,,,,,,,,,,,,,,,,,,,,,
,,,,,,,Building Materials,Decking,Composite Decking,,1513727,1nx6-16' Tide Pool Grooved - Trex Enhance Basics Decking,TREX,-- No Unilog Brand --,-- No DIB Brand --,Boise Cascade Building Materials (BOICA),"Trex Company, Inc.",Trex®,,1513727,,Building Materials>Decking>Composite & PVC Decking,"Trex Company, Inc. Trex, Decking, Tide Pool, 1513727, 1 in x 6 in",DECKING 1IN X 6IN 16FT GRVD,"Trex® Tide Pool 1513727 Decking, 1 in x 6 in, 16 ft, Grooved","Trex® Decking, Tide Pool, 1 in x 6 in, 16 ft, Grooved","Tide Pool Decking, 1 in x 6 in, 16 ft, Grooved",,,,,,,,,,,,,,,,,,,,,,,,,,,Decking,Nominal Size,1 in x 6 in,,Length,16,ft,Edge Profile,Grooved,,Series,Tide Pool,,,,,,,,,,,,,,,,,,,,,,,,,,,,,,,,,,,,,,,,,,,,,,,,,,,,,,,,,,,,,,,,,,,,,,,,,,,,,,,,,,,,,,,,,,,,,,,,,,,,,,,,,,,,,,,,,,,,,,,,,,,,,,,,,,,,,,,,,,,,,,,30103600,,,,,,,,,,,,,,,,,,,,,,,,,,,,,,,,,,,,,,,,,,,
,,,,,,,Building Materials,Decking,Composite Decking,,1513728,1nx6-20' Tide Pool Grooved - Trex Enhance Basics Decking,TREX,-- No Unilog Brand --,-- No DIB Brand --,Boise Cascade Building Materials (BOICA),"Trex Company, Inc.",Trex®,,1513728,,Building Materials>Decking>Composite & PVC Decking,"Trex Company, Inc. Trex, Decking, Tide Pool, 1513728, 1 in x 6 in",DECKING 1IN X 6IN 20FT GRVD,"Trex® Tide Pool 1513728 Decking, 1 in x 6 in, 20 ft, Grooved","Trex® Decking, Tide Pool, 1 in x 6 in, 20 ft, Grooved","Tide Pool Decking, 1 in x 6 in, 20 ft, Grooved",,,,,,,,,,,,,,,,,,,,,,,,,,,Decking,Nominal Size,1 in x 6 in,,Length,20,ft,Edge Profile,Grooved,,Series,Tide Pool,,,,,,,,,,,,,,,,,,,,,,,,,,,,,,,,,,,,,,,,,,,,,,,,,,,,,,,,,,,,,,,,,,,,,,,,,,,,,,,,,,,,,,,,,,,,,,,,,,,,,,,,,,,,,,,,,,,,,,,,,,,,,,,,,,,,,,,,,,,,,,,30103600,,,,,,,,,,,,,,,,,,,,,,,,,,,,,,,,,,,,,,,,,,,
,,,,,,,Building Materials,Decking,Composite Decking,,543076016,1nx6-16' Cinnamon Cove Sq Edge - Trex Enhance Naturals Decking,TREX,-- No Unilog Brand --,-- No DIB Brand --,Boise Cascade Building Materials (BOICA),"Trex Company, Inc.",Trex®,,543076016,,Building Materials>Decking>Composite & PVC Decking,"Trex Company, Inc. Trex, Decking, Cinnamon Cove, 543076016, 1 in x 6 in",DECKING 1IN X 6IN 16FT SQ EDG,"Trex® Cinnamon Cove 543076016 Decking, 1 in x 6 in, 16 ft, Square Edge","Trex® Decking, Cinnamon Cove, 1 in x 6 in, 16 ft, Square Edge","Cinnamon Cove Decking, 1 in x 6 in, 16 ft, Square Edge",,,,,,,,,,,,,,,,,,,,,,,,,,,Decking,Nominal Size,1 in x 6 in,,Length,16,ft,Edge Profile,Square Edge,,Series,Cinnamon Cove,,,,,,,,,,,,,,,,,,,,,,,,,,,,,,,,,,,,,,,,,,,,,,,,,,,,,,,,,,,,,,,,,,,,,,,,,,,,,,,,,,,,,,,,,,,,,,,,,,,,,,,,,,,,,,,,,,,,,,,,,,,,,,,,,,,,,,,,,,,,,,,30103600,,,,,,,,,,,,,,,,,,,,,,,,,,,,,,,,,,,,,,,,,,,
,,,,,,,Building Materials,Decking,Composite Decking,,543076020,1nx6-20' Cinnamon Cove Sq Edge - Trex Enhance Naturals Decking,TREX,-- No Unilog Brand --,-- No DIB Brand --,Boise Cascade Building Materials (BOICA),"Trex Company, Inc.",Trex®,,543076020,,Building Materials>Decking>Composite & PVC Decking,"Trex Company, Inc. Trex, Decking, Cinnamon Cove, 543076020, 1 in x 6 in",DECKING 1IN X 6IN 20FT SQ EDG,"Trex® Cinnamon Cove 543076020 Decking, 1 in x 6 in, 20 ft, Square Edge","Trex® Decking, Cinnamon Cove, 1 in x 6 in, 20 ft, Square Edge","Cinnamon Cove Decking, 1 in x 6 in, 20 ft, Square Edge",,,,,,,,,,,,,,,,,,,,,,,,,,,Decking,Nominal Size,1 in x 6 in,,Length,20,ft,Edge Profile,Square Edge,,Series,Cinnamon Cove,,,,,,,,,,,,,,,,,,,,,,,,,,,,,,,,,,,,,,,,,,,,,,,,,,,,,,,,,,,,,,,,,,,,,,,,,,,,,,,,,,,,,,,,,,,,,,,,,,,,,,,,,,,,,,,,,,,,,,,,,,,,,,,,,,,,,,,,,,,,,,,30103600,,,,,,,,,,,,,,,,,,,,,,,,,,,,,,,,,,,,,,,,,,,
,,,,,,,Building Materials,Decking,Composite Decking,,543076412,1nx6-12' Cinnamon Cove Grooved - Trex Enhance Naturals Decking,TREX,-- No Unilog Brand --,-- No DIB Brand --,Boise Cascade Building Materials (BOICA),"Trex Company, Inc.",Trex®,,543076412,,Building Materials>Decking>Composite & PVC Decking,"Trex Company, Inc. Trex, Decking, Cinnamon Cove, 543076412, 1 in x 6 in",DECKING 1IN X 6IN 12FT GRVD,"Trex® Cinnamon Cove 543076412 Decking, 1 in x 6 in, 12 ft, Grooved","Trex® Decking, Cinnamon Cove, 1 in x 6 in, 12 ft, Grooved","Cinnamon Cove Decking, 1 in x 6 in, 12 ft, Grooved",,,,,,,,,,,,,,,,,,,,,,,,,,,Decking,Nominal Size,1 in x 6 in,,Length,12,ft,Edge Profile,Grooved,,Series,Cinnamon Cove,,,,,,,,,,,,,,,,,,,,,,,,,,,,,,,,,,,,,,,,,,,,,,,,,,,,,,,,,,,,,,,,,,,,,,,,,,,,,,,,,,,,,,,,,,,,,,,,,,,,,,,,,,,,,,,,,,,,,,,,,,,,,,,,,,,,,,,,,,,,,,,30103600,,,,,,,,,,,,,,,,,,,,,,,,,,,,,,,,,,,,,,,,,,,
,,,,,,,Building Materials,Decking,Composite Decking,,543076416,1nx6-16' Cinnamon Cove Grooved - Trex Enhance Naturals Decking,TREX,-- No Unilog Brand --,-- No DIB Brand --,Boise Cascade Building Materials (BOICA),"Trex Company, Inc.",Trex®,,543076416,,Building Materials>Decking>Composite & PVC Decking,"Trex Company, Inc. Trex, Decking, Cinnamon Cove, 543076416, 1 in x 6 in",DECKING 1IN X 6IN 16FT GRVD,"Trex® Cinnamon Cove 543076416 Decking, 1 in x 6 in, 16 ft, Grooved","Trex® Decking, Cinnamon Cove, 1 in x 6 in, 16 ft, Grooved","Cinnamon Cove Decking, 1 in x 6 in, 16 ft, Grooved",,,,,,,,,,,,,,,,,,,,,,,,,,,Decking,Nominal Size,1 in x 6 in,,Length,16,ft,Edge Profile,Grooved,,Series,Cinnamon Cove,,,,,,,,,,,,,,,,,,,,,,,,,,,,,,,,,,,,,,,,,,,,,,,,,,,,,,,,,,,,,,,,,,,,,,,,,,,,,,,,,,,,,,,,,,,,,,,,,,,,,,,,,,,,,,,,,,,,,,,,,,,,,,,,,,,,,,,,,,,,,,,30103600,,,,,,,,,,,,,,,,,,,,,,,,,,,,,,,,,,,,,,,,,,,
,,,,,,,Building Materials,Decking,Composite Decking,,543076420,1nx6-20' Cinnamon Cove Grooved - Trex Enhance Naturals Decking,TREX,-- No Unilog Brand --,-- No DIB Brand --,Boise Cascade Building Materials (BOICA),"Trex Company, Inc.",Trex®,,543076420,,Building Materials>Decking>Composite & PVC Decking,"Trex Company, Inc. Trex, Decking, Cinnamon Cove, 543076420, 1 in x 6 in",DECKING 1IN X 6IN 20FT GRVD,"Trex® Cinnamon Cove 543076420 Decking, 1 in x 6 in, 20 ft, Grooved","Trex® Decking, Cinnamon Cove, 1 in x 6 in, 20 ft, Grooved","Cinnamon Cove Decking, 1 in x 6 in, 20 ft, Grooved",,,,,,,,,,,,,,,,,,,,,,,,,,,Decking,Nominal Size,1 in x 6 in,,Length,20,ft,Edge Profile,Grooved,,Series,Cinnamon Cove,,,,,,,,,,,,,,,,,,,,,,,,,,,,,,,,,,,,,,,,,,,,,,,,,,,,,,,,,,,,,,,,,,,,,,,,,,,,,,,,,,,,,,,,,,,,,,,,,,,,,,,,,,,,,,,,,,,,,,,,,,,,,,,,,,,,,,,,,,,,,,,30103600,,,,,,,,,,,,,,,,,,,,,,,,,,,,,,,,,,,,,,,,,,,
,,,,,,,Building Materials,Decking,Composite Decking,,1516870,1nx6-16' Golden Hour Sq Edge - Trex Enhance Naturals Decking,TREX,-- No Unilog Brand --,-- No DIB Brand --,Boise Cascade Building Materials (BOICA),"Trex Company, Inc.",Trex®,,1516870,,Building Materials>Decking>Composite & PVC Decking,"Trex Company, Inc. Trex, Decking, Golden Hour, 1516870, 1 in x 6 in",DECKING 1IN X 6IN 16FT SQ EDG,"Trex® Golden Hour 1516870 Decking, 1 in x 6 in, 16 ft, Square Edge","Trex® Decking, Golden Hour, 1 in x 6 in, 16 ft, Square Edge","Golden Hour Decking, 1 in x 6 in, 16 ft, Square Edge",,,,,,,,,,,,,,,,,,,,,,,,,,,Decking,Nominal Size,1 in x 6 in,,Length,16,ft,Edge Profile,Square Edge,,Series,Golden Hour,,,,,,,,,,,,,,,,,,,,,,,,,,,,,,,,,,,,,,,,,,,,,,,,,,,,,,,,,,,,,,,,,,,,,,,,,,,,,,,,,,,,,,,,,,,,,,,,,,,,,,,,,,,,,,,,,,,,,,,,,,,,,,,,,,,,,,,,,,,,,,,30103600,,,,,,,,,,,,,,,,,,,,,,,,,,,,,,,,,,,,,,,,,,,
,,,,,,,Building Materials,Decking,Composite Decking,,1516871,1nx6-20' Golden Hour Sq Edge - Trex Enhance Naturals Decking,TREX,-- No Unilog Brand --,-- No DIB Brand --,Boise Cascade Building Materials (BOICA),"Trex Company, Inc.",Trex®,,1516871,,Building Materials>Decking>Composite & PVC Decking,"Trex Company, Inc. Trex, Decking, Golden Hour, 1516871, 1 in x 6 in",DECKING 1IN X 6IN 20FT SQ EDG,"Trex® Golden Hour 1516871 Decking, 1 in x 6 in, 20 ft, Square Edge","Trex® Decking, Golden Hour, 1 in x 6 in, 20 ft, Square Edge","Golden Hour Decking, 1 in x 6 in, 20 ft, Square Edge",,,,,,,,,,,,,,,,,,,,,,,,,,,Decking,Nominal Size,1 in x 6 in,,Length,20,ft,Edge Profile,Square Edge,,Series,Golden Hour,,,,,,,,,,,,,,,,,,,,,,,,,,,,,,,,,,,,,,,,,,,,,,,,,,,,,,,,,,,,,,,,,,,,,,,,,,,,,,,,,,,,,,,,,,,,,,,,,,,,,,,,,,,,,,,,,,,,,,,,,,,,,,,,,,,,,,,,,,,,,,,30103600,,,,,,,,,,,,,,,,,,,,,,,,,,,,,,,,,,,,,,,,,,,
,,,,,,,Building Materials,Decking,Composite Decking,,1516872,1nx6-12' Golden Hour Grooved - Trex Enhance Naturals Decking,TREX,-- No Unilog Brand --,-- No DIB Brand --,Boise Cascade Building Materials (BOICA),"Trex Company, Inc.",Trex®,,1516872,,Building Materials>Decking>Composite & PVC Decking,"Trex Company, Inc. Trex, Decking, Golden Hour, 1516872, 1 in x 6 in",DECKING 1IN X 6IN 12FT GRVD,"Trex® Golden Hour 1516872 Decking, 1 in x 6 in, 12 ft, Grooved","Trex® Decking, Golden Hour, 1 in x 6 in, 12 ft, Grooved","Golden Hour Decking, 1 in x 6 in, 12 ft, Grooved",,,,,,,,,,,,,,,,,,,,,,,,,,,Decking,Nominal Size,1 in x 6 in,,Length,12,ft,Edge Profile,Grooved,,Series,Golden Hour,,,,,,,,,,,,,,,,,,,,,,,,,,,,,,,,,,,,,,,,,,,,,,,,,,,,,,,,,,,,,,,,,,,,,,,,,,,,,,,,,,,,,,,,,,,,,,,,,,,,,,,,,,,,,,,,,,,,,,,,,,,,,,,,,,,,,,,,,,,,,,,30103600,,,,,,,,,,,,,,,,,,,,,,,,,,,,,,,,,,,,,,,,,,,
,,,,,,,Building Materials,Decking,Composite Decking,,1516873,1nx6-16' Golden Hour Grooved - Trex Enhance Naturals Decking,TREX,-- No Unilog Brand --,-- No DIB Brand --,Boise Cascade Building Materials (BOICA),"Trex Company, Inc.",Trex®,,1516873,,Building Materials>Decking>Composite & PVC Decking,"Trex Company, Inc. Trex, Decking, Golden Hour, 1516873, 1 in x 6 in",DECKING 1IN X 6IN 16FT GRVD,"Trex® Golden Hour 1516873 Decking, 1 in x 6 in, 16 ft, Grooved","Trex® Decking, Golden Hour, 1 in x 6 in, 16 ft, Grooved","Golden Hour Decking, 1 in x 6 in, 16 ft, Grooved",,,,,,,,,,,,,,,,,,,,,,,,,,,Decking,Nominal Size,1 in x 6 in,,Length,16,ft,Edge Profile,Grooved,,Series,Golden Hour,,,,,,,,,,,,,,,,,,,,,,,,,,,,,,,,,,,,,,,,,,,,,,,,,,,,,,,,,,,,,,,,,,,,,,,,,,,,,,,,,,,,,,,,,,,,,,,,,,,,,,,,,,,,,,,,,,,,,,,,,,,,,,,,,,,,,,,,,,,,,,,30103600,,,,,,,,,,,,,,,,,,,,,,,,,,,,,,,,,,,,,,,,,,,
,,,,,,,Building Materials,Decking,Composite Decking,,1516874,1nx6-20' Golden Hour Grooved - Trex Enhance Naturals Decking,TREX,-- No Unilog Brand --,-- No DIB Brand --,Boise Cascade Building Materials (BOICA),"Trex Company, Inc.",Trex®,,1516874,,Building Materials>Decking>Composite & PVC Decking,"Trex Company, Inc. Trex, Decking, Golden Hour, 1516874, 1 in x 6 in",DECKING 1IN X 6IN 20FT GRVD,"Trex® Golden Hour 1516874 Decking, 1 in x 6 in, 20 ft, Grooved","Trex® Decking, Golden Hour, 1 in x 6 in, 20 ft, Grooved","Golden Hour Decking, 1 in x 6 in, 20 ft, Grooved",,,,,,,,,,,,,,,,,,,,,,,,,,,Decking,Nominal Size,1 in x 6 in,,Length,20,ft,Edge Profile,Grooved,,Series,Golden Hour,,,,,,,,,,,,,,,,,,,,,,,,,,,,,,,,,,,,,,,,,,,,,,,,,,,,,,,,,,,,,,,,,,,,,,,,,,,,,,,,,,,,,,,,,,,,,,,,,,,,,,,,,,,,,,,,,,,,,,,,,,,,,,,,,,,,,,,,,,,,,,,30103600,,,,,,,,,,,,,,,,,,,,,,,,,,,,,,,,,,,,,,,,,,,
,,,,,,,Building Materials,Decking,Composite Decking,,1516879,1nx6-16' Pebble Beach Sq Edge - Trex Enhance Basics Decking,TREX,-- No Unilog Brand --,-- No DIB Brand --,Boise Cascade Building Materials (BOICA),"Trex Company, Inc.",Trex®,,1516879,,Building Materials>Decking>Composite & PVC Decking,"Trex Company, Inc. Trex, Decking, Pebble Beach, 1516879, 1 in x 6 in",DECKING 1IN X 6IN 16FT SQ EDG,"Trex® Pebble Beach 1516879 Decking, 1 in x 6 in, 16 ft, Square Edge","Trex® Decking, Pebble Beach, 1 in x 6 in, 16 ft, Square Edge","Pebble Beach Decking, 1 in x 6 in, 16 ft, Square Edge",,,,,,,,,,,,,,,,,,,,,,,,,,,Decking,Nominal Size,1 in x 6 in,,Length,16,ft,Edge Profile,Square Edge,,Series,Pebble Beach,,,,,,,,,,,,,,,,,,,,,,,,,,,,,,,,,,,,,,,,,,,,,,,,,,,,,,,,,,,,,,,,,,,,,,,,,,,,,,,,,,,,,,,,,,,,,,,,,,,,,,,,,,,,,,,,,,,,,,,,,,,,,,,,,,,,,,,,,,,,,,,30103600,,,,,,,,,,,,,,,,,,,,,,,,,,,,,,,,,,,,,,,,,,,
,,,,,,,Building Materials,Decking,Composite Decking,,1516880,1nx6-20' Pebble Beach Sq Edge - Trex Enhance Basics Decking,TREX,-- No Unilog Brand --,-- No DIB Brand --,Boise Cascade Building Materials (BOICA),"Trex Company, Inc.",Trex®,,1516880,,Building Materials>Decking>Composite & PVC Decking,"Trex Company, Inc. Trex, Decking, Pebble Beach, 1516880, 1 in x 6 in",DECKING 1IN X 6IN 20FT SQ EDG,"Trex® Pebble Beach 1516880 Decking, 1 in x 6 in, 20 ft, Square Edge","Trex® Decking, Pebble Beach, 1 in x 6 in, 20 ft, Square Edge","Pebble Beach Decking, 1 in x 6 in, 20 ft, Square Edge",,,,,,,,,,,,,,,,,,,,,,,,,,,Decking,Nominal Size,1 in x 6 in,,Length,20,ft,Edge Profile,Square Edge,,Series,Pebble Beach,,,,,,,,,,,,,,,,,,,,,,,,,,,,,,,,,,,,,,,,,,,,,,,,,,,,,,,,,,,,,,,,,,,,,,,,,,,,,,,,,,,,,,,,,,,,,,,,,,,,,,,,,,,,,,,,,,,,,,,,,,,,,,,,,,,,,,,,,,,,,,,30103600,,,,,,,,,,,,,,,,,,,,,,,,,,,,,,,,,,,,,,,,,,,
,,,,,,,Building Materials,Decking,Composite Decking,,1516881,1nx6-12' Pebble Beach Grooved - Trex Enhance Basics Decking,TREX,-- No Unilog Brand --,-- No DIB Brand --,Boise Cascade Building Materials (BOICA),"Trex Company, Inc.",Trex®,,1516881,,Building Materials>Decking>Composite & PVC Decking,"Trex Company, Inc. Trex, Decking, Pebble Beach, 1516881, 1 in x 6 in",DECKING 1IN X 6IN 12FT GRVD,"Trex® Pebble Beach 1516881 Decking, 1 in x 6 in, 12 ft, Grooved","Trex® Decking, Pebble Beach, 1 in x 6 in, 12 ft, Grooved","Pebble Beach Decking, 1 in x 6 in, 12 ft, Grooved",,,,,,,,,,,,,,,,,,,,,,,,,,,Decking,Nominal Size,1 in x 6 in,,Length,12,ft,Edge Profile,Grooved,,Series,Pebble Beach,,,,,,,,,,,,,,,,,,,,,,,,,,,,,,,,,,,,,,,,,,,,,,,,,,,,,,,,,,,,,,,,,,,,,,,,,,,,,,,,,,,,,,,,,,,,,,,,,,,,,,,,,,,,,,,,,,,,,,,,,,,,,,,,,,,,,,,,,,,,,,,30103600,,,,,,,,,,,,,,,,,,,,,,,,,,,,,,,,,,,,,,,,,,,
,,,,,,,Building Materials,Decking,Composite Decking,,1516882,1nx6-16' Pebble Beach Grooved - Trex Enhance Basics Decking,TREX,-- No Unilog Brand --,-- No DIB Brand --,Boise Cascade Building Materials (BOICA),"Trex Company, Inc.",Trex®,,1516882,,Building Materials>Decking>Composite & PVC Decking,"Trex Company, Inc. Trex, Decking, Pebble Beach, 1516882, 1 in x 6 in",DECKING 1IN X 6IN 16FT GRVD,"Trex® Pebble Beach 1516882 Decking, 1 in x 6 in, 16 ft, Grooved","Trex® Decking, Pebble Beach, 1 in x 6 in, 16 ft, Grooved","Pebble Beach Decking, 1 in x 6 in, 16 ft, Grooved",,,,,,,,,,,,,,,,,,,,,,,,,,,Decking,Nominal Size,1 in x 6 in,,Length,16,ft,Edge Profile,Grooved,,Series,Pebble Beach,,,,,,,,,,,,,,,,,,,,,,,,,,,,,,,,,,,,,,,,,,,,,,,,,,,,,,,,,,,,,,,,,,,,,,,,,,,,,,,,,,,,,,,,,,,,,,,,,,,,,,,,,,,,,,,,,,,,,,,,,,,,,,,,,,,,,,,,,,,,,,,30103600,,,,,,,,,,,,,,,,,,,,,,,,,,,,,,,,,,,,,,,,,,,
,,,,,,,Building Materials,Decking,Composite Decking,,1516883,1nx6-20' Pebble Beach Grooved - Trex Enhance Basics Decking,TREX,-- No Unilog Brand --,-- No DIB Brand --,Boise Cascade Building Materials (BOICA),"Trex Company, Inc.",Trex®,,1516883,,Building Materials>Decking>Composite & PVC Decking,"Trex Company, Inc. Trex, Decking, Pebble Beach, 1516883, 1 in x 6 in",DECKING 1IN X 6IN 20FT GRVD,"Trex® Pebble Beach 1516883 Decking, 1 in x 6 in, 20 ft, Grooved","Trex® Decking, Pebble Beach, 1 in x 6 in, 20 ft, Grooved","Pebble Beach Decking, 1 in x 6 in, 20 ft, Grooved",,,,,,,,,,,,,,,,,,,,,,,,,,,Decking,Nominal Size,1 in x 6 in,,Length,20,ft,Edge Profile,Grooved,,Series,Pebble Beach,,,,,,,,,,,,,,,,,,,,,,,,,,,,,,,,,,,,,,,,,,,,,,,,,,,,,,,,,,,,,,,,,,,,,,,,,,,,,,,,,,,,,,,,,,,,,,,,,,,,,,,,,,,,,,,,,,,,,,,,,,,,,,,,,,,,,,,,,,,,,,,30103600,,,,,,,,,,,,,,,,,,,,,,,,,,,,,,,,,,,,,,,,,,,
,,,,,,,Building Materials,Decking,Composite Decking,,543005016,7/8nx6-16' Malted Barley Sq Edge - Trex Select 2.0 Decking,TREX,-- No Unilog Brand --,-- No DIB Brand --,Boise Cascade Building Materials (BOICA),"Trex Company, Inc.",Trex®,,543005016,,Building Materials>Decking>Composite & PVC Decking,"Trex Company, Inc. Trex, Decking, Malted Barley, 543005016, 7/8 in x 6 in",DECKING 7/8IN X 6IN 16FT SQ EDG,"Trex® Malted Barley 543005016 Decking, 7/8 in x 6 in, 16 ft, Square Edge","Trex® Decking, Malted Barley, 7/8 in x 6 in, 16 ft, Square Edge","Malted Barley Decking, 7/8 in x 6 in, 16 ft, Square Edge",,,,,,,,,,,,,,,,,,,,,,,,,,,Decking,Nominal Size,7/8 in x 6 in,,Length,16,ft,Edge Profile,Square Edge,,Series,Malted Barley,,,,,,,,,,,,,,,,,,,,,,,,,,,,,,,,,,,,,,,,,,,,,,,,,,,,,,,,,,,,,,,,,,,,,,,,,,,,,,,,,,,,,,,,,,,,,,,,,,,,,,,,,,,,,,,,,,,,,,,,,,,,,,,,,,,,,,,,,,,,,,,30103600,,,,,,,,,,,,,,,,,,,,,,,,,,,,,,,,,,,,,,,,,,,
,,,,,,,Building Materials,Decking,Composite Decking,,543005020,7/8nx6-20' Malted Barley Sq Edge - Trex Select 2.0 Decking,TREX,-- No Unilog Brand --,-- No DIB Brand --,Boise Cascade Building Materials (BOICA),"Trex Company, Inc.",Trex®,,543005020,,Building Materials>Decking>Composite & PVC Decking,"Trex Company, Inc. Trex, Decking, Malted Barley, 543005020, 7/8 in x 6 in",DECKING 7/8IN X 6IN 20FT SQ EDG,"Trex® Malted Barley 543005020 Decking, 7/8 in x 6 in, 20 ft, Square Edge","Trex® Decking, Malted Barley, 7/8 in x 6 in, 20 ft, Square Edge","Malted Barley Decking, 7/8 in x 6 in, 20 ft, Square Edge",,,,,,,,,,,,,,,,,,,,,,,,,,,Decking,Nominal Size,7/8 in x 6 in,,Length,20,ft,Edge Profile,Square Edge,,Series,Malted Barley,,,,,,,,,,,,,,,,,,,,,,,,,,,,,,,,,,,,,,,,,,,,,,,,,,,,,,,,,,,,,,,,,,,,,,,,,,,,,,,,,,,,,,,,,,,,,,,,,,,,,,,,,,,,,,,,,,,,,,,,,,,,,,,,,,,,,,,,,,,,,,,30103600,,,,,,,,,,,,,,,,,,,,,,,,,,,,,,,,,,,,,,,,,,,
,,,,,,,Building Materials,Decking,Composite Decking,,543005412,7/8nx6-12' Malted Barley Grooved - Trex Select 2.0 Decking,TREX,-- No Unilog Brand --,-- No DIB Brand --,Boise Cascade Building Materials (BOICA),"Trex Company, Inc.",Trex®,,543005412,,Building Materials>Decking>Composite & PVC Decking,"Trex Company, Inc. Trex, Decking, Malted Barley, 543005412, 7/8 in x 6 in",DECKING 7/8IN X 6IN 12FT GRVD,"Trex® Malted Barley 543005412 Decking, 7/8 in x 6 in, 12 ft, Grooved","Trex® Decking, Malted Barley, 7/8 in x 6 in, 12 ft, Grooved","Malted Barley Decking, 7/8 in x 6 in, 12 ft, Grooved",,,,,,,,,,,,,,,,,,,,,,,,,,,Decking,Nominal Size,7/8 in x 6 in,,Length,12,ft,Edge Profile,Grooved,,Series,Malted Barley,,,,,,,,,,,,,,,,,,,,,,,,,,,,,,,,,,,,,,,,,,,,,,,,,,,,,,,,,,,,,,,,,,,,,,,,,,,,,,,,,,,,,,,,,,,,,,,,,,,,,,,,,,,,,,,,,,,,,,,,,,,,,,,,,,,,,,,,,,,,,,,30103600,,,,,,,,,,,,,,,,,,,,,,,,,,,,,,,,,,,,,,,,,,,
,,,,,,,Building Materials,Decking,Composite Decking,,543005416,7/8nx6-16' Malted Barley Grooved - Trex Select 2.0 Decking,TREX,-- No Unilog Brand --,-- No DIB Brand --,Boise Cascade Building Materials (BOICA),"Trex Company, Inc.",Trex®,,543005416,,Building Materials>Decking>Composite & PVC Decking,"Trex Company, Inc. Trex, Decking, Malted Barley, 543005416, 7/8 in x 6 in",DECKING 7/8IN X 6IN 16FT GRVD,"Trex® Malted Barley 543005416 Decking, 7/8 in x 6 in, 16 ft, Grooved","Trex® Decking, Malted Barley, 7/8 in x 6 in, 16 ft, Grooved","Malted Barley Decking, 7/8 in x 6 in, 16 ft, Grooved",,,,,,,,,,,,,,,,,,,,,,,,,,,Decking,Nominal Size,7/8 in x 6 in,,Length,16,ft,Edge Profile,Grooved,,Series,Malted Barley,,,,,,,,,,,,,,,,,,,,,,,,,,,,,,,,,,,,,,,,,,,,,,,,,,,,,,,,,,,,,,,,,,,,,,,,,,,,,,,,,,,,,,,,,,,,,,,,,,,,,,,,,,,,,,,,,,,,,,,,,,,,,,,,,,,,,,,,,,,,,,,30103600,,,,,,,,,,,,,,,,,,,,,,,,,,,,,,,,,,,,,,,,,,,
,,,,,,,Building Materials,Decking,Composite Decking,,543005420,7/8nx6-20' Malted Barley Grooved - Trex Select 2.0 Decking,TREX,-- No Unilog Brand --,-- No DIB Brand --,Boise Cascade Building Materials (BOICA),"Trex Company, Inc.",Trex®,,543005420,,Building Materials>Decking>Composite & PVC Decking,"Trex Company, Inc. Trex, Decking, Malted Barley, 543005420, 7/8 in x 6 in",DECKING 7/8IN X 6IN 20FT GRVD,"Trex® Malted Barley 543005420 Decking, 7/8 in x 6 in, 20 ft, Grooved","Trex® Decking, Malted Barley, 7/8 in x 6 in, 20 ft, Grooved","Malted Barley Decking, 7/8 in x 6 in, 20 ft, Grooved",,,,,,,,,,,,,,,,,,,,,,,,,,,Decking,Nominal Size,7/8 in x 6 in,,Length,20,ft,Edge Profile,Grooved,,Series,Malted Barley,,,,,,,,,,,,,,,,,,,,,,,,,,,,,,,,,,,,,,,,,,,,,,,,,,,,,,,,,,,,,,,,,,,,,,,,,,,,,,,,,,,,,,,,,,,,,,,,,,,,,,,,,,,,,,,,,,,,,,,,,,,,,,,,,,,,,,,,,,,,,,,30103600,,,,,,,,,,,,,,,,,,,,,,,,,,,,,,,,,,,,,,,,,,,
,,,,,,,Building Materials,Decking,Composite Decking,,1516891,7/8nx6-16' Millstone Sq Edge - Trex Select 2.0 Decking,TREX,-- No Unilog Brand --,-- No DIB Brand --,Boise Cascade Building Materials (BOICA),"Trex Company, Inc.",Trex®,,1516891,,Building Materials>Decking>Composite & PVC Decking,"Trex Company, Inc. Trex, Decking, Millstone, 1516891, 7/8 in x 6 in",DECKING 7/8IN X 6IN 16FT SQ EDG,"Trex® Millstone 1516891 Decking, 7/8 in x 6 in, 16 ft, Square Edge","Trex® Decking, Millstone, 7/8 in x 6 in, 16 ft, Square Edge","Millstone Decking, 7/8 in x 6 in, 16 ft, Square Edge",,,,,,,,,,,,,,,,,,,,,,,,,,,Decking,Nominal Size,7/8 in x 6 in,,Length,16,ft,Edge Profile,Square Edge,,Series,Millstone,,,,,,,,,,,,,,,,,,,,,,,,,,,,,,,,,,,,,,,,,,,,,,,,,,,,,,,,,,,,,,,,,,,,,,,,,,,,,,,,,,,,,,,,,,,,,,,,,,,,,,,,,,,,,,,,,,,,,,,,,,,,,,,,,,,,,,,,,,,,,,,30103600,,,,,,,,,,,,,,,,,,,,,,,,,,,,,,,,,,,,,,,,,,,
,,,,,,,Building Materials,Decking,Composite Decking,,1516892,7/8nx6-20' Millstone Sq Edge -Trex Select 2.0 Decking,TREX,-- No Unilog Brand --,-- No DIB Brand --,Boise Cascade Building Materials (BOICA),"Trex Company, Inc.",Trex®,,1516892,,Building Materials>Decking>Composite & PVC Decking,"Trex Company, Inc. Trex, Decking, Millstone, 1516892, 7/8 in x 6 in",DECKING 7/8IN X 6IN 20FT SQ EDG,"Trex® Millstone 1516892 Decking, 7/8 in x 6 in, 20 ft, Square Edge","Trex® Decking, Millstone, 7/8 in x 6 in, 20 ft, Square Edge","Millstone Decking, 7/8 in x 6 in, 20 ft, Square Edge",,,,,,,,,,,,,,,,,,,,,,,,,,,Decking,Nominal Size,7/8 in x 6 in,,Length,20,ft,Edge Profile,Square Edge,,Series,Millstone,,,,,,,,,,,,,,,,,,,,,,,,,,,,,,,,,,,,,,,,,,,,,,,,,,,,,,,,,,,,,,,,,,,,,,,,,,,,,,,,,,,,,,,,,,,,,,,,,,,,,,,,,,,,,,,,,,,,,,,,,,,,,,,,,,,,,,,,,,,,,,,30103600,,,,,,,,,,,,,,,,,,,,,,,,,,,,,,,,,,,,,,,,,,,
,,,,,,,Building Materials,Decking,Composite Decking,,1516893,7/8nx6-12' Millstone Grooved - Trex Select 2.0 Decking,TREX,-- No Unilog Brand --,-- No DIB Brand --,Boise Cascade Building Materials (BOICA),"Trex Company, Inc.",Trex®,,1516893,,Building Materials>Decking>Composite & PVC Decking,"Trex Company, Inc. Trex, Decking, Millstone, 1516893, 7/8 in x 6 in",DECKING 7/8IN X 6IN 12FT GRVD,"Trex® Millstone 1516893 Decking, 7/8 in x 6 in, 12 ft, Grooved","Trex® Decking, Millstone, 7/8 in x 6 in, 12 ft, Grooved","Millstone Decking, 7/8 in x 6 in, 12 ft, Grooved",,,,,,,,,,,,,,,,,,,,,,,,,,,Decking,Nominal Size,7/8 in x 6 in,,Length,12,ft,Edge Profile,Grooved,,Series,Millstone,,,,,,,,,,,,,,,,,,,,,,,,,,,,,,,,,,,,,,,,,,,,,,,,,,,,,,,,,,,,,,,,,,,,,,,,,,,,,,,,,,,,,,,,,,,,,,,,,,,,,,,,,,,,,,,,,,,,,,,,,,,,,,,,,,,,,,,,,,,,,,,30103600,,,,,,,,,,,,,,,,,,,,,,,,,,,,,,,,,,,,,,,,,,,
,,,,,,,Building Materials,Decking,Composite Decking,,1516894,7/8nx6-16' Millstone Grooved - Trex Select 2.0 Decking,TREX,-- No Unilog Brand --,-- No DIB Brand --,Boise Cascade Building Materials (BOICA),"Trex Company, Inc.",Trex®,,1516894,,Building Materials>Decking>Composite & PVC Decking,"Trex Company, Inc. Trex, Decking, Millstone, 1516894, 7/8 in x 6 in",DECKING 7/8IN X 6IN 16FT GRVD,"Trex® Millstone 1516894 Decking, 7/8 in x 6 in, 16 ft, Grooved","Trex® Decking, Millstone, 7/8 in x 6 in, 16 ft, Grooved","Millstone Decking, 7/8 in x 6 in, 16 ft, Grooved",,,,,,,,,,,,,,,,,,,,,,,,,,,Decking,Nominal Size,7/8 in x 6 in,,Length,16,ft,Edge Profile,Grooved,,Series,Millstone,,,,,,,,,,,,,,,,,,,,,,,,,,,,,,,,,,,,,,,,,,,,,,,,,,,,,,,,,,,,,,,,,,,,,,,,,,,,,,,,,,,,,,,,,,,,,,,,,,,,,,,,,,,,,,,,,,,,,,,,,,,,,,,,,,,,,,,,,,,,,,,30103600,,,,,,,,,,,,,,,,,,,,,,,,,,,,,,,,,,,,,,,,,,,
,,,,,,,Building Materials,Decking,Composite Decking,,1516895,7/8nx6-20' Millstone Grooved - Trex Select 2.0 Decking,TREX,-- No Unilog Brand --,-- No DIB Brand --,Boise Cascade Building Materials (BOICA),"Trex Company, Inc.",Trex®,,1516895,,Building Materials>Decking>Composite & PVC Decking,"Trex Company, Inc. Trex, Decking, Millstone, 1516895, 7/8 in x 6 in",DECKING 7/8IN X 6IN 20FT GRVD,"Trex® Millstone 1516895 Decking, 7/8 in x 6 in, 20 ft, Grooved","Trex® Decking, Millstone, 7/8 in x 6 in, 20 ft, Grooved","Millstone Decking, 7/8 in x 6 in, 20 ft, Grooved",,,,,,,,,,,,,,,,,,,,,,,,,,,Decking,Nominal Size,7/8 in x 6 in,,Length,20,ft,Edge Profile,Grooved,,Series,Millstone,,,,,,,,,,,,,,,,,,,,,,,,,,,,,,,,,,,,,,,,,,,,,,,,,,,,,,,,,,,,,,,,,,,,,,,,,,,,,,,,,,,,,,,,,,,,,,,,,,,,,,,,,,,,,,,,,,,,,,,,,,,,,,,,,,,,,,,,,,,,,,,30103600,,,,,,,,,,,,,,,,,,,,,,,,,,,,,,,,,,,,,,,,,,,
,,,,,,,Building Materials,Decking,Composite Decking,,543007016,7/8nx6-16' Whiskey Barrel Sq Edge - Trex Select 2.0 Decking,TREX,-- No Unilog Brand --,-- No DIB Brand --,Boise Cascade Building Materials (BOICA),"Trex Company, Inc.",Trex®,,543007016,,Building Materials>Decking>Composite & PVC Decking,"Trex Company, Inc. Trex, Decking, Whiskey Barrel, 543007016, 7/8 in x 6 in",DECKING 7/8IN X 6IN 16FT SQ EDG,"Trex® Whiskey Barrel 543007016 Decking, 7/8 in x 6 in, 16 ft, Square Edge","Trex® Decking, Whiskey Barrel, 7/8 in x 6 in, 16 ft, Square Edge","Whiskey Barrel Decking, 7/8 in x 6 in, 16 ft, Square Edge",,,,,,,,,,,,,,,,,,,,,,,,,,,Decking,Nominal Size,7/8 in x 6 in,,Length,16,ft,Edge Profile,Square Edge,,Series,Whiskey Barrel,,,,,,,,,,,,,,,,,,,,,,,,,,,,,,,,,,,,,,,,,,,,,,,,,,,,,,,,,,,,,,,,,,,,,,,,,,,,,,,,,,,,,,,,,,,,,,,,,,,,,,,,,,,,,,,,,,,,,,,,,,,,,,,,,,,,,,,,,,,,,,,30103600,,,,,,,,,,,,,,,,,,,,,,,,,,,,,,,,,,,,,,,,,,,
,,,,,,,Building Materials,Decking,Composite Decking,,543007020,7/8nx6-20' Whiskey Barrel Sq Edge - Trex Select 2.0 Decking,TREX,-- No Unilog Brand --,-- No DIB Brand --,Boise Cascade Building Materials (BOICA),"Trex Company, Inc.",Trex®,,543007020,,Building Materials>Decking>Composite & PVC Decking,"Trex Company, Inc. Trex, Decking, Whiskey Barrel, 543007020, 7/8 in x 6 in",DECKING 7/8IN X 6IN 20FT SQ EDG,"Trex® Whiskey Barrel 543007020 Decking, 7/8 in x 6 in, 20 ft, Square Edge","Trex® Decking, Whiskey Barrel, 7/8 in x 6 in, 20 ft, Square Edge","Whiskey Barrel Decking, 7/8 in x 6 in, 20 ft, Square Edge",,,,,,,,,,,,,,,,,,,,,,,,,,,Decking,Nominal Size,7/8 in x 6 in,,Length,20,ft,Edge Profile,Square Edge,,Series,Whiskey Barrel,,,,,,,,,,,,,,,,,,,,,,,,,,,,,,,,,,,,,,,,,,,,,,,,,,,,,,,,,,,,,,,,,,,,,,,,,,,,,,,,,,,,,,,,,,,,,,,,,,,,,,,,,,,,,,,,,,,,,,,,,,,,,,,,,,,,,,,,,,,,,,,30103600,,,,,,,,,,,,,,,,,,,,,,,,,,,,,,,,,,,,,,,,,,,
,,,,,,,Building Materials,Decking,Composite Decking,,543007412,7/8nx6-12' Whiskey Barrel Grooved - Trex Select 2.0 Decking,TREX,-- No Unilog Brand --,-- No DIB Brand --,Boise Cascade Building Materials (BOICA),"Trex Company, Inc.",Trex®,,543007412,,Building Materials>Decking>Composite & PVC Decking,"Trex Company, Inc. Trex, Decking, Whiskey Barrel, 543007412, 7/8 in x 6 in",DECKING 7/8IN X 6IN 12FT GRVD,"Trex® Whiskey Barrel 543007412 Decking, 7/8 in x 6 in, 12 ft, Grooved","Trex® Decking, Whiskey Barrel, 7/8 in x 6 in, 12 ft, Grooved","Whiskey Barrel Decking, 7/8 in x 6 in, 12 ft, Grooved",,,,,,,,,,,,,,,,,,,,,,,,,,,Decking,Nominal Size,7/8 in x 6 in,,Length,12,ft,Edge Profile,Grooved,,Series,Whiskey Barrel,,,,,,,,,,,,,,,,,,,,,,,,,,,,,,,,,,,,,,,,,,,,,,,,,,,,,,,,,,,,,,,,,,,,,,,,,,,,,,,,,,,,,,,,,,,,,,,,,,,,,,,,,,,,,,,,,,,,,,,,,,,,,,,,,,,,,,,,,,,,,,,30103600,,,,,,,,,,,,,,,,,,,,,,,,,,,,,,,,,,,,,,,,,,,
,,,,,,,Building Materials,Decking,Composite Decking,,543007416,7/8nx6-16' Whiskey Barrel Grooved - Trex Select 2.0 Decking,TREX,-- No Unilog Brand --,-- No DIB Brand --,Boise Cascade Building Materials (BOICA),"Trex Company, Inc.",Trex®,,543007416,,Building Materials>Decking>Composite & PVC Decking,"Trex Company, Inc. Trex, Decking, Whiskey Barrel, 543007416, 7/8 in x 6 in",DECKING 7/8IN X 6IN 16FT GRVD,"Trex® Whiskey Barrel 543007416 Decking, 7/8 in x 6 in, 16 ft, Grooved","Trex® Decking, Whiskey Barrel, 7/8 in x 6 in, 16 ft, Grooved","Whiskey Barrel Decking, 7/8 in x 6 in, 16 ft, Grooved",,,,,,,,,,,,,,,,,,,,,,,,,,,Decking,Nominal Size,7/8 in x 6 in,,Length,16,ft,Edge Profile,Grooved,,Series,Whiskey Barrel,,,,,,,,,,,,,,,,,,,,,,,,,,,,,,,,,,,,,,,,,,,,,,,,,,,,,,,,,,,,,,,,,,,,,,,,,,,,,,,,,,,,,,,,,,,,,,,,,,,,,,,,,,,,,,,,,,,,,,,,,,,,,,,,,,,,,,,,,,,,,,,30103600,,,,,,,,,,,,,,,,,,,,,,,,,,,,,,,,,,,,,,,,,,,
,,,,,,,Building Materials,Decking,Composite Decking,,543007420,7/8nx6-20' Whiskey Barrel Grooved - Trex Select 2.0 Decking,TREX,-- No Unilog Brand --,-- No DIB Brand --,Boise Cascade Building Materials (BOICA),"Trex Company, Inc.",Trex®,,543007420,,Building Materials>Decking>Composite & PVC Decking,"Trex Company, Inc. Trex, Decking, Whiskey Barrel, 543007420, 7/8 in x 6 in",DECKING 7/8IN X 6IN 20FT GRVD,"Trex® Whiskey Barrel 543007420 Decking, 7/8 in x 6 in, 20 ft, Grooved","Trex® Decking, Whiskey Barrel, 7/8 in x 6 in, 20 ft, Grooved","Whiskey Barrel Decking, 7/8 in x 6 in, 20 ft, Grooved",,,,,,,,,,,,,,,,,,,,,,,,,,,Decking,Nominal Size,7/8 in x 6 in,,Length,20,ft,Edge Profile,Grooved,,Series,Whiskey Barrel,,,,,,,,,,,,,,,,,,,,,,,,,,,,,,,,,,,,,,,,,,,,,,,,,,,,,,,,,,,,,,,,,,,,,,,,,,,,,,,,,,,,,,,,,,,,,,,,,,,,,,,,,,,,,,,,,,,,,,,,,,,,,,,,,,,,,,,,,,,,,,,30103600,,,,,,,,,,,,,,,,,,,,,,,,,,,,,,,,,,,,,,,,,,,
,,,,,,,Building Materials,Trim,Trim Board,,ADR5117512CS,1x12-12' Coastline - Vintage Azek PVC Fascia,TIMBERTECH,-- No Unilog Brand --,-- No DIB Brand --,Parksite (6151),The AZEK Company,TimberTech®,,ADR5117512CS,,Building Materials>Trim & Moulding>Trim Board,"The AZEK Company TimberTech, Fascia, Coastline, ADR5117512CS",FASCIA 1IN X 12IN 12FT,"TimberTech® Coastline ADR5117512CS Fascia, 1 in x 12 in, 12 ft","TimberTech® Fascia, Coastline, 1 in x 12 in, 12 ft","Coastline Fascia, 1 in x 12 in, 12 ft",,,,,,,,,,,,,,,,,,,,,,,,,,,Fascia,Nominal Size,1 in x 12 in,,Length,12,ft,Color,,,Series,Coastline,,,,,,,,,,,,,,,,,,,,,,,,,,,,,,,,,,,,,,,,,,,,,,,,,,,,,,,,,,,,,,,,,,,,,,,,,,,,,,,,,,,,,,,,,,,,,,,,,,,,,,,,,,,,,,,,,,,,,,,,,,,,,,,,,,,,,,,,,,,,,,,30103600,,,,,,,,,,,,,,,,,,,,,,,,,,,,,,,,,,,,,,,,,,,
,,,,,,,Building Materials,Trim,Trim Board,,ADR5117512MH,1x12-12' Mahogany - Vintage Azek PVC Fascia,TIMBERTECH,-- No Unilog Brand --,-- No DIB Brand --,Parksite (6151),The AZEK Company,TimberTech®,,ADR5117512MH,,Building Materials>Trim & Moulding>Trim Board,"The AZEK Company TimberTech, Fascia, Mahogany, ADR5117512MH, 1 in x 12 in",FASCIA 1IN X 12IN 12FT,"TimberTech® Mahogany ADR5117512MH Fascia, 1 in x 12 in, 12 ft","TimberTech® Fascia, Mahogany, 1 in x 12 in, 12 ft","Mahogany Fascia, 1 in x 12 in, 12 ft",,,,,,,,,,,,,,,,,,,,,,,,,,,Fascia,Nominal Size,1 in x 12 in,,Length,12,ft,Color,,,Series,Mahogany,,,,,,,,,,,,,,,,,,,,,,,,,,,,,,,,,,,,,,,,,,,,,,,,,,,,,,,,,,,,,,,,,,,,,,,,,,,,,,,,,,,,,,,,,,,,,,,,,,,,,,,,,,,,,,,,,,,,,,,,,,,,,,,,,,,,,,,,,,,,,,,30103600,,,,,,,,,,,,,,,,,,,,,,,,,,,,,,,,,,,,,,,,,,,
,,,,,,,Building Materials,Trim,Trim Board,,ADR5117512WT,1x12-12' Weathered Teak - Vintage Azek PVC Fascia,TIMBERTECH,-- No Unilog Brand --,-- No DIB Brand --,Parksite (6151),The AZEK Company,TimberTech®,,ADR5117512WT,,Building Materials>Trim & Moulding>Trim Board,"The AZEK Company TimberTech, Fascia, Weathered Teak, ADR5117512WT",FASCIA 1IN X 12IN 12FT,"TimberTech® Weathered Teak ADR5117512WT Fascia, 1 in x 12 in, 12 ft","TimberTech® Fascia, Weathered Teak, 1 in x 12 in, 12 ft","Weathered Teak Fascia, 1 in x 12 in, 12 ft",,,,,,,,,,,,,,,,,,,,,,,,,,,Fascia,Nominal Size,1 in x 12 in,,Length,12,ft,Color,,,Series,Weathered Teak,,,,,,,,,,,,,,,,,,,,,,,,,,,,,,,,,,,,,,,,,,,,,,,,,,,,,,,,,,,,,,,,,,,,,,,,,,,,,,,,,,,,,,,,,,,,,,,,,,,,,,,,,,,,,,,,,,,,,,,,,,,,,,,,,,,,,,,,,,,,,,,30103600,,,,,,,,,,,,,,,,,,,,,,,,,,,,,,,,,,,,,,,,,,,
,,,,,,,Building Materials,Trim,Trim Board,,ADR5117512AW,1x12-12' American Walnut - Landmark Azek PVC Fascia,TIMBERTECH,-- No Unilog Brand --,-- No DIB Brand --,Parksite (6151),The AZEK Company,TimberTech®,,ADR5117512AW,,Building Materials>Trim & Moulding>Trim Board,"The AZEK Company TimberTech, Fascia, American Walnut, ADR5117512AW",FASCIA 1IN X 12IN 12FT,"TimberTech® American Walnut ADR5117512AW Fascia, 1 in x 12 in, 12 ft","TimberTech® Fascia, American Walnut, 1 in x 12 in, 12 ft","American Walnut Fascia, 1 in x 12 in, 12 ft",,,,,,,,,,,,,,,,,,,,,,,,,,,Fascia,Nominal Size,1 in x 12 in,,Length,12,ft,Color,,,Series,American Walnut,,,,,,,,,,,,,,,,,,,,,,,,,,,,,,,,,,,,,,,,,,,,,,,,,,,,,,,,,,,,,,,,,,,,,,,,,,,,,,,,,,,,,,,,,,,,,,,,,,,,,,,,,,,,,,,,,,,,,,,,,,,,,,,,,,,,,,,,,,,,,,,30103600,,,,,,,,,,,,,,,,,,,,,,,,,,,,,,,,,,,,,,,,,,,
,,,,,,,Building Materials,Trim,Trim Board,,ADR5117512CG,1x12-12' Castle Gate - Landmark Azek PVC Fascia,TIMBERTECH,-- No Unilog Brand --,-- No DIB Brand --,Parksite (6151),The AZEK Company,TimberTech®,,ADR5117512CG,,Building Materials>Trim & Moulding>Trim Board,"The AZEK Company TimberTech, Fascia, Castle Gate, ADR5117512CG",FASCIA 1IN X 12IN 12FT,"TimberTech® Castle Gate ADR5117512CG Fascia, 1 in x 12 in, 12 ft","TimberTech® Fascia, Castle Gate, 1 in x 12 in, 12 ft","Castle Gate Fascia, 1 in x 12 in, 12 ft",,,,,,,,,,,,,,,,,,,,,,,,,,,Fascia,Nominal Size,1 in x 12 in,,Length,12,ft,Color,,,Series,Castle Gate,,,,,,,,,,,,,,,,,,,,,,,,,,,,,,,,,,,,,,,,,,,,,,,,,,,,,,,,,,,,,,,,,,,,,,,,,,,,,,,,,,,,,,,,,,,,,,,,,,,,,,,,,,,,,,,,,,,,,,,,,,,,,,,,,,,,,,,,,,,,,,,30103600,,,,,,,,,,,,,,,,,,,,,,,,,,,,,,,,,,,,,,,,,,,
,,,,,,,Building Materials,Trim,Trim Board,,ADR5117512FW,1x12-12' French White Oak - Landmark Azek PVC Fascia,TIMBERTECH,-- No Unilog Brand --,-- No DIB Brand --,Parksite (6151),The AZEK Company,TimberTech®,,ADR5117512FW,,Building Materials>Trim & Moulding>Trim Board,"The AZEK Company TimberTech, Fascia, Landmark Azek PVC, ADR5117512FW",FASCIA WH 1IN X 12IN 12FT,"TimberTech® Landmark Azek PVC ADR5117512FW Fascia, 1 in x 12 in, 12 ft, White","TimberTech® Fascia, Landmark Azek PVC, 1 in x 12 in, 12 ft, White","Landmark Azek PVC Fascia, 1 in x 12 in, 12 ft, White",,,,,,,,,,,,,,,,,,,,,,,,,,,Fascia,Nominal Size,1 in x 12 in,,Length,12,ft,Color,White,,Series,Landmark Azek PVC,,,,,,,,,,,,,,,,,,,,,,,,,,,,,,,,,,,,,,,,,,,,,,,,,,,,,,,,,,,,,,,,,,,,,,,,,,,,,,,,,,,,,,,,,,,,,,,,,,,,,,,,,,,,,,,,,,,,,,,,,,,,,,,,,,,,,,,,,,,,,,,30103600,,,,,,,,,,,,,,,,,,,,,,,,,,,,,,,,,,,,,,,,,,,
,,,,,,,Building Materials,Trim,Trim Board,,1508395,1x8-12' Brownstone - Harvest Azek PVC Fascia,TIMBERTECH,-- No Unilog Brand --,-- No DIB Brand --,Parksite (6151),The AZEK Company,TimberTech®,,1508395,,Building Materials>Trim & Moulding>Trim Board,"The AZEK Company TimberTech, Fascia, Brownstone, 1508395, 1 in x 8 in",FASCIA 1IN X 8IN 12FT,"TimberTech® Brownstone 1508395 Fascia, 1 in x 8 in, 12 ft","TimberTech® Fascia, Brownstone, 1 in x 8 in, 12 ft","Brownstone Fascia, 1 in x 8 in, 12 ft",,,,,,,,,,,,,,,,,,,,,,,,,,,Fascia,Nominal Size,1 in x 8 in,,Length,12,ft,Color,,,Series,Brownstone,,,,,,,,,,,,,,,,,,,,,,,,,,,,,,,,,,,,,,,,,,,,,,,,,,,,,,,,,,,,,,,,,,,,,,,,,,,,,,,,,,,,,,,,,,,,,,,,,,,,,,,,,,,,,,,,,,,,,,,,,,,,,,,,,,,,,,,,,,,,,,,30103600,,,,,,,,,,,,,,,,,,,,,,,,,,,,,,,,,,,,,,,,,,,
,,,,,,,Building Materials,Trim,Trim Board,,1508396,1x8-12' Slate Gray - Harvest Azek PVC Fascia,TIMBERTECH,-- No Unilog Brand --,-- No DIB Brand --,Parksite (6151),The AZEK Company,TimberTech®,,1508396,,Building Materials>Trim & Moulding>Trim Board,"The AZEK Company TimberTech, Fascia, Gray, 1508396, 1 in x 8 in",FASCIA SLATE 1IN X 8IN 12FT,"TimberTech® Gray 1508396 Fascia, 1 in x 8 in, 12 ft, Slate","TimberTech® Fascia, Gray, 1 in x 8 in, 12 ft, Slate","Gray Fascia, 1 in x 8 in, 12 ft, Slate",,,,,,,,,,,,,,,,,,,,,,,,,,,Fascia,Nominal Size,1 in x 8 in,,Length,12,ft,Color,Slate,,Series,Gray,,,,,,,,,,,,,,,,,,,,,,,,,,,,,,,,,,,,,,,,,,,,,,,,,,,,,,,,,,,,,,,,,,,,,,,,,,,,,,,,,,,,,,,,,,,,,,,,,,,,,,,,,,,,,,,,,,,,,,,,,,,,,,,,,,,,,,,,,,,,,,,30103600,,,,,,,,,,,,,,,,,,,,,,,,,,,,,,,,,,,,,,,,,,,
,,,,,,,Building Materials,Trim,Trim Board,,ADCR5117512BS,1x12-12' Brownstone - Harvest Azek PVC Fascia,TIMBERTECH,-- No Unilog Brand --,-- No DIB Brand --,Parksite (6151),The AZEK Company,TimberTech®,,ADCR5117512BS,,Building Materials>Trim & Moulding>Trim Board,"The AZEK Company TimberTech, Fascia, Brownstone, ADCR5117512BS",FASCIA 1IN X 12IN 12FT,"TimberTech® Brownstone ADCR5117512BS Fascia, 1 in x 12 in, 12 ft","TimberTech® Fascia, Brownstone, 1 in x 12 in, 12 ft","Brownstone Fascia, 1 in x 12 in, 12 ft",,,,,,,,,,,,,,,,,,,,,,,,,,,Fascia,Nominal Size,1 in x 12 in,,Length,12,ft,Color,,,Series,Brownstone,,,,,,,,,,,,,,,,,,,,,,,,,,,,,,,,,,,,,,,,,,,,,,,,,,,,,,,,,,,,,,,,,,,,,,,,,,,,,,,,,,,,,,,,,,,,,,,,,,,,,,,,,,,,,,,,,,,,,,,,,,,,,,,,,,,,,,,,,,,,,,,30103600,,,,,,,,,,,,,,,,,,,,,,,,,,,,,,,,,,,,,,,,,,,
,,,,,,,Building Materials,Trim,Trim Board,,ADCR5117512SG,1x12-12' Slate Gray - Harvest Azek PVC Fascia,TIMBERTECH,-- No Unilog Brand --,-- No DIB Brand --,Parksite (6151),The AZEK Company,TimberTech®,,ADCR5117512SG,,Building Materials>Trim & Moulding>Trim Board,"The AZEK Company TimberTech, Fascia, Gray, ADCR5117512SG, 1 in x 12 in",FASCIA SLATE 1IN X 12IN 12FT,"TimberTech® Gray ADCR5117512SG Fascia, 1 in x 12 in, 12 ft, Slate","TimberTech® Fascia, Gray, 1 in x 12 in, 12 ft, Slate","Gray Fascia, 1 in x 12 in, 12 ft, Slate",,,,,,,,,,,,,,,,,,,,,,,,,,,Fascia,Nominal Size,1 in x 12 in,,Length,12,ft,Color,Slate,,Series,Gray,,,,,,,,,,,,,,,,,,,,,,,,,,,,,,,,,,,,,,,,,,,,,,,,,,,,,,,,,,,,,,,,,,,,,,,,,,,,,,,,,,,,,,,,,,,,,,,,,,,,,,,,,,,,,,,,,,,,,,,,,,,,,,,,,,,,,,,,,,,,,,,30103600,,,,,,,,,,,,,,,,,,,,,,,,,,,,,,,,,,,,,,,,,,,
,,,,,,,Building Materials,Decking,Composite Decking,,543140908,1x8-12' Biscayne - Trex Lineage,TREX,-- No Unilog Brand --,-- No DIB Brand --,U S Lumber (3073),"Trex Company, Inc.",Trex®,,543140908,,Building Materials>Decking>Composite & PVC Decking,"Trex Company, Inc. Trex, Decking, Lineage, 543140908, 1 in x 8 in",DECKING 1IN X 8IN 12FT,"Trex® Lineage 543140908 Decking, 1 in x 8 in, 12 ft","Trex® Decking, Lineage, 1 in x 8 in, 12 ft","Lineage Decking, 1 in x 8 in, 12 ft",,,,,,,,,,,,,,,,,,,,,,,,,,,Decking,Nominal Size,1 in x 8 in,,Length,12,ft,Edge Profile,,,Series,Lineage,,,,,,,,,,,,,,,,,,,,,,,,,,,,,,,,,,,,,,,,,,,,,,,,,,,,,,,,,,,,,,,,,,,,,,,,,,,,,,,,,,,,,,,,,,,,,,,,,,,,,,,,,,,,,,,,,,,,,,,,,,,,,,,,,,,,,,,,,,,,,,,30103600,,,,,,,,,,,,,,,,,,,,,,,,,,,,,,,,,,,,,,,,,,,
,,,,,,,Building Materials,Decking,Composite Decking,,543142908,1x8-12' Carmel - Trex Lineage,TREX,-- No Unilog Brand --,-- No DIB Brand --,U S Lumber (3073),"Trex Company, Inc.",Trex®,,543142908,,Building Materials>Decking>Composite & PVC Decking,"Trex Company, Inc. Trex, Decking, Lineage, 543142908, 1 in x 8 in",DECKING 1IN X 8IN 12FT,"Trex® Lineage 543142908 Decking, 1 in x 8 in, 12 ft","Trex® Decking, Lineage, 1 in x 8 in, 12 ft","Lineage Decking, 1 in x 8 in, 12 ft",,,,,,,,,,,,,,,,,,,,,,,,,,,Decking,Nominal Size,1 in x 8 in,,Length,12,ft,Edge Profile,,,Series,Lineage,,,,,,,,,,,,,,,,,,,,,,,,,,,,,,,,,,,,,,,,,,,,,,,,,,,,,,,,,,,,,,,,,,,,,,,,,,,,,,,,,,,,,,,,,,,,,,,,,,,,,,,,,,,,,,,,,,,,,,,,,,,,,,,,,,,,,,,,,,,,,,,30103600,,,,,,,,,,,,,,,,,,,,,,,,,,,,,,,,,,,,,,,,,,,
,,,,,,,Building Materials,Decking,Composite Decking,,543143908,1x8-12' Jasper - Trex Lineage,TREX,-- No Unilog Brand --,-- No DIB Brand --,U S Lumber (3073),"Trex Company, Inc.",Trex®,,543143908,,Building Materials>Decking>Composite & PVC Decking,"Trex Company, Inc. Trex, Decking, Lineage, 543143908, 1 in x 8 in",DECKING 1IN X 8IN 12FT,"Trex® Lineage 543143908 Decking, 1 in x 8 in, 12 ft","Trex® Decking, Lineage, 1 in x 8 in, 12 ft","Lineage Decking, 1 in x 8 in, 12 ft",,,,,,,,,,,,,,,,,,,,,,,,,,,Decking,Nominal Size,1 in x 8 in,,Length,12,ft,Edge Profile,,,Series,Lineage,,,,,,,,,,,,,,,,,,,,,,,,,,,,,,,,,,,,,,,,,,,,,,,,,,,,,,,,,,,,,,,,,,,,,,,,,,,,,,,,,,,,,,,,,,,,,,,,,,,,,,,,,,,,,,,,,,,,,,,,,,,,,,,,,,,,,,,,,,,,,,,30103600,,,,,,,,,,,,,,,,,,,,,,,,,,,,,,,,,,,,,,,,,,,
,,,,,,,Building Materials,Decking,Composite Decking,,543140912,1x12-12' Biscayne - Trex Lineage,TREX,-- No Unilog Brand --,-- No DIB Brand --,U S Lumber (3073),"Trex Company, Inc.",Trex®,,543140912,,Building Materials>Decking>Composite & PVC Decking,"Trex Company, Inc. Trex, Decking, Lineage, 543140912, 1 in x 12 in",DECKING 1IN X 12IN 12FT,"Trex® Lineage 543140912 Decking, 1 in x 12 in, 12 ft","Trex® Decking, Lineage, 1 in x 12 in, 12 ft","Lineage Decking, 1 in x 12 in, 12 ft",,,,,,,,,,,,,,,,,,,,,,,,,,,Decking,Nominal Size,1 in x 12 in,,Length,12,ft,Edge Profile,,,Series,Lineage,,,,,,,,,,,,,,,,,,,,,,,,,,,,,,,,,,,,,,,,,,,,,,,,,,,,,,,,,,,,,,,,,,,,,,,,,,,,,,,,,,,,,,,,,,,,,,,,,,,,,,,,,,,,,,,,,,,,,,,,,,,,,,,,,,,,,,,,,,,,,,,30103600,,,,,,,,,,,,,,,,,,,,,,,,,,,,,,,,,,,,,,,,,,,
,,,,,,,Building Materials,Decking,Composite Decking,,543142912,1x12-12' Carmel - Trex Lineage,TREX,-- No Unilog Brand --,-- No DIB Brand --,U S Lumber (3073),"Trex Company, Inc.",Trex®,,543142912,,Building Materials>Decking>Composite & PVC Decking,"Trex Company, Inc. Trex, Decking, Lineage, 543142912, 1 in x 12 in",DECKING 1IN X 12IN 12FT,"Trex® Lineage 543142912 Decking, 1 in x 12 in, 12 ft","Trex® Decking, Lineage, 1 in x 12 in, 12 ft","Lineage Decking, 1 in x 12 in, 12 ft",,,,,,,,,,,,,,,,,,,,,,,,,,,Decking,Nominal Size,1 in x 12 in,,Length,12,ft,Edge Profile,,,Series,Lineage,,,,,,,,,,,,,,,,,,,,,,,,,,,,,,,,,,,,,,,,,,,,,,,,,,,,,,,,,,,,,,,,,,,,,,,,,,,,,,,,,,,,,,,,,,,,,,,,,,,,,,,,,,,,,,,,,,,,,,,,,,,,,,,,,,,,,,,,,,,,,,,30103600,,,,,,,,,,,,,,,,,,,,,,,,,,,,,,,,,,,,,,,,,,,
,,,,,,,Building Materials,Decking,Composite Decking,,543143912,1x12-12' Jasper - Trex Lineage,TREX,-- No Unilog Brand --,-- No DIB Brand --,U S Lumber (3073),"Trex Company, Inc.",Trex®,,543143912,,Building Materials>Decking>Composite & PVC Decking,"Trex Company, Inc. Trex, Decking, Lineage, 543143912, 1 in x 12 in",DECKING 1IN X 12IN 12FT,"Trex® Lineage 543143912 Decking, 1 in x 12 in, 12 ft","Trex® Decking, Lineage, 1 in x 12 in, 12 ft","Lineage Decking, 1 in x 12 in, 12 ft",,,,,,,,,,,,,,,,,,,,,,,,,,,Decking,Nominal Size,1 in x 12 in,,Length,12,ft,Edge Profile,,,Series,Lineage,,,,,,,,,,,,,,,,,,,,,,,,,,,,,,,,,,,,,,,,,,,,,,,,,,,,,,,,,,,,,,,,,,,,,,,,,,,,,,,,,,,,,,,,,,,,,,,,,,,,,,,,,,,,,,,,,,,,,,,,,,,,,,,,,,,,,,,,,,,,,,,30103600,,,,,,,,,,,,,,,,,,,,,,,,,,,,,,,,,,,,,,,,,,,
,,,,,,,Building Materials,Decking,Composite Decking,,1513715,1x12-12' Hatteras - Trex Lineage,TREX,-- No Unilog Brand --,-- No DIB Brand --,Boise Cascade Building Materials (BOICA),"Trex Company, Inc.",Trex®,,1513715,,Building Materials>Decking>Composite & PVC Decking,"Trex Company, Inc. Trex, Decking, Lineage, 1513715, 1 in x 12 in",DECKING 1IN X 12IN 12FT,"Trex® Lineage 1513715 Decking, 1 in x 12 in, 12 ft","Trex® Decking, Lineage, 1 in x 12 in, 12 ft","Lineage Decking, 1 in x 12 in, 12 ft",,,,,,,,,,,,,,,,,,,,,,,,,,,Decking,Nominal Size,1 in x 12 in,,Length,12,ft,Edge Profile,,,Series,Lineage,,,,,,,,,,,,,,,,,,,,,,,,,,,,,,,,,,,,,,,,,,,,,,,,,,,,,,,,,,,,,,,,,,,,,,,,,,,,,,,,,,,,,,,,,,,,,,,,,,,,,,,,,,,,,,,,,,,,,,,,,,,,,,,,,,,,,,,,,,,,,,,30103600,,,,,,,,,,,,,,,,,,,,,,,,,,,,,,,,,,,,,,,,,,,
,,,,,,,Building Materials,Decking,Composite Decking,,1513716,1x12-12' Salt Flat - Trex Lineage,TREX,-- No Unilog Brand --,-- No DIB Brand --,Boise Cascade Building Materials (BOICA),"Trex Company, Inc.",Trex®,,1513716,,Building Materials>Decking>Composite & PVC Decking,"Trex Company, Inc. Trex, Decking, Lineage, 1513716, 1 in x 12 in",DECKING 1IN X 12IN 12FT,"Trex® Lineage 1513716 Decking, 1 in x 12 in, 12 ft","Trex® Decking, Lineage, 1 in x 12 in, 12 ft","Lineage Decking, 1 in x 12 in, 12 ft",,,,,,,,,,,,,,,,,,,,,,,,,,,Decking,Nominal Size,1 in x 12 in,,Length,12,ft,Edge Profile,,,Series,Lineage,,,,,,,,,,,,,,,,,,,,,,,,,,,,,,,,,,,,,,,,,,,,,,,,,,,,,,,,,,,,,,,,,,,,,,,,,,,,,,,,,,,,,,,,,,,,,,,,,,,,,,,,,,,,,,,,,,,,,,,,,,,,,,,,,,,,,,,,,,,,,,,30103600,,,,,,,,,,,,,,,,,,,,,,,,,,,,,,,,,,,,,,,,,,,
,,,,,,,Building Materials,Trim,Trim Board,,1513722,1x8-12' Honey Grove - Trex Enhance Naturals Fascia,TREX,-- No Unilog Brand --,-- No DIB Brand --,Boise Cascade Building Materials (BOICA),"Trex Company, Inc.",Trex®,,1513722,,Building Materials>Trim & Moulding>Trim Board,"Trex Company, Inc. Trex, Fascia, Honey Grove, 1513722, 1 in x 8 in",FASCIA 1IN X 8IN 12FT,"Trex® Honey Grove 1513722 Fascia, 1 in x 8 in, 12 ft","Trex® Fascia, Honey Grove, 1 in x 8 in, 12 ft","Honey Grove Fascia, 1 in x 8 in, 12 ft",,,,,,,,,,,,,,,,,,,,,,,,,,,Fascia,Nominal Size,1 in x 8 in,,Length,12,ft,Color,,,Series,Honey Grove,,,,,,,,,,,,,,,,,,,,,,,,,,,,,,,,,,,,,,,,,,,,,,,,,,,,,,,,,,,,,,,,,,,,,,,,,,,,,,,,,,,,,,,,,,,,,,,,,,,,,,,,,,,,,,,,,,,,,,,,,,,,,,,,,,,,,,,,,,,,,,,30103600,,,,,,,,,,,,,,,,,,,,,,,,,,,,,,,,,,,,,,,,,,,
,,,,,,,Building Materials,Trim,Trim Board,,1513723,1x12-12' Honey Grove - Trex Enhance Naturals Fascia,TREX,-- No Unilog Brand --,-- No DIB Brand --,Boise Cascade Building Materials (BOICA),"Trex Company, Inc.",Trex®,,1513723,,Building Materials>Trim & Moulding>Trim Board,"Trex Company, Inc. Trex, Fascia, Honey Grove, 1513723, 1 in x 12 in",FASCIA 1IN X 12IN 12FT,"Trex® Honey Grove 1513723 Fascia, 1 in x 12 in, 12 ft","Trex® Fascia, Honey Grove, 1 in x 12 in, 12 ft","Honey Grove Fascia, 1 in x 12 in, 12 ft",,,,,,,,,,,,,,,,,,,,,,,,,,,Fascia,Nominal Size,1 in x 12 in,,Length,12,ft,Color,,,Series,Honey Grove,,,,,,,,,,,,,,,,,,,,,,,,,,,,,,,,,,,,,,,,,,,,,,,,,,,,,,,,,,,,,,,,,,,,,,,,,,,,,,,,,,,,,,,,,,,,,,,,,,,,,,,,,,,,,,,,,,,,,,,,,,,,,,,,,,,,,,,,,,,,,,,30103600,,,,,,,,,,,,,,,,,,,,,,,,,,,,,,,,,,,,,,,,,,,
,,,,,,,Building Materials,Trim,Trim Board,,1513729,1x8-12' Tide Pool - Trex Enhance Basics Fascia,TREX,-- No Unilog Brand --,-- No DIB Brand --,Boise Cascade Building Materials (BOICA),"Trex Company, Inc.",Trex®,,1513729,,Building Materials>Trim & Moulding>Trim Board,"Trex Company, Inc. Trex, Fascia, Tide Pool, 1513729, 1 in x 8 in",FASCIA 1IN X 8IN 12FT,"Trex® Tide Pool 1513729 Fascia, 1 in x 8 in, 12 ft","Trex® Fascia, Tide Pool, 1 in x 8 in, 12 ft","Tide Pool Fascia, 1 in x 8 in, 12 ft",,,,,,,,,,,,,,,,,,,,,,,,,,,Fascia,Nominal Size,1 in x 8 in,,Length,12,ft,Color,,,Series,Tide Pool,,,,,,,,,,,,,,,,,,,,,,,,,,,,,,,,,,,,,,,,,,,,,,,,,,,,,,,,,,,,,,,,,,,,,,,,,,,,,,,,,,,,,,,,,,,,,,,,,,,,,,,,,,,,,,,,,,,,,,,,,,,,,,,,,,,,,,,,,,,,,,,30103600,,,,,,,,,,,,,,,,,,,,,,,,,,,,,,,,,,,,,,,,,,,
,,,,,,,Building Materials,Trim,Trim Board,,1513730,1x12-12' Tide Pool - Trex Enhance Basics Fascia,TREX,-- No Unilog Brand --,-- No DIB Brand --,Boise Cascade Building Materials (BOICA),"Trex Company, Inc.",Trex®,,1513730,,Building Materials>Trim & Moulding>Trim Board,"Trex Company, Inc. Trex, Fascia, Tide Pool, 1513730, 1 in x 12 in",FASCIA 1IN X 12IN 12FT,"Trex® Tide Pool 1513730 Fascia, 1 in x 12 in, 12 ft","Trex® Fascia, Tide Pool, 1 in x 12 in, 12 ft","Tide Pool Fascia, 1 in x 12 in, 12 ft",,,,,,,,,,,,,,,,,,,,,,,,,,,Fascia,Nominal Size,1 in x 12 in,,Length,12,ft,Color,,,Series,Tide Pool,,,,,,,,,,,,,,,,,,,,,,,,,,,,,,,,,,,,,,,,,,,,,,,,,,,,,,,,,,,,,,,,,,,,,,,,,,,,,,,,,,,,,,,,,,,,,,,,,,,,,,,,,,,,,,,,,,,,,,,,,,,,,,,,,,,,,,,,,,,,,,,30103600,,,,,,,,,,,,,,,,,,,,,,,,,,,,,,,,,,,,,,,,,,,
,,,,,,,Building Materials,Trim,Trim Board,,543076916,1x8-12' Cinnamon Cove - Trex Enhance Naturals Fascia,TREX,-- No Unilog Brand --,-- No DIB Brand --,Boise Cascade Building Materials (BOICA),"Trex Company, Inc.",Trex®,,543076916,,Building Materials>Trim & Moulding>Trim Board,"Trex Company, Inc. Trex, Fascia, Cinnamon Cove, 543076916, 1 in x 8 in",FASCIA 1IN X 8IN 12FT,"Trex® Cinnamon Cove 543076916 Fascia, 1 in x 8 in, 12 ft","Trex® Fascia, Cinnamon Cove, 1 in x 8 in, 12 ft","Cinnamon Cove Fascia, 1 in x 8 in, 12 ft",,,,,,,,,,,,,,,,,,,,,,,,,,,Fascia,Nominal Size,1 in x 8 in,,Length,12,ft,Color,,,Series,Cinnamon Cove,,,,,,,,,,,,,,,,,,,,,,,,,,,,,,,,,,,,,,,,,,,,,,,,,,,,,,,,,,,,,,,,,,,,,,,,,,,,,,,,,,,,,,,,,,,,,,,,,,,,,,,,,,,,,,,,,,,,,,,,,,,,,,,,,,,,,,,,,,,,,,,30103600,,,,,,,,,,,,,,,,,,,,,,,,,,,,,,,,,,,,,,,,,,,
,,,,,,,Building Materials,Trim,Trim Board,,1516876,1x8-12' Golden Hour - Trex Enhance Naturals Fascia,TREX,-- No Unilog Brand --,-- No DIB Brand --,Boise Cascade Building Materials (BOICA),"Trex Company, Inc.",Trex®,,1516876,,Building Materials>Trim & Moulding>Trim Board,"Trex Company, Inc. Trex, Fascia, Golden Hour, 1516876, 1 in x 8 in",FASCIA 1IN X 8IN 12FT,"Trex® Golden Hour 1516876 Fascia, 1 in x 8 in, 12 ft","Trex® Fascia, Golden Hour, 1 in x 8 in, 12 ft","Golden Hour Fascia, 1 in x 8 in, 12 ft",,,,,,,,,,,,,,,,,,,,,,,,,,,Fascia,Nominal Size,1 in x 8 in,,Length,12,ft,Color,,,Series,Golden Hour,,,,,,,,,,,,,,,,,,,,,,,,,,,,,,,,,,,,,,,,,,,,,,,,,,,,,,,,,,,,,,,,,,,,,,,,,,,,,,,,,,,,,,,,,,,,,,,,,,,,,,,,,,,,,,,,,,,,,,,,,,,,,,,,,,,,,,,,,,,,,,,30103600,,,,,,,,,,,,,,,,,,,,,,,,,,,,,,,,,,,,,,,,,,,
,,,,,,,Building Materials,Trim,Trim Board,,543076936,1x12-12' Cinnamon Cove - Trex Enhance Naturals Fascia,TREX,-- No Unilog Brand --,-- No DIB Brand --,Boise Cascade Building Materials (BOICA),"Trex Company, Inc.",Trex®,,543076936,,Building Materials>Trim & Moulding>Trim Board,"Trex Company, Inc. Trex, Fascia, Cinnamon Cove, 543076936, 1 in x 12 in",FASCIA 1IN X 12IN 12FT,"Trex® Cinnamon Cove 543076936 Fascia, 1 in x 12 in, 12 ft","Trex® Fascia, Cinnamon Cove, 1 in x 12 in, 12 ft","Cinnamon Cove Fascia, 1 in x 12 in, 12 ft",,,,,,,,,,,,,,,,,,,,,,,,,,,Fascia,Nominal Size,1 in x 12 in,,Length,12,ft,Color,,,Series,Cinnamon Cove,,,,,,,,,,,,,,,,,,,,,,,,,,,,,,,,,,,,,,,,,,,,,,,,,,,,,,,,,,,,,,,,,,,,,,,,,,,,,,,,,,,,,,,,,,,,,,,,,,,,,,,,,,,,,,,,,,,,,,,,,,,,,,,,,,,,,,,,,,,,,,,30103600,,,,,,,,,,,,,,,,,,,,,,,,,,,,,,,,,,,,,,,,,,,
,,,,,,,Building Materials,Trim,Trim Board,,1516878,1x12-12' Golden Hour - Trex Enhance Naturals Fascia,TREX,-- No Unilog Brand --,-- No DIB Brand --,Boise Cascade Building Materials (BOICA),"Trex Company, Inc.",Trex®,,1516878,,Building Materials>Trim & Moulding>Trim Board,"Trex Company, Inc. Trex, Fascia, Golden Hour, 1516878, 1 in x 12 in",FASCIA 1IN X 12IN 12FT,"Trex® Golden Hour 1516878 Fascia, 1 in x 12 in, 12 ft","Trex® Fascia, Golden Hour, 1 in x 12 in, 12 ft","Golden Hour Fascia, 1 in x 12 in, 12 ft",,,,,,,,,,,,,,,,,,,,,,,,,,,Fascia,Nominal Size,1 in x 12 in,,Length,12,ft,Color,,,Series,Golden Hour,,,,,,,,,,,,,,,,,,,,,,,,,,,,,,,,,,,,,,,,,,,,,,,,,,,,,,,,,,,,,,,,,,,,,,,,,,,,,,,,,,,,,,,,,,,,,,,,,,,,,,,,,,,,,,,,,,,,,,,,,,,,,,,,,,,,,,,,,,,,,,,30103600,,,,,,,,,,,,,,,,,,,,,,,,,,,,,,,,,,,,,,,,,,,
,,,,,,,Building Materials,Trim,Trim Board,,1516884,1x8-12' Pebble Beach - Trex Enhance Basics Fascia,TREX,-- No Unilog Brand --,-- No DIB Brand --,Boise Cascade Building Materials (BOICA),"Trex Company, Inc.",Trex®,,1516884,,Building Materials>Trim & Moulding>Trim Board,"Trex Company, Inc. Trex, Fascia, Pebble Beach, 1516884, 1 in x 8 in",FASCIA 1IN X 8IN 12FT,"Trex® Pebble Beach 1516884 Fascia, 1 in x 8 in, 12 ft","Trex® Fascia, Pebble Beach, 1 in x 8 in, 12 ft","Pebble Beach Fascia, 1 in x 8 in, 12 ft",,,,,,,,,,,,,,,,,,,,,,,,,,,Fascia,Nominal Size,1 in x 8 in,,Length,12,ft,Color,,,Series,Pebble Beach,,,,,,,,,,,,,,,,,,,,,,,,,,,,,,,,,,,,,,,,,,,,,,,,,,,,,,,,,,,,,,,,,,,,,,,,,,,,,,,,,,,,,,,,,,,,,,,,,,,,,,,,,,,,,,,,,,,,,,,,,,,,,,,,,,,,,,,,,,,,,,,30103600,,,,,,,,,,,,,,,,,,,,,,,,,,,,,,,,,,,,,,,,,,,
,,,,,,,Building Materials,Trim,Trim Board,,1516885,1x12-12' Pebble Beach - Trex Enhance Basics Fascia,TREX,-- No Unilog Brand --,-- No DIB Brand --,Boise Cascade Building Materials (BOICA),"Trex Company, Inc.",Trex®,,1516885,,Building Materials>Trim & Moulding>Trim Board,"Trex Company, Inc. Trex, Fascia, Pebble Beach, 1516885, 1 in x 12 in",FASCIA 1IN X 12IN 12FT,"Trex® Pebble Beach 1516885 Fascia, 1 in x 12 in, 12 ft","Trex® Fascia, Pebble Beach, 1 in x 12 in, 12 ft","Pebble Beach Fascia, 1 in x 12 in, 12 ft",,,,,,,,,,,,,,,,,,,,,,,,,,,Fascia,Nominal Size,1 in x 12 in,,Length,12,ft,Color,,,Series,Pebble Beach,,,,,,,,,,,,,,,,,,,,,,,,,,,,,,,,,,,,,,,,,,,,,,,,,,,,,,,,,,,,,,,,,,,,,,,,,,,,,,,,,,,,,,,,,,,,,,,,,,,,,,,,,,,,,,,,,,,,,,,,,,,,,,,,,,,,,,,,,,,,,,,30103600,,,,,,,,,,,,,,,,,,,,,,,,,,,,,,,,,,,,,,,,,,,
,,,,,,,Building Materials,Trim,Trim Board,,543005916,1x8-12' Malted Barley - Trex Select 2.0 Fascia,TREX,-- No Unilog Brand --,-- No DIB Brand --,Boise Cascade Building Materials (BOICA),"Trex Company, Inc.",Trex®,,543005916,,Building Materials>Trim & Moulding>Trim Board,"Trex Company, Inc. Trex, Fascia, Malted Barley, 543005916, 1 in x 8 in",FASCIA 1IN X 8IN 12FT,"Trex® Malted Barley 543005916 Fascia, 1 in x 8 in, 12 ft","Trex® Fascia, Malted Barley, 1 in x 8 in, 12 ft","Malted Barley Fascia, 1 in x 8 in, 12 ft",,,,,,,,,,,,,,,,,,,,,,,,,,,Fascia,Nominal Size,1 in x 8 in,,Length,12,ft,Color,,,Series,Malted Barley,,,,,,,,,,,,,,,,,,,,,,,,,,,,,,,,,,,,,,,,,,,,,,,,,,,,,,,,,,,,,,,,,,,,,,,,,,,,,,,,,,,,,,,,,,,,,,,,,,,,,,,,,,,,,,,,,,,,,,,,,,,,,,,,,,,,,,,,,,,,,,,30103600,,,,,,,,,,,,,,,,,,,,,,,,,,,,,,,,,,,,,,,,,,,
,,,,,,,Building Materials,Trim,Trim Board,,1516902,1x8-12' Millstone - Trex Select 2.0 Fascia,TREX,-- No Unilog Brand --,-- No DIB Brand --,Boise Cascade Building Materials (BOICA),"Trex Company, Inc.",Trex®,,1516902,,Building Materials>Trim & Moulding>Trim Board,"Trex Company, Inc. Trex, Fascia, Millstone, 1516902, 1 in x 8 in",FASCIA 1IN X 8IN 12FT,"Trex® Millstone 1516902 Fascia, 1 in x 8 in, 12 ft","Trex® Fascia, Millstone, 1 in x 8 in, 12 ft","Millstone Fascia, 1 in x 8 in, 12 ft",,,,,,,,,,,,,,,,,,,,,,,,,,,Fascia,Nominal Size,1 in x 8 in,,Length,12,ft,Color,,,Series,Millstone,,,,,,,,,,,,,,,,,,,,,,,,,,,,,,,,,,,,,,,,,,,,,,,,,,,,,,,,,,,,,,,,,,,,,,,,,,,,,,,,,,,,,,,,,,,,,,,,,,,,,,,,,,,,,,,,,,,,,,,,,,,,,,,,,,,,,,,,,,,,,,,30103600,,,,,,,,,,,,,,,,,,,,,,,,,,,,,,,,,,,,,,,,,,,
,,,,,,,Building Materials,Trim,Trim Board,,543007916,1x8-12' Whiskey Barrel - Trex Select 2.0 Fascia,TREX,-- No Unilog Brand --,-- No DIB Brand --,Boise Cascade Building Materials (BOICA),"Trex Company, Inc.",Trex®,,543007916,,Building Materials>Trim & Moulding>Trim Board,"Trex Company, Inc. Trex, Fascia, Whiskey Barrel, 543007916, 1 in x 8 in",FASCIA 1IN X 8IN 12FT,"Trex® Whiskey Barrel 543007916 Fascia, 1 in x 8 in, 12 ft","Trex® Fascia, Whiskey Barrel, 1 in x 8 in, 12 ft","Whiskey Barrel Fascia, 1 in x 8 in, 12 ft",,,,,,,,,,,,,,,,,,,,,,,,,,,Fascia,Nominal Size,1 in x 8 in,,Length,12,ft,Color,,,Series,Whiskey Barrel,,,,,,,,,,,,,,,,,,,,,,,,,,,,,,,,,,,,,,,,,,,,,,,,,,,,,,,,,,,,,,,,,,,,,,,,,,,,,,,,,,,,,,,,,,,,,,,,,,,,,,,,,,,,,,,,,,,,,,,,,,,,,,,,,,,,,,,,,,,,,,,30103600,,,,,,,,,,,,,,,,,,,,,,,,,,,,,,,,,,,,,,,,,,,
,,,,,,,Building Materials,Trim,Trim Board,,543005936,1x12-12' Malted Barley - Trex Select 2.0 Fascia,TREX,-- No Unilog Brand --,-- No DIB Brand --,Boise Cascade Building Materials (BOICA),"Trex Company, Inc.",Trex®,,543005936,,Building Materials>Trim & Moulding>Trim Board,"Trex Company, Inc. Trex, Fascia, Malted Barley, 543005936, 1 in x 12 in",FASCIA 1IN X 12IN 12FT,"Trex® Malted Barley 543005936 Fascia, 1 in x 12 in, 12 ft","Trex® Fascia, Malted Barley, 1 in x 12 in, 12 ft","Malted Barley Fascia, 1 in x 12 in, 12 ft",,,,,,,,,,,,,,,,,,,,,,,,,,,Fascia,Nominal Size,1 in x 12 in,,Length,12,ft,Color,,,Series,Malted Barley,,,,,,,,,,,,,,,,,,,,,,,,,,,,,,,,,,,,,,,,,,,,,,,,,,,,,,,,,,,,,,,,,,,,,,,,,,,,,,,,,,,,,,,,,,,,,,,,,,,,,,,,,,,,,,,,,,,,,,,,,,,,,,,,,,,,,,,,,,,,,,,30103600,,,,,,,,,,,,,,,,,,,,,,,,,,,,,,,,,,,,,,,,,,,
,,,,,,,Building Materials,Trim,Trim Board,,1516905,1x12-12' Millstone - Trex Select 2.0 Fascia,TREX,-- No Unilog Brand --,-- No DIB Brand --,Boise Cascade Building Materials (BOICA),"Trex Company, Inc.",Trex®,,1516905,,Building Materials>Trim & Moulding>Trim Board,"Trex Company, Inc. Trex, Fascia, Millstone, 1516905, 1 in x 12 in",FASCIA 1IN X 12IN 12FT,"Trex® Millstone 1516905 Fascia, 1 in x 12 in, 12 ft","Trex® Fascia, Millstone, 1 in x 12 in, 12 ft","Millstone Fascia, 1 in x 12 in, 12 ft",,,,,,,,,,,,,,,,,,,,,,,,,,,Fascia,Nominal Size,1 in x 12 in,,Length,12,ft,Color,,,Series,Millstone,,,,,,,,,,,,,,,,,,,,,,,,,,,,,,,,,,,,,,,,,,,,,,,,,,,,,,,,,,,,,,,,,,,,,,,,,,,,,,,,,,,,,,,,,,,,,,,,,,,,,,,,,,,,,,,,,,,,,,,,,,,,,,,,,,,,,,,,,,,,,,,30103600,,,,,,,,,,,,,,,,,,,,,,,,,,,,,,,,,,,,,,,,,,,
,,,,,,,Building Materials,Trim,Trim Board,,543007936,1x12-12' Whiskey Barrel - Trex Select 2.0 Fascia,TREX,-- No Unilog Brand --,-- No DIB Brand --,Boise Cascade Building Materials (BOICA),"Trex Company, Inc.",Trex®,,543007936,,Building Materials>Trim & Moulding>Trim Board,"Trex Company, Inc. Trex, Fascia, Whiskey Barrel, 543007936, 1 in x 12 in",FASCIA 1IN X 12IN 12FT,"Trex® Whiskey Barrel 543007936 Fascia, 1 in x 12 in, 12 ft","Trex® Fascia, Whiskey Barrel, 1 in x 12 in, 12 ft","Whiskey Barrel Fascia, 1 in x 12 in, 12 ft",,,,,,,,,,,,,,,,,,,,,,,,,,,Fascia,Nominal Size,1 in x 12 in,,Length,12,ft,Color,,,Series,Whiskey Barrel,,,,,,,,,,,,,,,,,,,,,,,,,,,,,,,,,,,,,,,,,,,,,,,,,,,,,,,,,,,,,,,,,,,,,,,,,,,,,,,,,,,,,,,,,,,,,,,,,,,,,,,,,,,,,,,,,,,,,,,,,,,,,,,,,,,,,,,,,,,,,,,30103600,,,,,,,,,,,,,,,,,,,,,,,,,,,,,,,,,,,,,,,,,,,
,,,,,,,Building Materials,Decking,Composite Decking,,543144908,1x8-12' Island Mist - Trex Lineage,TREX,-- No Unilog Brand --,-- No DIB Brand --,U S Lumber (3073),"Trex Company, Inc.",Trex®,,543144908,,Building Materials>Decking>Composite & PVC Decking,"Trex Company, Inc. Trex, Decking, Lineage, 543144908, 1 in x 8 in",DECKING 1IN X 8IN 12FT,"Trex® Lineage 543144908 Decking, 1 in x 8 in, 12 ft","Trex® Decking, Lineage, 1 in x 8 in, 12 ft","Lineage Decking, 1 in x 8 in, 12 ft",,,,,,,,,,,,,,,,,,,,,,,,,,,Decking,Nominal Size,1 in x 8 in,,Length,12,ft,Edge Profile,,,Series,Lineage,,,,,,,,,,,,,,,,,,,,,,,,,,,,,,,,,,,,,,,,,,,,,,,,,,,,,,,,,,,,,,,,,,,,,,,,,,,,,,,,,,,,,,,,,,,,,,,,,,,,,,,,,,,,,,,,,,,,,,,,,,,,,,,,,,,,,,,,,,,,,,,30103600,,,,,,,,,,,,,,,,,,,,,,,,,,,,,,,,,,,,,,,,,,,
,,,,,,,Building Materials,Decking,Composite Decking,,543141908,1x8-12' Rainier - Trex Lineage,TREX,-- No Unilog Brand --,-- No DIB Brand --,U S Lumber (3073),"Trex Company, Inc.",Trex®,,543141908,,Building Materials>Decking>Composite & PVC Decking,"Trex Company, Inc. Trex, Decking, Lineage, 543141908, 1 in x 8 in",DECKING 1IN X 8IN 12FT,"Trex® Lineage 543141908 Decking, 1 in x 8 in, 12 ft","Trex® Decking, Lineage, 1 in x 8 in, 12 ft","Lineage Decking, 1 in x 8 in, 12 ft",,,,,,,,,,,,,,,,,,,,,,,,,,,Decking,Nominal Size,1 in x 8 in,,Length,12,ft,Edge Profile,,,Series,Lineage,,,,,,,,,,,,,,,,,,,,,,,,,,,,,,,,,,,,,,,,,,,,,,,,,,,,,,,,,,,,,,,,,,,,,,,,,,,,,,,,,,,,,,,,,,,,,,,,,,,,,,,,,,,,,,,,,,,,,,,,,,,,,,,,,,,,,,,,,,,,,,,30103600,,,,,,,,,,,,,,,,,,,,,,,,,,,,,,,,,,,,,,,,,,,
,,,,,,,Building Materials,Decking,Composite Decking,,543144912,1x12-12' Island Mist - Trex Lineage,TREX,-- No Unilog Brand --,-- No DIB Brand --,U S Lumber (3073),"Trex Company, Inc.",Trex®,,543144912,,Building Materials>Decking>Composite & PVC Decking,"Trex Company, Inc. Trex, Decking, Lineage, 543144912, 1 in x 12 in",DECKING 1IN X 12IN 12FT,"Trex® Lineage 543144912 Decking, 1 in x 12 in, 12 ft","Trex® Decking, Lineage, 1 in x 12 in, 12 ft","Lineage Decking, 1 in x 12 in, 12 ft",,,,,,,,,,,,,,,,,,,,,,,,,,,Decking,Nominal Size,1 in x 12 in,,Length,12,ft,Edge Profile,,,Series,Lineage,,,,,,,,,,,,,,,,,,,,,,,,,,,,,,,,,,,,,,,,,,,,,,,,,,,,,,,,,,,,,,,,,,,,,,,,,,,,,,,,,,,,,,,,,,,,,,,,,,,,,,,,,,,,,,,,,,,,,,,,,,,,,,,,,,,,,,,,,,,,,,,30103600,,,,,,,,,,,,,,,,,,,,,,,,,,,,,,,,,,,,,,,,,,,
,,,,,,,Building Materials,Decking,Composite Decking,,543141912,1x12-12' Rainier - Trex Lineage,TREX,-- No Unilog Brand --,-- No DIB Brand --,U S Lumber (3073),"Trex Company, Inc.",Trex®,,543141912,,Building Materials>Decking>Composite & PVC Decking,"Trex Company, Inc. Trex, Decking, Lineage, 543141912, 1 in x 12 in",DECKING 1IN X 12IN 12FT,"Trex® Lineage 543141912 Decking, 1 in x 12 in, 12 ft","Trex® Decking, Lineage, 1 in x 12 in, 12 ft","Lineage Decking, 1 in x 12 in, 12 ft",,,,,,,,,,,,,,,,,,,,,,,,,,,Decking,Nominal Size,1 in x 12 in,,Length,12,ft,Edge Profile,,,Series,Lineage,,,,,,,,,,,,,,,,,,,,,,,,,,,,,,,,,,,,,,,,,,,,,,,,,,,,,,,,,,,,,,,,,,,,,,,,,,,,,,,,,,,,,,,,,,,,,,,,,,,,,,,,,,,,,,,,,,,,,,,,,,,,,,,,,,,,,,,,,,,,,,,30103600,,,,,,,,,,,,,,,,,,,,,,,,,,,,,,,,,,,,,,,,,,,
,,,,,,,Building Materials,Decking,Composite Decking,,1513713,1x8-12' Hatteras - Trex Lineage,TREX,-- No Unilog Brand --,-- No DIB Brand --,Boise Cascade Building Materials (BOICA),"Trex Company, Inc.",Trex®,,1513713,,Building Materials>Decking>Composite & PVC Decking,"Trex Company, Inc. Trex, Decking, Lineage, 1513713, 1 in x 8 in",DECKING 1IN X 8IN 12FT,"Trex® Lineage 1513713 Decking, 1 in x 8 in, 12 ft","Trex® Decking, Lineage, 1 in x 8 in, 12 ft","Lineage Decking, 1 in x 8 in, 12 ft",,,,,,,,,,,,,,,,,,,,,,,,,,,Decking,Nominal Size,1 in x 8 in,,Length,12,ft,Edge Profile,,,Series,Lineage,,,,,,,,,,,,,,,,,,,,,,,,,,,,,,,,,,,,,,,,,,,,,,,,,,,,,,,,,,,,,,,,,,,,,,,,,,,,,,,,,,,,,,,,,,,,,,,,,,,,,,,,,,,,,,,,,,,,,,,,,,,,,,,,,,,,,,,,,,,,,,,30103600,,,,,,,,,,,,,,,,,,,,,,,,,,,,,,,,,,,,,,,,,,,
,,,,,,,Building Materials,Decking,Composite Decking,,1513714,1x8-12' Salt Flat - Trex Lineage,TREX,-- No Unilog Brand --,-- No DIB Brand --,Boise Cascade Building Materials (BOICA),"Trex Company, Inc.",Trex®,,1513714,,Building Materials>Decking>Composite & PVC Decking,"Trex Company, Inc. Trex, Decking, Lineage, 1513714, 1 in x 8 in",DECKING 1IN X 8IN 12FT,"Trex® Lineage 1513714 Decking, 1 in x 8 in, 12 ft","Trex® Decking, Lineage, 1 in x 8 in, 12 ft","Lineage Decking, 1 in x 8 in, 12 ft",,,,,,,,,,,,,,,,,,,,,,,,,,,Decking,Nominal Size,1 in x 8 in,,Length,12,ft,Edge Profile,,,Series,Lineage,,,,,,,,,,,,,,,,,,,,,,,,,,,,,,,,,,,,,,,,,,,,,,,,,,,,,,,,,,,,,,,,,,,,,,,,,,,,,,,,,,,,,,,,,,,,,,,,,,,,,,,,,,,,,,,,,,,,,,,,,,,,,,,,,,,,,,,,,,,,,,,30103600,,,,,,,,,,,,,,,,,,,,,,,,,,,,,,,,,,,,,,,,,,,
,,,,,,,Building Materials,Trim,Trim Board,,73012503,4x4 Wh Heritage Post Trim RDI,-- Unbranded --,-- No Unilog Brand --,-- No DIB Brand --,-,,,,73012503,,Building Materials>Trim & Moulding>Trim Board,"Post Trim Rdi, 73012503, 4 in x 4 in, White",POST TRIM RDI WH 4IN X 4IN,"73012503 Post Trim Rdi, 4 in x 4 in, White","Post Trim Rdi, 4 in x 4 in, White","Post Trim Rdi, 4 in x 4 in, White",,,,,,,,,,,,,,,,,,,,,,,,,,,Post Trim Rdi,Nominal Size,,,Length,,,Color,White,,Size,4 in x 4 in,,,,,,,,,,,,,,,,,,,,,,,,,,,,,,,,,,,,,,,,,,,,,,,,,,,,,,,,,,,,,,,,,,,,,,,,,,,,,,,,,,,,,,,,,,,,,,,,,,,,,,,,,,,,,,,,,,,,,,,,,,,,,,,,,,,,,,,,,,,,,,,30103600,,,,,,,,,,,,,,,,,,,,,,,,,,,,,,,,,,,,,,,,,,,
,,,,,,,Building Materials,Trim,Trim Board,,73018131,6x6 Wh Elite Post Trim 4pc RDI,-- Unbranded --,-- No Unilog Brand --,-- No DIB Brand --,-,,,,73018131,,Building Materials>Trim & Moulding>Trim Board,"Post Trim Rdi, 73018131, 6 in x 6 in, White, 4",POST TRIM RDI WH 6IN X 6IN 4,"73018131 Post Trim Rdi, 6 in x 6 in, White, 4","Post Trim Rdi, 6 in x 6 in, White, 4","Post Trim Rdi, 6 in x 6 in, White, 4",,,,,,,,,,,,,,,,,,,,,,,,,,,Post Trim Rdi,Nominal Size,,,Length,,,Color,White,,Size,6 in x 6 in,,Pack Quantity,4,,,,,,,,,,,,,,,,,,,,,,,,,,,,,,,,,,,,,,,,,,,,,,,,,,,,,,,,,,,,,,,,,,,,,,,,,,,,,,,,,,,,,,,,,,,,,,,,,,,,,,,,,,,,,,,,,,,,,,,,,,,,,,,,,,,,,,,,,,,,30103600,,,,,,,,,,,,,,,,,,,,,,,,,,,,,,,,,,,,,,,,,,,
,,,,,,,Building Materials,Trim,Trim Board,,73018091,4x4 Wh Elite Post Trim RDI,-- Unbranded --,-- No Unilog Brand --,-- No DIB Brand --,-,,,,73018091,,Building Materials>Trim & Moulding>Trim Board,"Post Trim Rdi, 73018091, 4 in x 4 in, White",POST TRIM RDI WH 4IN X 4IN,"73018091 Post Trim Rdi, 4 in x 4 in, White","Post Trim Rdi, 4 in x 4 in, White","Post Trim Rdi, 4 in x 4 in, White",,,,,,,,,,,,,,,,,,,,,,,,,,,Post Trim Rdi,Nominal Size,,,Length,,,Color,White,,Size,4 in x 4 in,,,,,,,,,,,,,,,,,,,,,,,,,,,,,,,,,,,,,,,,,,,,,,,,,,,,,,,,,,,,,,,,,,,,,,,,,,,,,,,,,,,,,,,,,,,,,,,,,,,,,,,,,,,,,,,,,,,,,,,,,,,,,,,,,,,,,,,,,,,,,,,30103600,,,,,,,,,,,,,,,,,,,,,,,,,,,,,,,,,,,,,,,,,,,
,,,,,,,Building Materials,Trim,Trim Board,,73018066,Clay 6x6 Elite Post Trim RDI - 4pc,-- Unbranded --,-- No Unilog Brand --,-- No DIB Brand --,-,,,,73018066,,Building Materials>Trim & Moulding>Trim Board,"Post Trim Rdi, Clay Elite, 73018066, 6 in x 6 in, 4",POST TRIM RDI 6IN X 6IN 4,"Clay Elite 73018066 Post Trim Rdi, 6 in x 6 in, 4","Post Trim Rdi, Clay Elite, 6 in x 6 in, 4","Clay Elite Post Trim Rdi, 6 in x 6 in, 4",,,,,,,,,,,,,,,,,,,,,,,,,,,Post Trim Rdi,Nominal Size,,,Length,,,Color,,,Series,Clay Elite,,Size,6 in x 6 in,,Pack Quantity,4,,,,,,,,,,,,,,,,,,,,,,,,,,,,,,,,,,,,,,,,,,,,,,,,,,,,,,,,,,,,,,,,,,,,,,,,,,,,,,,,,,,,,,,,,,,,,,,,,,,,,,,,,,,,,,,,,,,,,,,,,,,,,,,,,,,,,,,,,30103600,,,,,,,,,,,,,,,,,,,,,,,,,,,,,,,,,,,,,,,,,,,
,,,,,,,Building Materials,Structural,Support Posts,,73018076,4x4 Wh Flat Post Cap RDI,-- Unbranded --,-- No Unilog Brand --,-- No DIB Brand --,-,,,,73018076,,Building Materials>Structural>Columns & Posts,"Post Cap, 73018076, 4 in x 4 in, White",POST CAP WH 4IN X 4IN,"73018076 Post Cap, 4 in x 4 in, White","Post Cap, 4 in x 4 in, White","Post Cap, 4 in x 4 in, White",,,,,,,,,,,,,,,,,,,,,,,,,,,Post Cap,Size,4 in x 4 in,,Color,White,,,,,,,,,,,,,,,,,,,,,,,,,,,,,,,,,,,,,,,,,,,,,,,,,,,,,,,,,,,,,,,,,,,,,,,,,,,,,,,,,,,,,,,,,,,,,,,,,,,,,,,,,,,,,,,,,,,,,,,,,,,,,,,,,,,,,,,,,,,,,,,,,,,,,30102300,,,,,,,,,,,,,,,,,,,,,,,,,,,,,,,,,,,,,,,,,,,
,,,,,,,Building Materials,Structural,Support Posts,,61109087,Wh 4x4-39 Blank Post RDI,-- Unbranded --,-- No Unilog Brand --,-- No DIB Brand --,-,,,,61109087,,Building Materials>Structural>Columns & Posts,"Rdi, Blank Post, 61109087, 4 in x 4 in, White",RDI WH 4IN X 4IN,"Blank Post 61109087 Rdi, 4 in x 4 in, White","Rdi, Blank Post, 4 in x 4 in, White","Blank Post Rdi, 4 in x 4 in, White",,,,,,,,,,,,,,,,,,,,,,,,,,,Rdi,Size,4 in x 4 in,,Color,White,,Series,Blank Post,,,,,,,,,,,,,,,,,,,,,,,,,,,,,,,,,,,,,,,,,,,,,,,,,,,,,,,,,,,,,,,,,,,,,,,,,,,,,,,,,,,,,,,,,,,,,,,,,,,,,,,,,,,,,,,,,,,,,,,,,,,,,,,,,,,,,,,,,,,,,,,,,,30102300,,,,,,,,,,,,,,,,,,,,,,,,,,,,,,,,,,,,,,,,,,,
,,,,,,,Building Materials,Structural,Support Posts,,73018731,Wh 6x6-108 Post Sleeve RDI,-- Unbranded --,-- No Unilog Brand --,-- No DIB Brand --,-,,,,73018731,,Building Materials>Structural>Columns & Posts,"Post Sleeve Rdi, 73018731, 6 in x 6 in, White",POST SLEEVE RDI WH 6IN X 6IN,"73018731 Post Sleeve Rdi, 6 in x 6 in, White","Post Sleeve Rdi, 6 in x 6 in, White","Post Sleeve Rdi, 6 in x 6 in, White",,,,,,,,,,,,,,,,,,,,,,,,,,,Post Sleeve Rdi,Size,6 in x 6 in,,Color,White,,,,,,,,,,,,,,,,,,,,,,,,,,,,,,,,,,,,,,,,,,,,,,,,,,,,,,,,,,,,,,,,,,,,,,,,,,,,,,,,,,,,,,,,,,,,,,,,,,,,,,,,,,,,,,,,,,,,,,,,,,,,,,,,,,,,,,,,,,,,,,,,,,,,,30102300,,,,,,,,,,,,,,,,,,,,,,,,,,,,,,,,,,,,,,,,,,,
,,,,,,,Building Materials,Structural,Support Posts,,61109090,Wh 4x4-108 Post Sleeve RDI,-- Unbranded --,-- No Unilog Brand --,-- No DIB Brand --,-,,,,61109090,,Building Materials>Structural>Columns & Posts,"Post Sleeve Rdi, 61109090, 4 in x 4 in, White",POST SLEEVE RDI WH 4IN X 4IN,"61109090 Post Sleeve Rdi, 4 in x 4 in, White","Post Sleeve Rdi, 4 in x 4 in, White","Post Sleeve Rdi, 4 in x 4 in, White",,,,,,,,,,,,,,,,,,,,,,,,,,,Post Sleeve Rdi,Size,4 in x 4 in,,Color,White,,,,,,,,,,,,,,,,,,,,,,,,,,,,,,,,,,,,,,,,,,,,,,,,,,,,,,,,,,,,,,,,,,,,,,,,,,,,,,,,,,,,,,,,,,,,,,,,,,,,,,,,,,,,,,,,,,,,,,,,,,,,,,,,,,,,,,,,,,,,,,,,,,,,,30102300,,,,,,,,,,,,,,,,,,,,,,,,,,,,,,,,,,,,,,,,,,,
,,,,,,,Building Materials,Structural,Support Posts,,73053603,Clay 4x4-108 Post Sleeve RDI,-- Unbranded --,-- No Unilog Brand --,-- No DIB Brand --,-,,,,73053603,,Building Materials>Structural>Columns & Posts,"Post Sleeve Rdi, 73053603, 4 in x 4 in",POST SLEEVE RDI 4IN X 4IN,"73053603 Post Sleeve Rdi, 4 in x 4 in","Post Sleeve Rdi, 4 in x 4 in","Post Sleeve Rdi, 4 in x 4 in",,,,,,,,,,,,,,,,,,,,,,,,,,,Post Sleeve Rdi,Size,4 in x 4 in,,Color,,,,,,,,,,,,,,,,,,,,,,,,,,,,,,,,,,,,,,,,,,,,,,,,,,,,,,,,,,,,,,,,,,,,,,,,,,,,,,,,,,,,,,,,,,,,,,,,,,,,,,,,,,,,,,,,,,,,,,,,,,,,,,,,,,,,,,,,,,,,,,,,,,,,,,30102300,,,,,,,,,,,,,,,,,,,,,,,,,,,,,,,,,,,,,,,,,,,
,,,,,,,Building Materials,Structural,Support Posts,,73053608,Clay 6x6-108 Post Sleeve RDI,-- Unbranded --,-- No Unilog Brand --,-- No DIB Brand --,-,,,,73053608,,Building Materials>Structural>Columns & Posts,"Post Sleeve Rdi, 73053608, 6 in x 6 in",POST SLEEVE RDI 6IN X 6IN,"73053608 Post Sleeve Rdi, 6 in x 6 in","Post Sleeve Rdi, 6 in x 6 in","Post Sleeve Rdi, 6 in x 6 in",,,,,,,,,,,,,,,,,,,,,,,,,,,Post Sleeve Rdi,Size,6 in x 6 in,,Color,,,,,,,,,,,,,,,,,,,,,,,,,,,,,,,,,,,,,,,,,,,,,,,,,,,,,,,,,,,,,,,,,,,,,,,,,,,,,,,,,,,,,,,,,,,,,,,,,,,,,,,,,,,,,,,,,,,,,,,,,,,,,,,,,,,,,,,,,,,,,,,,,,,,,,30102300,,,,,,,,,,,,,,,,,,,,,,,,,,,,,,,,,,,,,,,,,,,
,,,,,,,Building Materials,Decking,Railing,,543340896,"4x4-37"" Black Alum Post Sleeve Select Alum Railing - w/Cap & Skirt",TREX,-- No Unilog Brand --,-- No DIB Brand --,Boise Cascade Building Materials (BOICA),"Trex Company, Inc.",Trex®,,543340896,,Building Materials>Decking>Railing Systems,"Trex Company, Inc. Trex, Railing, Alum Post Sleeve Select Alum, 543340896",RAILING BK 4IN X 4IN,"Trex® Alum Post Sleeve Select 543340896 Railing, Black, 4 in x 4 in","Trex® Railing, Alum Post Sleeve Select Alum, Black, 4 in x 4 in","Alum Post Sleeve Select Alum Railing, Black, 4 in x 4 in",,,,,,,,,,,,,,,,,,,,,,,,,,,Railing,Size,4 in x 4 in,,Size,,,Color,Black,,Configuration,,,Series,Alum Post Sleeve Select Alum,,,,,,,,,,,,,,,,,,,,,,,,,,,,,,,,,,,,,,,,,,,,,,,,,,,,,,,,,,,,,,,,,,,,,,,,,,,,,,,,,,,,,,,,,,,,,,,,,,,,,,,,,,,,,,,,,,,,,,,,,,,,,,,,,,,,,,,,,,,,30103600,,,,,,,,,,,,,,,,,,,,,,,,,,,,,,,,,,,,,,,,,,,
,,,,,,,Building Materials,Decking,Railing,,543340898,"4x4-43"" Black Alum Post Sleeve Select Alum Railing w/Cap & Skirt",TREX,-- No Unilog Brand --,-- No DIB Brand --,Boise Cascade Building Materials (BOICA),"Trex Company, Inc.",Trex®,,543340898,,Building Materials>Decking>Railing Systems,"Trex Company, Inc. Trex, Railing, Alum Post Sleeve Select Alum, 543340898",RAILING BK 4IN X 4IN,"Trex® Alum Post Sleeve Select 543340898 Railing, Black, 4 in x 4 in","Trex® Railing, Alum Post Sleeve Select Alum, Black, 4 in x 4 in","Alum Post Sleeve Select Alum Railing, Black, 4 in x 4 in",,,,,,,,,,,,,,,,,,,,,,,,,,,Railing,Size,4 in x 4 in,,Size,,,Color,Black,,Configuration,,,Series,Alum Post Sleeve Select Alum,,,,,,,,,,,,,,,,,,,,,,,,,,,,,,,,,,,,,,,,,,,,,,,,,,,,,,,,,,,,,,,,,,,,,,,,,,,,,,,,,,,,,,,,,,,,,,,,,,,,,,,,,,,,,,,,,,,,,,,,,,,,,,,,,,,,,,,,,,,,30103600,,,,,,,,,,,,,,,,,,,,,,,,,,,,,,,,,,,,,,,,,,,
,,,,,,,Building Materials,Structural,Support Posts,,73272TBK,6x6-10' Black Alum Deco - Support Post,DSI Westbury,-- No Unilog Brand --,-- No DIB Brand --,Palmer Donavin Mfg Company (PALDO),DSI Westbury,DSI Westbury,,73272TBK,,Building Materials>Structural>Columns & Posts,"DSI Westbury DSI Westbury, Support Post, Alum Deco, 73272TBK",SUPPORT POST BK 6IN X 6IN 10FT,"DSI Westbury Alum Deco 73272TBK Support Post, Black, 6 in x 6 in, 10 ft","DSI Westbury Support Post, Alum Deco, Black, 6 in x 6 in, 10 ft","Alum Deco Support Post, Black, 6 in x 6 in, 10 ft",,,,,,,,,,,,,,,,,,,,,,,,,,,Support Post,Size,,,Color,Black,,Series,Alum Deco,,Nominal Size,6 in x 6 in,,Length,10,ft,,,,,,,,,,,,,,,,,,,,,,,,,,,,,,,,,,,,,,,,,,,,,,,,,,,,,,,,,,,,,,,,,,,,,,,,,,,,,,,,,,,,,,,,,,,,,,,,,,,,,,,,,,,,,,,,,,,,,,,,,,,,,,,,,,,,,,,,,,,30102300,,,,,,,,,,,,,,,,,,,,,,,,,,,,,,,,,,,,,,,,,,,
,,,,,,,Building Materials,Decking,Railing,,543302127,6' Wh Select T-Rail Kit Stair - w/Sq Composite Balusters,TREX,-- No Unilog Brand --,-- No DIB Brand --,U S Lumber (3073),"Trex Company, Inc.",Trex®,,543302127,,Building Materials>Decking>Railing Systems,"Trex Company, Inc. Trex, Rail, Select, 543302127, 6 ft, White",RAIL WH 6FT KIT,"Trex® Select 543302127 Rail, 6 ft, White, Kit","Trex® Rail, Select, 6 ft, White, Kit","Select Rail, 6 ft, White, Kit",,,,,,,,,,,,,,,,,,,,,,,,,,,Rail,Size,,,Size,6,ft,Color,White,,Configuration,Kit,,Series,Select,,,,,,,,,,,,,,,,,,,,,,,,,,,,,,,,,,,,,,,,,,,,,,,,,,,,,,,,,,,,,,,,,,,,,,,,,,,,,,,,,,,,,,,,,,,,,,,,,,,,,,,,,,,,,,,,,,,,,,,,,,,,,,,,,,,,,,,,,,,,30103600,,,,,,,,,,,,,,,,,,,,,,,,,,,,,,,,,,,,,,,,,,,
,,,,,,,Building Materials,Decking,Railing,,543302147,8' Wh Select T-Rail Kit Stair - w/Sq Composite Balusters,TREX,-- No Unilog Brand --,-- No DIB Brand --,U S Lumber (3073),"Trex Company, Inc.",Trex®,,543302147,,Building Materials>Decking>Railing Systems,"Trex Company, Inc. Trex, Rail, Select, 543302147, 8 ft, White",RAIL WH 8FT KIT,"Trex® Select 543302147 Rail, 8 ft, White, Kit","Trex® Rail, Select, 8 ft, White, Kit","Select Rail, 8 ft, White, Kit",,,,,,,,,,,,,,,,,,,,,,,,,,,Rail,Size,,,Size,8,ft,Color,White,,Configuration,Kit,,Series,Select,,,,,,,,,,,,,,,,,,,,,,,,,,,,,,,,,,,,,,,,,,,,,,,,,,,,,,,,,,,,,,,,,,,,,,,,,,,,,,,,,,,,,,,,,,,,,,,,,,,,,,,,,,,,,,,,,,,,,,,,,,,,,,,,,,,,,,,,,,,,30103600,,,,,,,,,,,,,,,,,,,,,,,,,,,,,,,,,,,,,,,,,,,
,,,,,,,Building Materials,Decking,Railing,,73019599,Finyline Wh 6' Str Rail Kit Sq,-- Unbranded --,-- No Unilog Brand --,-- No DIB Brand --,-,Alliance Laundry Systems,Speed Queen®,,73019599,,Building Materials>Decking>Railing Systems,"Alliance Laundry Systems Speed Queen, Finyline Str Rail, 73019599",FINYLINE STR RAIL WH 6FT KIT,"Speed Queen® 73019599 Finyline Str Rail, 6 ft, White, Kit","Speed Queen® Finyline Str Rail, 6 ft, White, Kit","Finyline Str Rail, 6 ft, White, Kit",,,,,,,,,,,,,,,,,,,,,,,,,,,Finyline Str Rail,Size,,,Size,6,ft,Color,White,,Configuration,Kit,,,,,,,,,,,,,,,,,,,,,,,,,,,,,,,,,,,,,,,,,,,,,,,,,,,,,,,,,,,,,,,,,,,,,,,,,,,,,,,,,,,,,,,,,,,,,,,,,,,,,,,,,,,,,,,,,,,,,,,,,,,,,,,,,,,,,,,,,,,,,,,30103600,,,,,,,,,,,,,,,,,,,,,,,,,,,,,,,,,,,,,,,,,,,
,,,,,,,Building Materials,Decking,Railing,,73019648,Finyline Wh 8' Str Rail Kit Sq,-- Unbranded --,-- No Unilog Brand --,-- No DIB Brand --,-,Alliance Laundry Systems,Speed Queen®,,73019648,,Building Materials>Decking>Railing Systems,"Alliance Laundry Systems Speed Queen, Finyline Str Rail, 73019648",FINYLINE STR RAIL WH 8FT KIT,"Speed Queen® 73019648 Finyline Str Rail, 8 ft, White, Kit","Speed Queen® Finyline Str Rail, 8 ft, White, Kit","Finyline Str Rail, 8 ft, White, Kit",,,,,,,,,,,,,,,,,,,,,,,,,,,Finyline Str Rail,Size,,,Size,8,ft,Color,White,,Configuration,Kit,,,,,,,,,,,,,,,,,,,,,,,,,,,,,,,,,,,,,,,,,,,,,,,,,,,,,,,,,,,,,,,,,,,,,,,,,,,,,,,,,,,,,,,,,,,,,,,,,,,,,,,,,,,,,,,,,,,,,,,,,,,,,,,,,,,,,,,,,,,,,,,30103600,,,,,,,,,,,,,,,,,,,,,,,,,,,,,,,,,,,,,,,,,,,
,,,,,,,Building Materials,Decking,Railing,,73019598,Finyline Wh 6' Str Rail Kit Rd - w/Black Alum Balusters,-- Unbranded --,-- No Unilog Brand --,-- No DIB Brand --,-,,,,73019598,,Building Materials>Decking>Railing Systems,"Str Rail, Alum Balusters, 73019598, 6 ft, Black, Kit",STR RAIL BK 6FT KIT,"Alum Balusters 73019598 Str Rail, 6 ft, Black, Kit","Str Rail, Alum Balusters, 6 ft, Black, Kit","Alum Balusters Str Rail, 6 ft, Black, Kit",,,,,,,,,,,,,,,,,,,,,,,,,,,Str Rail,Size,,,Size,6,ft,Color,Black,,Configuration,Kit,,Series,Alum Balusters,,,,,,,,,,,,,,,,,,,,,,,,,,,,,,,,,,,,,,,,,,,,,,,,,,,,,,,,,,,,,,,,,,,,,,,,,,,,,,,,,,,,,,,,,,,,,,,,,,,,,,,,,,,,,,,,,,,,,,,,,,,,,,,,,,,,,,,,,,,,30103600,,,,,,,,,,,,,,,,,,,,,,,,,,,,,,,,,,,,,,,,,,,
,,,,,,,Building Materials,Decking,Railing,,73019647,Finyline Wh 8' Str Rail Kit Rd - w/Black Alum Balusters,-- Unbranded --,-- No Unilog Brand --,-- No DIB Brand --,-,,,,73019647,,Building Materials>Decking>Railing Systems,"Str Rail, Alum Balusters, 73019647, 8 ft, Black, Kit",STR RAIL BK 8FT KIT,"Alum Balusters 73019647 Str Rail, 8 ft, Black, Kit","Str Rail, Alum Balusters, 8 ft, Black, Kit","Alum Balusters Str Rail, 8 ft, Black, Kit",,,,,,,,,,,,,,,,,,,,,,,,,,,Str Rail,Size,,,Size,8,ft,Color,Black,,Configuration,Kit,,Series,Alum Balusters,,,,,,,,,,,,,,,,,,,,,,,,,,,,,,,,,,,,,,,,,,,,,,,,,,,,,,,,,,,,,,,,,,,,,,,,,,,,,,,,,,,,,,,,,,,,,,,,,,,,,,,,,,,,,,,,,,,,,,,,,,,,,,,,,,,,,,,,,,,,30103600,,,,,,,,,,,,,,,,,,,,,,,,,,,,,,,,,,,,,,,,,,,
,,,,,,,Building Materials,Decking,Balusters,,543300257,6' Black Select Classic Stair - Rail w/Rnd Black Alum Baluster,TREX,-- No Unilog Brand --,-- No DIB Brand --,Boise Cascade Building Materials (BOICA),"Trex Company, Inc.",Trex®,,543300257,,Building Materials>Decking>Railing Systems,"Trex Company, Inc. Trex, Baluster, Rail, 543300257, 6 ft, Black",BALUSTER BK 6FT,"Trex® Rail 543300257 Baluster, 6 ft, Black","Trex® Baluster, Rail, 6 ft, Black","Rail Baluster, 6 ft, Black",,,,,,,,,,,,,,,,,,,,,,,,,,,Baluster,Size,,,Size,6,ft,Color,Black,,Configuration,,,Series,Rail,,,,,,,,,,,,,,,,,,,,,,,,,,,,,,,,,,,,,,,,,,,,,,,,,,,,,,,,,,,,,,,,,,,,,,,,,,,,,,,,,,,,,,,,,,,,,,,,,,,,,,,,,,,,,,,,,,,,,,,,,,,,,,,,,,,,,,,,,,,,30103600,,,,,,,,,,,,,,,,,,,,,,,,,,,,,,,,,,,,,,,,,,,
,,,,,,,Building Materials,Decking,Balusters,,543300277,8' Black Select Classic Stair - Rail w/Rnd Black Alum Baluster,TREX,-- No Unilog Brand --,-- No DIB Brand --,Boise Cascade Building Materials (BOICA),"Trex Company, Inc.",Trex®,,543300277,,Building Materials>Decking>Railing Systems,"Trex Company, Inc. Trex, Baluster, Rail, 543300277, 8 ft, Black",BALUSTER BK 8FT,"Trex® Rail 543300277 Baluster, 8 ft, Black","Trex® Baluster, Rail, 8 ft, Black","Rail Baluster, 8 ft, Black",,,,,,,,,,,,,,,,,,,,,,,,,,,Baluster,Size,,,Size,8,ft,Color,Black,,Configuration,,,Series,Rail,,,,,,,,,,,,,,,,,,,,,,,,,,,,,,,,,,,,,,,,,,,,,,,,,,,,,,,,,,,,,,,,,,,,,,,,,,,,,,,,,,,,,,,,,,,,,,,,,,,,,,,,,,,,,,,,,,,,,,,,,,,,,,,,,,,,,,,,,,,,30103600,,,,,,,,,,,,,,,,,,,,,,,,,,,,,,,,,,,,,,,,,,,
,,,,,,,Building Materials,Structural,Support Posts,,SPB-44BPL,"Patriot 4""x4""x37""/43"" Adjustable Self Leveling Support Post",-- Unbranded --,-- No Unilog Brand --,-- No DIB Brand --,-,,,,SPB-44BPL,,Building Materials>Structural>Columns & Posts,"Support Post, Adjustable Self Leveling, SPB-44BPL, 4 in x 4 in x 37 in",SUPPORT POST 4IN X 4IN X 37IN,"Adjustable Self Leveling SPB-44BPL Support Post, 4 in x 4 in x 37 in","Support Post, Adjustable Self Leveling, 4 in x 4 in x 37 in","Adjustable Self Leveling Support Post, 4 in x 4 in x 37 in",,,,,,,,,,,,,,,,,,,,,,,,,,,Support Post,Size,4 in x 4 in x 37 in,,Color,,,Series,Adjustable Self Leveling,,,,,,,,,,,,,,,,,,,,,,,,,,,,,,,,,,,,,,,,,,,,,,,,,,,,,,,,,,,,,,,,,,,,,,,,,,,,,,,,,,,,,,,,,,,,,,,,,,,,,,,,,,,,,,,,,,,,,,,,,,,,,,,,,,,,,,,,,,,,,,,,,,30102300,,,,,,,,,,,,,,,,,,,,,,,,,,,,,,,,,,,,,,,,,,,
,,,,,,,Building Materials,Sealants,Sealant Tape,,925219,"2""x50' Deck Joist Tape - Protecto Wrap",-- Unbranded --,-- No Unilog Brand --,-- No DIB Brand --,Palmer Donavin Mfg Company (PALDO),,,,925219,,Building Materials>Sealants & Adhesives>Sealant Tape,"Tape, Protecto Wrap, 925219, 2 in x 50 ft",TAPE 2IN X 50FT,"Protecto Wrap 925219 Tape, 2 in x 50 ft","Tape, Protecto Wrap, 2 in x 50 ft","Protecto Wrap Tape, 2 in x 50 ft",,,,,,,,,,,,,,,,,,,,,,,,,,,Tape,Size,2 in x 50 ft,,Size,,,Fuel Type,,,Series,Protecto Wrap,,,,,,,,,,,,,,,,,,,,,,,,,,,,,,,,,,,,,,,,,,,,,,,,,,,,,,,,,,,,,,,,,,,,,,,,,,,,,,,,,,,,,,,,,,,,,,,,,,,,,,,,,,,,,,,,,,,,,,,,,,,,,,,,,,,,,,,,,,,,,,,31201500,,,,,,,,,,,,,,,,,,,,,,,,,,,,,,,,,,,,,,,,,,,
,,,,,,,Building Materials,Windows & Doors,Doors,,27233,24x48 WH Attic Access Door,AJM,-- No Unilog Brand --,-- No DIB Brand --,A J Manufacturing Inc (AJMAN),AJM,AJM,,27233,,Building Materials>Windows & Doors>Doors,"AJM AJM, Door, Attic Access, 27233, 24 in x 48 in, White",DOOR WH 24IN X 48IN,"AJM Attic Access 27233 Door, White, 24 in x 48 in","AJM Door, Attic Access, White, 24 in x 48 in","Attic Access Door, White, 24 in x 48 in",,,,,,,,,,,,,,,,,,,,,,,,,,,Door,Size,24 in x 48 in,,Color,White,,Series,Attic Access,,,,,,,,,,,,,,,,,,,,,,,,,,,,,,,,,,,,,,,,,,,,,,,,,,,,,,,,,,,,,,,,,,,,,,,,,,,,,,,,,,,,,,,,,,,,,,,,,,,,,,,,,,,,,,,,,,,,,,,,,,,,,,,,,,,,,,,,,,,,,,,,,,30171500,,,,,,,,,,,,,,,,,,,,,,,,,,,,,,,,,,,,,,,,,,,
,,,,,,,Building Materials,Windows & Doors,Doors,,1517602,6068R Gliding Patio Dr 4500 United Blk Ext/WH Int LowE Arg w/J,United Window & Door,-- No Unilog Brand --,-- No DIB Brand --,United Window & Door Manufacturing (UNIWI),United Window & Door,United Window & Door,,1517602,,Building Materials>Windows & Doors>Doors,"United Window & Door United Window & Door, Door, Gliding Patio Dr, 1517602",DOOR BK 1517602,"United Window & Door Gliding Patio Dr 1517602, Black","United Window & Door Door, Gliding Patio Dr, Black","Gliding Patio Dr Door, Black",,,,,,,,,,,,,,,,,,,,,,,,,,,Door,Size,,,Color,Black,,Series,Gliding Patio Dr,,,,,,,,,,,,,,,,,,,,,,,,,,,,,,,,,,,,,,,,,,,,,,,,,,,,,,,,,,,,,,,,,,,,,,,,,,,,,,,,,,,,,,,,,,,,,,,,,,,,,,,,,,,,,,,,,,,,,,,,,,,,,,,,,,,,,,,,,,,,,,,,,,30171500,,,,,,,,,,,,,,,,,,,,,,,,,,,,,,,,,,,,,,,,,,,
,,,,,,,Building Materials,Windows & Doors,Doors,,1517603,6068L Gliding Patio Dr 4500 United Blk Ext/WH Int LowE Arg w/J,United Window & Door,-- No Unilog Brand --,-- No DIB Brand --,United Window & Door Manufacturing (UNIWI),United Window & Door,United Window & Door,,1517603,,Building Materials>Windows & Doors>Doors,"United Window & Door United Window & Door, Door, Gliding Patio Dr, 1517603",DOOR BK 1517603,"United Window & Door Gliding Patio Dr 1517603, Black","United Window & Door Door, Gliding Patio Dr, Black","Gliding Patio Dr Door, Black",,,,,,,,,,,,,,,,,,,,,,,,,,,Door,Size,,,Color,Black,,Series,Gliding Patio Dr,,,,,,,,,,,,,,,,,,,,,,,,,,,,,,,,,,,,,,,,,,,,,,,,,,,,,,,,,,,,,,,,,,,,,,,,,,,,,,,,,,,,,,,,,,,,,,,,,,,,,,,,,,,,,,,,,,,,,,,,,,,,,,,,,,,,,,,,,,,,,,,,,,30171500,,,,,,,,,,,,,,,,,,,,,,,,,,,,,,,,,,,,,,,,,,,
,,,,,,,Building Materials,Windows & Doors,Doors,,1517604,6068L Gliding Patio Dr 4500 United White LowE Arg w/J,United Window & Door,-- No Unilog Brand --,-- No DIB Brand --,United Window & Door Manufacturing (UNIWI),United Window & Door,United Window & Door,,1517604,,Building Materials>Windows & Doors>Doors,"United Window & Door United Window & Door, Door, Gliding Patio Dr, 1517604",DOOR WH 1517604,"United Window & Door Gliding Patio Dr 1517604, White","United Window & Door Door, Gliding Patio Dr, White","Gliding Patio Dr Door, White",,,,,,,,,,,,,,,,,,,,,,,,,,,Door,Size,,,Color,White,,Series,Gliding Patio Dr,,,,,,,,,,,,,,,,,,,,,,,,,,,,,,,,,,,,,,,,,,,,,,,,,,,,,,,,,,,,,,,,,,,,,,,,,,,,,,,,,,,,,,,,,,,,,,,,,,,,,,,,,,,,,,,,,,,,,,,,,,,,,,,,,,,,,,,,,,,,,,,,,,30171500,,,,,,,,,,,,,,,,,,,,,,,,,,,,,,,,,,,,,,,,,,,
,,,,,,,Building Materials,Windows & Doors,Doors,,1517605,6068R Gliding Patio Dr 4500 United White LowE Arg w/J,United Window & Door,-- No Unilog Brand --,-- No DIB Brand --,United Window & Door Manufacturing (UNIWI),United Window & Door,United Window & Door,,1517605,,Building Materials>Windows & Doors>Doors,"United Window & Door United Window & Door, Door, Gliding Patio Dr, 1517605",DOOR WH 1517605,"United Window & Door Gliding Patio Dr 1517605, White","United Window & Door Door, Gliding Patio Dr, White","Gliding Patio Dr Door, White",,,,,,,,,,,,,,,,,,,,,,,,,,,Door,Size,,,Color,White,,Series,Gliding Patio Dr,,,,,,,,,,,,,,,,,,,,,,,,,,,,,,,,,,,,,,,,,,,,,,,,,,,,,,,,,,,,,,,,,,,,,,,,,,,,,,,,,,,,,,,,,,,,,,,,,,,,,,,,,,,,,,,,,,,,,,,,,,,,,,,,,,,,,,,,,,,,,,,,,,30171500,,,,,,,,,,,,,,,,,,,,,,,,,,,,,,,,,,,,,,,,,,,
,,,,,,,Building Materials,Windows & Doors,Skylights,,FS C01 2004S,"FS C01 Velux Fxd Skylt Gry/Wh - w/Solar Shade RO 21""x26-7/8""",-- Unbranded --,-- No Unilog Brand --,-- No DIB Brand --,Velux America Inc (VELAM),VELUX America LLC,VELUX®,,FS C01 2004S,,Building Materials>Windows & Doors>Skylights,"VELUX America LLC VELUX, Skylight, Solar Shade RO, FS C01 2004S",SKYLIGHT GRAY 21IN X 26-7/8IN,"VELUX® Solar Shade RO FS C01 2004S Skylight, 21 in x 26-7/8 in, Gray","VELUX® Skylight, Solar Shade RO, 21 in x 26-7/8 in, Gray","Solar Shade RO Skylight, 21 in x 26-7/8 in, Gray",,,,,,,,,,,,,,,,,,,,,,,,,,,Skylight,Size,21 in x 26-7/8 in,,Color,Gray,,Series,Solar Shade RO,,,,,,,,,,,,,,,,,,,,,,,,,,,,,,,,,,,,,,,,,,,,,,,,,,,,,,,,,,,,,,,,,,,,,,,,,,,,,,,,,,,,,,,,,,,,,,,,,,,,,,,,,,,,,,,,,,,,,,,,,,,,,,,,,,,,,,,,,,,,,,,,,,30171500,,,,,,,,,,,,,,,,,,,,,,,,,,,,,,,,,,,,,,,,,,,
,,,,,,,Building Materials,Windows & Doors,Skylights,,FS C04 2004S,"FS C04 Velux Fxd Skylt Gry/Wh - w/Solar Shade RO 21""x37-7/8""",-- Unbranded --,-- No Unilog Brand --,-- No DIB Brand --,Velux America Inc (VELAM),VELUX America LLC,VELUX®,,FS C04 2004S,,Building Materials>Windows & Doors>Skylights,"VELUX America LLC VELUX, Skylight, Solar Shade RO, FS C04 2004S",SKYLIGHT GRAY 21IN X 37-7/8IN,"VELUX® Solar Shade RO FS C04 2004S Skylight, 21 in x 37-7/8 in, Gray","VELUX® Skylight, Solar Shade RO, 21 in x 37-7/8 in, Gray","Solar Shade RO Skylight, 21 in x 37-7/8 in, Gray",,,,,,,,,,,,,,,,,,,,,,,,,,,Skylight,Size,21 in x 37-7/8 in,,Color,Gray,,Series,Solar Shade RO,,,,,,,,,,,,,,,,,,,,,,,,,,,,,,,,,,,,,,,,,,,,,,,,,,,,,,,,,,,,,,,,,,,,,,,,,,,,,,,,,,,,,,,,,,,,,,,,,,,,,,,,,,,,,,,,,,,,,,,,,,,,,,,,,,,,,,,,,,,,,,,,,,30171500,,,,,,,,,,,,,,,,,,,,,,,,,,,,,,,,,,,,,,,,,,,
,,,,,,,Building Materials,Windows & Doors,Skylights,,FS C06 2004S,"FS C06 Velux Fxd Skylt Gry/Wh - w/Solar Shade RO 21""x45-7/8""",-- Unbranded --,-- No Unilog Brand --,-- No DIB Brand --,Velux America Inc (VELAM),VELUX America LLC,VELUX®,,FS C06 2004S,,Building Materials>Windows & Doors>Skylights,"VELUX America LLC VELUX, Skylight, Solar Shade RO, FS C06 2004S",SKYLIGHT GRAY 21IN X 45-7/8IN,"VELUX® Solar Shade RO FS C06 2004S Skylight, 21 in x 45-7/8 in, Gray","VELUX® Skylight, Solar Shade RO, 21 in x 45-7/8 in, Gray","Solar Shade RO Skylight, 21 in x 45-7/8 in, Gray",,,,,,,,,,,,,,,,,,,,,,,,,,,Skylight,Size,21 in x 45-7/8 in,,Color,Gray,,Series,Solar Shade RO,,,,,,,,,,,,,,,,,,,,,,,,,,,,,,,,,,,,,,,,,,,,,,,,,,,,,,,,,,,,,,,,,,,,,,,,,,,,,,,,,,,,,,,,,,,,,,,,,,,,,,,,,,,,,,,,,,,,,,,,,,,,,,,,,,,,,,,,,,,,,,,,,,30171500,,,,,,,,,,,,,,,,,,,,,,,,,,,,,,,,,,,,,,,,,,,
,,,,,,,Building Materials,Windows & Doors,Windows,,1501831,31.5x14.75 Bsmt ecoLitePlus WH - Hopper DLA w/Screen,PROVIA,-- No Unilog Brand --,-- No DIB Brand --,ProVia (PRODO),"ProVia, LLC",ProVia®,,1501831,,Building Materials>Windows & Doors>Windows,"ProVia, LLC ProVia, Hopper Dla Screen, 1501831, 31-1/2 in x 14-3/4 in",HOPPER DLA SCREEN WH 31-1/2IN X 14-3/4IN,"ProVia® 1501831 Hopper Dla Screen, 31-1/2 in x 14-3/4 in, White","ProVia® Hopper Dla Screen, 31-1/2 in x 14-3/4 in, White","Hopper Dla Screen, 31-1/2 in x 14-3/4 in, White",,,,,,,,,,,,,,,,,,,,,,,,,,,Hopper Dla Screen,Size,31-1/2 in x 14-3/4 in,,Color,White,,,,,,,,,,,,,,,,,,,,,,,,,,,,,,,,,,,,,,,,,,,,,,,,,,,,,,,,,,,,,,,,,,,,,,,,,,,,,,,,,,,,,,,,,,,,,,,,,,,,,,,,,,,,,,,,,,,,,,,,,,,,,,,,,,,,,,,,,,,,,,,,,,,,,30171600,,,,,,,,,,,,,,,,,,,,,,,,,,,,,,,,,,,,,,,,,,,
,,,,,,,Building Materials,Windows & Doors,Windows,,1501832,31.5x22.75 Bsmt ecoLitePlus WH - Hopper DLA w/Screen,PROVIA,-- No Unilog Brand --,-- No DIB Brand --,ProVia (PRODO),"ProVia, LLC",ProVia®,,1501832,,Building Materials>Windows & Doors>Windows,"ProVia, LLC ProVia, Hopper Dla Screen, 1501832, 31-1/2 in x 22-3/4 in",HOPPER DLA SCREEN WH 31-1/2IN X 22-3/4IN,"ProVia® 1501832 Hopper Dla Screen, 31-1/2 in x 22-3/4 in, White","ProVia® Hopper Dla Screen, 31-1/2 in x 22-3/4 in, White","Hopper Dla Screen, 31-1/2 in x 22-3/4 in, White",,,,,,,,,,,,,,,,,,,,,,,,,,,Hopper Dla Screen,Size,31-1/2 in x 22-3/4 in,,Color,White,,,,,,,,,,,,,,,,,,,,,,,,,,,,,,,,,,,,,,,,,,,,,,,,,,,,,,,,,,,,,,,,,,,,,,,,,,,,,,,,,,,,,,,,,,,,,,,,,,,,,,,,,,,,,,,,,,,,,,,,,,,,,,,,,,,,,,,,,,,,,,,,,,,,,30171600,,,,,,,,,,,,,,,,,,,,,,,,,,,,,,,,,,,,,,,,,,,
,,,,,,,,,,,1515974,3030 Slider 3900 United Black WH Int LowE-2 w/Half Scrn w/J,United Window & Door,-- No Unilog Brand --,-- No DIB Brand --,-,United Window & Door,United Window & Door,,1515974,,,"United Window & Door, Lowe- Half, United WH Int Scrn, 1515974",LOWE- HALF BK 2W,"United Window & Door WH Int Scrn 1515974 Lowe- Half, 2 W, Black","United Window & Door Lowe- Half, United WH Int Scrn, 2 W, Black","United WH Int Scrn Lowe- Half, 2 W, Black",,,,,,,,,,,,,,,,,,,,,,,,,,,Lowe- Half,Wattage,2,W,Color Temperature,,,Bulb Shape,,,Base Type,,,Pack Quantity,,,Series,United WH Int Scrn,,Color,Black,,,,,,,,,,,,,,,,,,,,,,,,,,,,,,,,,,,,,,,,,,,,,,,,,,,,,,,,,,,,,,,,,,,,,,,,,,,,,,,,,,,,,,,,,,,,,,,,,,,,,,,,,,,,,,,,,,,,,,,,,,,,,,,,,,,,,,,,,,,,,,,,,,,,,,,,,,,,,,,,,,,,,,,,,,,,,,,,,
,,,,,,,,,,,640383,"1/2"" 54""x10 Drywall Easi-Lite",-- Unbranded --,-- No Unilog Brand --,-- No DIB Brand --,Certainteed Gypsum (2765),CertainTeed LLC,CertainTeed®,,640383,,,"CertainTeed LLC CertainTeed, Easi Lite, 640383, 54 in x 10 in",EASI LITE 54IN X 10IN DRYWALL,"CertainTeed® 640383 Easi Lite, 54 in x 10 in, Drywall","CertainTeed® Easi Lite, 54 in x 10 in, Drywall","Easi Lite, 54 in x 10 in, Drywall",,,,,,,,,,,,,,,,,,,,,,,,,,,Easi Lite,Wattage,,,Color Temperature,,,Bulb Shape,,,Base Type,,,Pack Quantity,,,Size,54 in x 10 in,,Application,Drywall,,,,,,,,,,,,,,,,,,,,,,,,,,,,,,,,,,,,,,,,,,,,,,,,,,,,,,,,,,,,,,,,,,,,,,,,,,,,,,,,,,,,,,,,,,,,,,,,,,,,,,,,,,,,,,,,,,,,,,,,,,,,,,,,,,,,,,,,,,,,,,,,,,,,,,,,,,,,,,,,,,,,,,,,,,,,,,,,,
,,,,,,,,,,,653258,"5/8"" 4x9 Drywall Firelite",-- Unbranded --,-- No Unilog Brand --,-- No DIB Brand --,Certainteed Gypsum (2765),CertainTeed LLC,CertainTeed®,,653258,,,"CertainTeed LLC CertainTeed, Firelite, 653258, 4 in x 9 in, Drywall",FIRELITE 4IN X 9IN DRYWALL,"CertainTeed® 653258 Firelite, 4 in x 9 in, Drywall","CertainTeed® Firelite, 4 in x 9 in, Drywall","Firelite, 4 in x 9 in, Drywall",,,,,,,,,,,,,,,,,,,,,,,,,,,Firelite,Wattage,,,Color Temperature,,,Bulb Shape,,,Base Type,,,Pack Quantity,,,Size,4 in x 9 in,,Application,Drywall,,,,,,,,,,,,,,,,,,,,,,,,,,,,,,,,,,,,,,,,,,,,,,,,,,,,,,,,,,,,,,,,,,,,,,,,,,,,,,,,,,,,,,,,,,,,,,,,,,,,,,,,,,,,,,,,,,,,,,,,,,,,,,,,,,,,,,,,,,,,,,,,,,,,,,,,,,,,,,,,,,,,,,,,,,,,,,,,,
,,,,,,,,,,,413S-DBA-36,"413S 36"" Alum Threshold DBZ",HAGER,-- No Unilog Brand --,-- No DIB Brand --,Hager Hinge Co (4189),Hager Companies,Hager®,,413S-DBA-36,,,"Hager Companies Hager, Threshold, Alum DBZ, 413S-DBA-36, 36 in",THRESHOLD 36IN,"Hager® Alum DBZ 413S-DBA-36 Threshold, 36 in","Hager® Threshold, Alum DBZ, 36 in","Alum DBZ Threshold, 36 in",,,,,,,,,,,,,,,,,,,,,,,,,,,Threshold,Wattage,,,Color Temperature,,,Bulb Shape,,,Base Type,,,Pack Quantity,,,Series,Alum DBZ,,Size,36,in,,,,,,,,,,,,,,,,,,,,,,,,,,,,,,,,,,,,,,,,,,,,,,,,,,,,,,,,,,,,,,,,,,,,,,,,,,,,,,,,,,,,,,,,,,,,,,,,,,,,,,,,,,,,,,,,,,,,,,,,,,,,,,,,,,,,,,,,,,,,,,,,,,,,,,,,,,,,,,,,,,,,,,,,,,,,,,,,
,,,,,,,,,,,413S-DBA-72,"413S 72"" Alum Threshold DBZ",HAGER,-- No Unilog Brand --,-- No DIB Brand --,Hager Hinge Co (4189),Hager Companies,Hager®,,413S-DBA-72,,,"Hager Companies Hager, Threshold, Alum DBZ, 413S-DBA-72, 72 in",THRESHOLD 72IN,"Hager® Alum DBZ 413S-DBA-72 Threshold, 72 in","Hager® Threshold, Alum DBZ, 72 in","Alum DBZ Threshold, 72 in",,,,,,,,,,,,,,,,,,,,,,,,,,,Threshold,Wattage,,,Color Temperature,,,Bulb Shape,,,Base Type,,,Pack Quantity,,,Series,Alum DBZ,,Size,72,in,,,,,,,,,,,,,,,,,,,,,,,,,,,,,,,,,,,,,,,,,,,,,,,,,,,,,,,,,,,,,,,,,,,,,,,,,,,,,,,,,,,,,,,,,,,,,,,,,,,,,,,,,,,,,,,,,,,,,,,,,,,,,,,,,,,,,,,,,,,,,,,,,,,,,,,,,,,,,,,,,,,,,,,,,,,,,,,,
,,,,,,,,,,,1511506,4'x65' Zip Rainscreen,-- Unbranded --,-- No Unilog Brand --,-- No DIB Brand --,Huber Eng Wood LLC (3158),Huber Engineered Woods LLC,Huber®,,1511506,,,"Huber Engineered Woods LLC Huber, Zip Rainscreen, 1511506, 4 ft x 65 ft",ZIP RAINSCREEN 4FT X 65FT,"Huber® 1511506 Zip Rainscreen, 4 ft x 65 ft","Huber® Zip Rainscreen, 4 ft x 65 ft","Zip Rainscreen, 4 ft x 65 ft",,,,,,,,,,,,,,,,,,,,,,,,,,,Zip Rainscreen,Wattage,,,Color Temperature,,,Bulb Shape,,,Base Type,,,Pack Quantity,,,Size,4 ft x 65 ft,,,,,,,,,,,,,,,,,,,,,,,,,,,,,,,,,,,,,,,,,,,,,,,,,,,,,,,,,,,,,,,,,,,,,,,,,,,,,,,,,,,,,,,,,,,,,,,,,,,,,,,,,,,,,,,,,,,,,,,,,,,,,,,,,,,,,,,,,,,,,,,,,,,,,,,,,,,,,,,,,,,,,,,,,,,,,,,,,,,,
,,,,,,,,,,,1513577,1x8-12' Doug Fir STK Smooth 1S2E,COMMODITY - UNBRANDED,-- No Unilog Brand --,-- No DIB Brand --,Westwood Lumber Sales (WESLU),,,,1513577,,,"Smooth, Doug Fir STK, 1513577, 1 in x 8 in, 12 ft",SMOOTH 1IN X 8IN 12FT,"Doug Fir STK 1513577 Smooth, 1 in x 8 in, 12 ft","Smooth, Doug Fir STK, 1 in x 8 in, 12 ft","Doug Fir STK Smooth, 1 in x 8 in, 12 ft",,,,,,,,,,,,,,,,,,,,,,,,,,,Smooth,Wattage,,,Color Temperature,,,Bulb Shape,,,Base Type,,,Pack Quantity,,,Series,Doug Fir STK,,Nominal Size,1 in x 8 in,,Length,12,ft,,,,,,,,,,,,,,,,,,,,,,,,,,,,,,,,,,,,,,,,,,,,,,,,,,,,,,,,,,,,,,,,,,,,,,,,,,,,,,,,,,,,,,,,,,,,,,,,,,,,,,,,,,,,,,,,,,,,,,,,,,,,,,,,,,,,,,,,,,,,,,,,,,,,,,,,,,,,,,,,,,,,,,,,,,,,,
,,,,,,,,,,,1513578,1x8-16' Doug Fir STK Smooth 1S2E,COMMODITY - UNBRANDED,-- No Unilog Brand --,-- No DIB Brand --,Westwood Lumber Sales (WESLU),,,,1513578,,,"Smooth, Doug Fir STK, 1513578, 1 in x 8 in, 16 ft",SMOOTH 1IN X 8IN 16FT,"Doug Fir STK 1513578 Smooth, 1 in x 8 in, 16 ft","Smooth, Doug Fir STK, 1 in x 8 in, 16 ft","Doug Fir STK Smooth, 1 in x 8 in, 16 ft",,,,,,,,,,,,,,,,,,,,,,,,,,,Smooth,Wattage,,,Color Temperature,,,Bulb Shape,,,Base Type,,,Pack Quantity,,,Series,Doug Fir STK,,Nominal Size,1 in x 8 in,,Length,16,ft,,,,,,,,,,,,,,,,,,,,,,,,,,,,,,,,,,,,,,,,,,,,,,,,,,,,,,,,,,,,,,,,,,,,,,,,,,,,,,,,,,,,,,,,,,,,,,,,,,,,,,,,,,,,,,,,,,,,,,,,,,,,,,,,,,,,,,,,,,,,,,,,,,,,,,,,,,,,,,,,,,,,,,,,,,,,,
,,,,,,,,,,,1513579,1x12-12 'Doug Fir STK Smooth 1S2E,COMMODITY - UNBRANDED,-- No Unilog Brand --,-- No DIB Brand --,Westwood Lumber Sales (WESLU),,,,1513579,,,"Smooth, Doug Fir STK, 1513579, 1 in x 12 in, 12 ft",SMOOTH 1IN X 12IN 12FT,"Doug Fir STK 1513579 Smooth, 1 in x 12 in, 12 ft","Smooth, Doug Fir STK, 1 in x 12 in, 12 ft","Doug Fir STK Smooth, 1 in x 12 in, 12 ft",,,,,,,,,,,,,,,,,,,,,,,,,,,Smooth,Wattage,,,Color Temperature,,,Bulb Shape,,,Base Type,,,Pack Quantity,,,Series,Doug Fir STK,,Nominal Size,1 in x 12 in,,Length,12,ft,,,,,,,,,,,,,,,,,,,,,,,,,,,,,,,,,,,,,,,,,,,,,,,,,,,,,,,,,,,,,,,,,,,,,,,,,,,,,,,,,,,,,,,,,,,,,,,,,,,,,,,,,,,,,,,,,,,,,,,,,,,,,,,,,,,,,,,,,,,,,,,,,,,,,,,,,,,,,,,,,,,,,,,,,,,,,
,,,,,,,,,,,1513580,1x12-16' Doug Fir STK Smooth 1S2E,COMMODITY - UNBRANDED,-- No Unilog Brand --,-- No DIB Brand --,Westwood Lumber Sales (WESLU),,,,1513580,,,"Smooth, Doug Fir STK, 1513580, 1 in x 12 in, 16 ft",SMOOTH 1IN X 12IN 16FT,"Doug Fir STK 1513580 Smooth, 1 in x 12 in, 16 ft","Smooth, Doug Fir STK, 1 in x 12 in, 16 ft","Doug Fir STK Smooth, 1 in x 12 in, 16 ft",,,,,,,,,,,,,,,,,,,,,,,,,,,Smooth,Wattage,,,Color Temperature,,,Bulb Shape,,,Base Type,,,Pack Quantity,,,Series,Doug Fir STK,,Nominal Size,1 in x 12 in,,Length,16,ft,,,,,,,,,,,,,,,,,,,,,,,,,,,,,,,,,,,,,,,,,,,,,,,,,,,,,,,,,,,,,,,,,,,,,,,,,,,,,,,,,,,,,,,,,,,,,,,,,,,,,,,,,,,,,,,,,,,,,,,,,,,,,,,,,,,,,,,,,,,,,,,,,,,,,,,,,,,,,,,,,,,,,,,,,,,,,
,,,,,,,,,,,1501767,"3/4"" 4x8T&G Huber Blue PlusOSB - Sub Floor",-- Unbranded --,-- No Unilog Brand --,-- No DIB Brand --,-,Huber Engineered Woods LLC,Huber®,,1501767,,,"Huber Engineered Woods LLC Huber, Blue Plusosb, Sub Floor, 1501767",BLUE PLUSOSB 4IN X 8IN,"Huber® Sub Floor 1501767 Blue Plusosb, 4 in x 8 in","Huber® Blue Plusosb, Sub Floor, 4 in x 8 in","Sub Floor Blue Plusosb, 4 in x 8 in",,,,,,,,,,,,,,,,,,,,,,,,,,,Blue Plusosb,Wattage,,,Color Temperature,,,Bulb Shape,,,Base Type,,,Pack Quantity,,,Series,Sub Floor,,Size,4 in x 8 in,,,,,,,,,,,,,,,,,,,,,,,,,,,,,,,,,,,,,,,,,,,,,,,,,,,,,,,,,,,,,,,,,,,,,,,,,,,,,,,,,,,,,,,,,,,,,,,,,,,,,,,,,,,,,,,,,,,,,,,,,,,,,,,,,,,,,,,,,,,,,,,,,,,,,,,,,,,,,,,,,,,,,,,,,,,,,,,,,
,,,,,,,Building Materials,Roofing,Metal Roofing Panels,,PP-8BL,8' Premier Rib XL Black,-- Unbranded --,-- No Unilog Brand --,-- No DIB Brand --,Premier Metals (PREME),,,,PP-8BL,,Building Materials>Roofing>Metal Roofing Panels,"Premier Rib, PP-8BL, 8 ft, Black",PREMIER RIB BK 8FT,"PP-8BL Premier Rib, 8 ft, Black","Premier Rib, 8 ft, Black","Premier Rib, 8 ft, Black",,,,,,,,,,,,,,,,,,,,,,,,,,,Premier Rib,Size,8,ft,Color,Black,,,,,,,,,,,,,,,,,,,,,,,,,,,,,,,,,,,,,,,,,,,,,,,,,,,,,,,,,,,,,,,,,,,,,,,,,,,,,,,,,,,,,,,,,,,,,,,,,,,,,,,,,,,,,,,,,,,,,,,,,,,,,,,,,,,,,,,,,,,,,,,,,,,,,30151600,,,,,,,,,,,,,,,,,,,,,,,,,,,,,,,,,,,,,,,,,,,
,,,,,,,Building Materials,Roofing,Metal Roofing Panels,,PP-10BL,10' Premier Rib XL Black,-- Unbranded --,-- No Unilog Brand --,-- No DIB Brand --,Premier Metals (PREME),,,,PP-10BL,,Building Materials>Roofing>Metal Roofing Panels,"Premier Rib, PP-10BL, 10 ft, Black",PREMIER RIB BK 10FT,"PP-10BL Premier Rib, 10 ft, Black","Premier Rib, 10 ft, Black","Premier Rib, 10 ft, Black",,,,,,,,,,,,,,,,,,,,,,,,,,,Premier Rib,Size,10,ft,Color,Black,,,,,,,,,,,,,,,,,,,,,,,,,,,,,,,,,,,,,,,,,,,,,,,,,,,,,,,,,,,,,,,,,,,,,,,,,,,,,,,,,,,,,,,,,,,,,,,,,,,,,,,,,,,,,,,,,,,,,,,,,,,,,,,,,,,,,,,,,,,,,,,,,,,,,30151600,,,,,,,,,,,,,,,,,,,,,,,,,,,,,,,,,,,,,,,,,,,
,,,,,,,Building Materials,Roofing,Metal Roofing Panels,,PP-12BL,12' Premier Rib XL Black,-- Unbranded --,-- No Unilog Brand --,-- No DIB Brand --,Premier Metals (PREME),,,,PP-12BL,,Building Materials>Roofing>Metal Roofing Panels,"Premier Rib, PP-12BL, 12 ft, Black",PREMIER RIB BK 12FT,"PP-12BL Premier Rib, 12 ft, Black","Premier Rib, 12 ft, Black","Premier Rib, 12 ft, Black",,,,,,,,,,,,,,,,,,,,,,,,,,,Premier Rib,Size,12,ft,Color,Black,,,,,,,,,,,,,,,,,,,,,,,,,,,,,,,,,,,,,,,,,,,,,,,,,,,,,,,,,,,,,,,,,,,,,,,,,,,,,,,,,,,,,,,,,,,,,,,,,,,,,,,,,,,,,,,,,,,,,,,,,,,,,,,,,,,,,,,,,,,,,,,,,,,,,30151600,,,,,,,,,,,,,,,,,,,,,,,,,,,,,,,,,,,,,,,,,,,
,,,,,,,Building Materials,Roofing,Metal Roofing Panels,,PP-8CH,8' Premier Rib XL Charcoal,-- Unbranded --,-- No Unilog Brand --,-- No DIB Brand --,Premier Metals (PREME),,,,PP-8CH,,Building Materials>Roofing>Metal Roofing Panels,"Rib Xl Charcoal, PP-8CH, 8 ft",RIB XL CHARCOAL 8FT,"PP-8CH Rib Xl Charcoal, 8 ft","Rib Xl Charcoal, 8 ft","Rib Xl Charcoal, 8 ft",,,,,,,,,,,,,,,,,,,,,,,,,,,Rib Xl Charcoal,Size,8,ft,Color,,,,,,,,,,,,,,,,,,,,,,,,,,,,,,,,,,,,,,,,,,,,,,,,,,,,,,,,,,,,,,,,,,,,,,,,,,,,,,,,,,,,,,,,,,,,,,,,,,,,,,,,,,,,,,,,,,,,,,,,,,,,,,,,,,,,,,,,,,,,,,,,,,,,,,30151600,,,,,,,,,,,,,,,,,,,,,,,,,,,,,,,,,,,,,,,,,,,
,,,,,,,Building Materials,Roofing,Metal Roofing Panels,,PP-10CH,10' Premier Rib XL Charcoal,-- Unbranded --,-- No Unilog Brand --,-- No DIB Brand --,Premier Metals (PREME),,,,PP-10CH,,Building Materials>Roofing>Metal Roofing Panels,"Rib Xl Charcoal, PP-10CH, 10 ft",RIB XL CHARCOAL 10FT,"PP-10CH Rib Xl Charcoal, 10 ft","Rib Xl Charcoal, 10 ft","Rib Xl Charcoal, 10 ft",,,,,,,,,,,,,,,,,,,,,,,,,,,Rib Xl Charcoal,Size,10,ft,Color,,,,,,,,,,,,,,,,,,,,,,,,,,,,,,,,,,,,,,,,,,,,,,,,,,,,,,,,,,,,,,,,,,,,,,,,,,,,,,,,,,,,,,,,,,,,,,,,,,,,,,,,,,,,,,,,,,,,,,,,,,,,,,,,,,,,,,,,,,,,,,,,,,,,,,30151600,,,,,,,,,,,,,,,,,,,,,,,,,,,,,,,,,,,,,,,,,,,
,,,,,,,Building Materials,Roofing,Metal Roofing Panels,,PP-12CH,12' Premier Rib XL Charcoal,-- Unbranded --,-- No Unilog Brand --,-- No DIB Brand --,Premier Metals (PREME),,,,PP-12CH,,Building Materials>Roofing>Metal Roofing Panels,"Rib Xl Charcoal, PP-12CH, 12 ft",RIB XL CHARCOAL 12FT,"PP-12CH Rib Xl Charcoal, 12 ft","Rib Xl Charcoal, 12 ft","Rib Xl Charcoal, 12 ft",,,,,,,,,,,,,,,,,,,,,,,,,,,Rib Xl Charcoal,Size,12,ft,Color,,,,,,,,,,,,,,,,,,,,,,,,,,,,,,,,,,,,,,,,,,,,,,,,,,,,,,,,,,,,,,,,,,,,,,,,,,,,,,,,,,,,,,,,,,,,,,,,,,,,,,,,,,,,,,,,,,,,,,,,,,,,,,,,,,,,,,,,,,,,,,,,,,,,,,30151600,,,,,,,,,,,,,,,,,,,,,,,,,,,,,,,,,,,,,,,,,,,
,,,,,,,Building Materials,Roofing,Metal Roofing Panels,,PP-8WH,8' Premier Rib XL White,-- Unbranded --,-- No Unilog Brand --,-- No DIB Brand --,Premier Metals (PREME),,,,PP-8WH,,Building Materials>Roofing>Metal Roofing Panels,"Premier Rib, PP-8WH, 8 ft, White",PREMIER RIB WH 8FT,"PP-8WH Premier Rib, 8 ft, White","Premier Rib, 8 ft, White","Premier Rib, 8 ft, White",,,,,,,,,,,,,,,,,,,,,,,,,,,Premier Rib,Size,8,ft,Color,White,,,,,,,,,,,,,,,,,,,,,,,,,,,,,,,,,,,,,,,,,,,,,,,,,,,,,,,,,,,,,,,,,,,,,,,,,,,,,,,,,,,,,,,,,,,,,,,,,,,,,,,,,,,,,,,,,,,,,,,,,,,,,,,,,,,,,,,,,,,,,,,,,,,,,30151600,,,,,,,,,,,,,,,,,,,,,,,,,,,,,,,,,,,,,,,,,,,
,,,,,,,Building Materials,Roofing,Metal Roofing Panels,,PP-10WH,10' Premier Rib XL White,-- Unbranded --,-- No Unilog Brand --,-- No DIB Brand --,Premier Metals (PREME),,,,PP-10WH,,Building Materials>Roofing>Metal Roofing Panels,"Premier Rib, PP-10WH, 10 ft, White",PREMIER RIB WH 10FT,"PP-10WH Premier Rib, 10 ft, White","Premier Rib, 10 ft, White","Premier Rib, 10 ft, White",,,,,,,,,,,,,,,,,,,,,,,,,,,Premier Rib,Size,10,ft,Color,White,,,,,,,,,,,,,,,,,,,,,,,,,,,,,,,,,,,,,,,,,,,,,,,,,,,,,,,,,,,,,,,,,,,,,,,,,,,,,,,,,,,,,,,,,,,,,,,,,,,,,,,,,,,,,,,,,,,,,,,,,,,,,,,,,,,,,,,,,,,,,,,,,,,,,30151600,,,,,,,,,,,,,,,,,,,,,,,,,,,,,,,,,,,,,,,,,,,
,,,,,,,,,,,1504345,OC Duration TruDef Wburg Gray (BDL),-- Unbranded --,-- No Unilog Brand --,-- No DIB Brand --,Palmer Donavin Mfg Company (PALDO),,,,1504345,,,"Wburg Gray, OC Duration TruDef, 1504345",WBURG GRAY 1504345,OC Duration TruDef 1504345 Wburg Gray,"Wburg Gray, OC Duration TruDef",OC Duration TruDef Wburg Gray,,,,,,,,,,,,,,,,,,,,,,,,,,,Wburg Gray,Wattage,,,Color Temperature,,,Bulb Shape,,,Base Type,,,Pack Quantity,,,Series,OC Duration TruDef,,,,,,,,,,,,,,,,,,,,,,,,,,,,,,,,,,,,,,,,,,,,,,,,,,,,,,,,,,,,,,,,,,,,,,,,,,,,,,,,,,,,,,,,,,,,,,,,,,,,,,,,,,,,,,,,,,,,,,,,,,,,,,,,,,,,,,,,,,,,,,,,,,,,,,,,,,,,,,,,,,,,,,,,,,,,,,,,,,,,
,,,,,,,Tools,Power Tool Accessories,Fences & Guides,,2733,3'x65' Henry Eaveguard - Ice Guard,-- Unbranded --,-- No Unilog Brand --,-- No DIB Brand --,Palmer Donavin Mfg Company (PALDO),Milwaukee Tool,Milwaukee®,,2733,,Tools & Equipment>Power Tool Accessories>Fences & Guides,"Milwaukee Tool Milwaukee, Henry Eaveguard, Ice Guard, 2733, 3 ft x 65 ft",HENRY EAVEGUARD 3FT X 65FT,"Milwaukee® Ice Guard 2733 Henry Eaveguard, 3 ft x 65 ft","Milwaukee® Henry Eaveguard, Ice Guard, 3 ft x 65 ft","Ice Guard Henry Eaveguard, 3 ft x 65 ft",,,,,,,,,,,,,,,,,,,,,,,,,,,Henry Eaveguard,Size,,,Series,Ice Guard,,Size,3 ft x 65 ft,,,,,,,,,,,,,,,,,,,,,,,,,,,,,,,,,,,,,,,,,,,,,,,,,,,,,,,,,,,,,,,,,,,,,,,,,,,,,,,,,,,,,,,,,,,,,,,,,,,,,,,,,,,,,,,,,,,,,,,,,,,,,,,,,,,,,,,,,,,,,,,,,,27112800,,,,,,,,,,,,,,,,,,,,,,,,,,,,,,,,,,,,,,,,,,,
,,,,,,,Tools,Power Tool Accessories,Fences & Guides,,7547,Ice Guard OC Weathr Lk Mat 2sq,-- Unbranded --,-- No Unilog Brand --,-- No DIB Brand --,-,,,,7547,,Tools & Equipment>Power Tool Accessories>Fences & Guides,"Mat, Ice Guard OC Weathr Lk, 7547",MAT 7547,Ice Guard OC Weathr Lk 7547 Mat,"Mat, Ice Guard OC Weathr Lk",Ice Guard OC Weathr Lk Mat,,,,,,,,,,,,,,,,,,,,,,,,,,,Mat,Size,,,Series,Ice Guard OC Weathr Lk,,,,,,,,,,,,,,,,,,,,,,,,,,,,,,,,,,,,,,,,,,,,,,,,,,,,,,,,,,,,,,,,,,,,,,,,,,,,,,,,,,,,,,,,,,,,,,,,,,,,,,,,,,,,,,,,,,,,,,,,,,,,,,,,,,,,,,,,,,,,,,,,,,,,,27112800,,,,,,,,,,,,,,,,,,,,,,,,,,,,,,,,,,,,,,,,,,,
,,,,,,,,,,,8912220,"7-1/4""x12' Hardie Sdg Smooth - Primed HardiePlank",JAMESHARDIE,-- No Unilog Brand --,-- No DIB Brand --,Boise Cascade Building Materials (BOICA),JAMESHARDIE,JAMESHARDIE,,8912220,,,"JAMESHARDIE JAMESHARDIE, Smooth Primed, Hardie Sdg, 8912220, 7-1/4 in x 12 ft",SMOOTH PRIMED 7-1/4IN X 12FT,"JAMESHARDIE Hardie Sdg 8912220 Smooth Primed, 7-1/4 in x 12 ft","JAMESHARDIE Smooth Primed, Hardie Sdg, 7-1/4 in x 12 ft","Hardie Sdg Smooth Primed, 7-1/4 in x 12 ft",,,,,,,,,,,,,,,,,,,,,,,,,,,Smooth Primed,Wattage,,,Color Temperature,,,Bulb Shape,,,Base Type,,,Pack Quantity,,,Series,Hardie Sdg,,Size,7-1/4 in x 12 ft,,,,,,,,,,,,,,,,,,,,,,,,,,,,,,,,,,,,,,,,,,,,,,,,,,,,,,,,,,,,,,,,,,,,,,,,,,,,,,,,,,,,,,,,,,,,,,,,,,,,,,,,,,,,,,,,,,,,,,,,,,,,,,,,,,,,,,,,,,,,,,,,,,,,,,,,,,,,,,,,,,,,,,,,,,,,,,,,,
,,,,,,,,,,,8904015,4'x10' HardiePanel Smooth - Primed,JAMESHARDIE,-- No Unilog Brand --,-- No DIB Brand --,Boise Cascade Building Materials (BOICA),JAMESHARDIE,JAMESHARDIE,,8904015,,,"JAMESHARDIE JAMESHARDIE, Smooth Primed, 8904015, 4 ft x 10 ft",SMOOTH PRIMED 4FT X 10FT,"JAMESHARDIE 8904015 Smooth Primed, 4 ft x 10 ft","JAMESHARDIE Smooth Primed, 4 ft x 10 ft","Smooth Primed, 4 ft x 10 ft",,,,,,,,,,,,,,,,,,,,,,,,,,,Smooth Primed,Wattage,,,Color Temperature,,,Bulb Shape,,,Base Type,,,Pack Quantity,,,Size,4 ft x 10 ft,,,,,,,,,,,,,,,,,,,,,,,,,,,,,,,,,,,,,,,,,,,,,,,,,,,,,,,,,,,,,,,,,,,,,,,,,,,,,,,,,,,,,,,,,,,,,,,,,,,,,,,,,,,,,,,,,,,,,,,,,,,,,,,,,,,,,,,,,,,,,,,,,,,,,,,,,,,,,,,,,,,,,,,,,,,,,,,,,,,,
,,,,,,,,,,,25796,"6""x16' Smart Lap Sdg Cedar",LP SMARTSIDE,-- No Unilog Brand --,-- No DIB Brand --,U S Lumber (3073),Louisiana-Pacific Corporation,LP SmartSide®,,25796,,,"Louisiana-Pacific Corporation LP SmartSide, Cedar, Smart Lap Sdg, 25796",CEDAR 6IN X 16FT,"LP SmartSide® Smart Lap Sdg 25796 Cedar, 6 in x 16 ft","LP SmartSide® Cedar, Smart Lap Sdg, 6 in x 16 ft","Smart Lap Sdg Cedar, 6 in x 16 ft",,,,,,,,,,,,,,,,,,,,,,,,,,,Cedar,Wattage,,,Color Temperature,,,Bulb Shape,,,Base Type,,,Pack Quantity,,,Series,Smart Lap Sdg,,Size,6 in x 16 ft,,,,,,,,,,,,,,,,,,,,,,,,,,,,,,,,,,,,,,,,,,,,,,,,,,,,,,,,,,,,,,,,,,,,,,,,,,,,,,,,,,,,,,,,,,,,,,,,,,,,,,,,,,,,,,,,,,,,,,,,,,,,,,,,,,,,,,,,,,,,,,,,,,,,,,,,,,,,,,,,,,,,,,,,,,,,,,,,,
,,,,,,,,,,,40503,"3/8"" 16""x16' Smart Pan Cedar - No-Groove Sq Edge B&B",LP SMARTSIDE,-- No Unilog Brand --,-- No DIB Brand --,U S Lumber (3073),Louisiana-Pacific Corporation,LP SmartSide®,,40503,,,"Louisiana-Pacific Corporation LP SmartSide, Pan Cedar, No Groove, 40503",PAN CEDAR 16IN X 16FT SQ EDG,"LP SmartSide® No Groove 40503 Pan Cedar, 16 in x 16 ft, Square Edge","LP SmartSide® Pan Cedar, No Groove, 16 in x 16 ft, Square Edge","No Groove Pan Cedar, 16 in x 16 ft, Square Edge",,,,,,,,,,,,,,,,,,,,,,,,,,,Pan Cedar,Wattage,,,Color Temperature,,,Bulb Shape,,,Base Type,,,Pack Quantity,,,Series,No Groove,,Size,16 in x 16 ft,,Edge Profile,Square Edge,,,,,,,,,,,,,,,,,,,,,,,,,,,,,,,,,,,,,,,,,,,,,,,,,,,,,,,,,,,,,,,,,,,,,,,,,,,,,,,,,,,,,,,,,,,,,,,,,,,,,,,,,,,,,,,,,,,,,,,,,,,,,,,,,,,,,,,,,,,,,,,,,,,,,,,,,,,,,,,,,,,,,,,,,,,,,,
,,,,,,,,,,,25825,"3/8"" 4x10 Smart Pan Cedar - No-Groove w/Shiplap Edges",LP SMARTSIDE,-- No Unilog Brand --,-- No DIB Brand --,U S Lumber (3073),Louisiana-Pacific Corporation,LP SmartSide®,,25825,,,"Louisiana-Pacific Corporation LP SmartSide, Pan Cedar, Shiplap Edges, 25825",PAN CEDAR 4IN X 10IN,"LP SmartSide® Shiplap Edges 25825 Pan Cedar, 4 in x 10 in","LP SmartSide® Pan Cedar, Shiplap Edges, 4 in x 10 in","Shiplap Edges Pan Cedar, 4 in x 10 in",,,,,,,,,,,,,,,,,,,,,,,,,,,Pan Cedar,Wattage,,,Color Temperature,,,Bulb Shape,,,Base Type,,,Pack Quantity,,,Series,Shiplap Edges,,Size,4 in x 10 in,,,,,,,,,,,,,,,,,,,,,,,,,,,,,,,,,,,,,,,,,,,,,,,,,,,,,,,,,,,,,,,,,,,,,,,,,,,,,,,,,,,,,,,,,,,,,,,,,,,,,,,,,,,,,,,,,,,,,,,,,,,,,,,,,,,,,,,,,,,,,,,,,,,,,,,,,,,,,,,,,,,,,,,,,,,,,,,,,
,,,,,,,Building Materials,Trim,Soffit,,25822,"3/8"" 12""x16' Smart Vented Soff - Cedar Soffit",LP SMARTSIDE,-- No Unilog Brand --,-- No DIB Brand --,U S Lumber (3073),Louisiana-Pacific Corporation,LP SmartSide®,,25822,,Building Materials>Trim & Moulding>Soffit,"Louisiana-Pacific Corporation LP SmartSide, Soffit, Smart Vented Soff, 25822",SOFFIT 12IN X 16FT,"LP SmartSide® Smart Vented Soff 25822 Soffit, 12 in x 16 ft","LP SmartSide® Soffit, Smart Vented Soff, 12 in x 16 ft","Smart Vented Soff Soffit, 12 in x 16 ft",,,,,,,,,,,,,,,,,,,,,,,,,,,Soffit,Series,Smart Vented Soff,,Size,12 in x 16 ft,,,,,,,,,,,,,,,,,,,,,,,,,,,,,,,,,,,,,,,,,,,,,,,,,,,,,,,,,,,,,,,,,,,,,,,,,,,,,,,,,,,,,,,,,,,,,,,,,,,,,,,,,,,,,,,,,,,,,,,,,,,,,,,,,,,,,,,,,,,,,,,,,,,,,30103600,,,,,,,,,,,,,,,,,,,,,,,,,,,,,,,,,,,,,,,,,,,
,,,,,,,,,,,543650101,Black Alum ADA Wall Mount Trex,TREX,-- No Unilog Brand --,-- No DIB Brand --,Boise Cascade Building Materials (BOICA),"Trex Company, Inc.",Trex®,,543650101,,,"Trex Company, Inc. Trex, Wall Mount, Alum ADA, 543650101, Black",WALL MOUNT BK,"Trex® Alum ADA 543650101 Wall Mount, Black","Trex® Wall Mount, Alum ADA, Black","Alum ADA Wall Mount, Black",,,,,,,,,,,,,,,,,,,,,,,,,,,Wall Mount,Wattage,,,Color Temperature,,,Bulb Shape,,,Base Type,,,Pack Quantity,,,Series,Alum ADA,,Color,Black,,,,,,,,,,,,,,,,,,,,,,,,,,,,,,,,,,,,,,,,,,,,,,,,,,,,,,,,,,,,,,,,,,,,,,,,,,,,,,,,,,,,,,,,,,,,,,,,,,,,,,,,,,,,,,,,,,,,,,,,,,,,,,,,,,,,,,,,,,,,,,,,,,,,,,,,,,,,,,,,,,,,,,,,,,,,,,,,,
,,,,,,,,,,,543650010,Black Alum ADA Int End Cap - Trex,TREX,-- No Unilog Brand --,-- No DIB Brand --,Boise Cascade Building Materials (BOICA),"Trex Company, Inc.",Trex®,,543650010,,,"Trex Company, Inc. Trex, End Cap, Alum ADA Int, 543650010, Black",END CAP BK 543650010,"Trex® Alum ADA Int 543650010 End Cap, Black","Trex® End Cap, Alum ADA Int, Black","Alum ADA Int End Cap, Black",,,,,,,,,,,,,,,,,,,,,,,,,,,End Cap,Wattage,,,Color Temperature,,,Bulb Shape,,,Base Type,,,Pack Quantity,,,Series,Alum ADA Int,,Color,Black,,,,,,,,,,,,,,,,,,,,,,,,,,,,,,,,,,,,,,,,,,,,,,,,,,,,,,,,,,,,,,,,,,,,,,,,,,,,,,,,,,,,,,,,,,,,,,,,,,,,,,,,,,,,,,,,,,,,,,,,,,,,,,,,,,,,,,,,,,,,,,,,,,,,,,,,,,,,,,,,,,,,,,,,,,,,,,,,,
,,,,,,,Building Materials,Decking,Railing,,543650048,8' Black Alum ADA Rail Trex,TREX,-- No Unilog Brand --,-- No DIB Brand --,Boise Cascade Building Materials (BOICA),"Trex Company, Inc.",Trex®,,543650048,,Building Materials>Decking>Railing Systems,"Trex Company, Inc. Trex, Rail, Alum ADA, 543650048, 8 ft, Black",RAIL BK 8FT 543650048,"Trex® Alum ADA 543650048 Rail, 8 ft, Black","Trex® Rail, Alum ADA, 8 ft, Black","Alum ADA Rail, 8 ft, Black",,,,,,,,,,,,,,,,,,,,,,,,,,,Rail,Size,,,Size,8,ft,Color,Black,,Configuration,,,Series,Alum ADA,,,,,,,,,,,,,,,,,,,,,,,,,,,,,,,,,,,,,,,,,,,,,,,,,,,,,,,,,,,,,,,,,,,,,,,,,,,,,,,,,,,,,,,,,,,,,,,,,,,,,,,,,,,,,,,,,,,,,,,,,,,,,,,,,,,,,,,,,,,,30103600,,,,,,,,,,,,,,,,,,,,,,,,,,,,,,,,,,,,,,,,,,,
,,,,,,,Building Materials,Structural Panels,Sheathing,,1506969,"1-1/2"" 4x8 Huber Zip R6.6 - Insulated R-Sheathing",-- Unbranded --,-- No Unilog Brand --,-- No DIB Brand --,-,Huber Engineered Woods LLC,Huber®,,1506969,,Building Materials>Structural Panels>Sheathing,"Huber Engineered Woods LLC Huber, Sheathing, Zip, 1506969, 4 in x 8 in",SHEATHING 4IN X 8IN,"Huber® Zip 1506969 Sheathing, 4 in x 8 in","Huber® Sheathing, Zip, 4 in x 8 in","Zip Sheathing, 4 in x 8 in",,,,,,,,,,,,,,,,,,,,,,,,,,,Sheathing,Size,4 in x 8 in,,Size,,,Series,Zip,,,,,,,,,,,,,,,,,,,,,,,,,,,,,,,,,,,,,,,,,,,,,,,,,,,,,,,,,,,,,,,,,,,,,,,,,,,,,,,,,,,,,,,,,,,,,,,,,,,,,,,,,,,,,,,,,,,,,,,,,,,,,,,,,,,,,,,,,,,,,,,,,,30161700,,,,,,,,,,,,,,,,,,,,,,,,,,,,,,,,,,,,,,,,,,,
,,,,,,,Building Materials,Structural Panels,Sheathing,,1514681,"1"" 4x8 Huber Zip R3.6 - Insulated R-Sheathing",-- Unbranded --,-- No Unilog Brand --,-- No DIB Brand --,-,Huber Engineered Woods LLC,Huber®,,1514681,,Building Materials>Structural Panels>Sheathing,"Huber Engineered Woods LLC Huber, Sheathing, Zip, 1514681, 4 in x 8 in",SHEATHING 4IN X 8IN,"Huber® Zip 1514681 Sheathing, 4 in x 8 in","Huber® Sheathing, Zip, 4 in x 8 in","Zip Sheathing, 4 in x 8 in",,,,,,,,,,,,,,,,,,,,,,,,,,,Sheathing,Size,4 in x 8 in,,Size,,,Series,Zip,,,,,,,,,,,,,,,,,,,,,,,,,,,,,,,,,,,,,,,,,,,,,,,,,,,,,,,,,,,,,,,,,,,,,,,,,,,,,,,,,,,,,,,,,,,,,,,,,,,,,,,,,,,,,,,,,,,,,,,,,,,,,,,,,,,,,,,,,,,,,,,,,,30161700,,,,,,,,,,,,,,,,,,,,,,,,,,,,,,,,,,,,,,,,,,,
,,,,,,,Building Materials,Structural Panels,Sheathing,,1514726,"2"" 4x8 Huber Zip R9.6 - Insulated R-Sheathing",-- Unbranded --,-- No Unilog Brand --,-- No DIB Brand --,-,Huber Engineered Woods LLC,Huber®,,1514726,,Building Materials>Structural Panels>Sheathing,"Huber Engineered Woods LLC Huber, Sheathing, Zip, 1514726, 4 in x 8 in",SHEATHING 4IN X 8IN,"Huber® Zip 1514726 Sheathing, 4 in x 8 in","Huber® Sheathing, Zip, 4 in x 8 in","Zip Sheathing, 4 in x 8 in",,,,,,,,,,,,,,,,,,,,,,,,,,,Sheathing,Size,4 in x 8 in,,Size,,,Series,Zip,,,,,,,,,,,,,,,,,,,,,,,,,,,,,,,,,,,,,,,,,,,,,,,,,,,,,,,,,,,,,,,,,,,,,,,,,,,,,,,,,,,,,,,,,,,,,,,,,,,,,,,,,,,,,,,,,,,,,,,,,,,,,,,,,,,,,,,,,,,,,,,,,,30161700,,,,,,,,,,,,,,,,,,,,,,,,,,,,,,,,,,,,,,,,,,,
,,,,,,,,,,,1728ABL,2x2 Black Fine Fissured 1728BL,-- Unbranded --,-- No Unilog Brand --,-- No DIB Brand --,Palmer Donavin Mfg Company (PALDO),,,,1728ABL,,,"Fine Fissured, 1728ABL, 2 in x 2 in, Black",FINE FISSURED BK 2IN X 2IN,"1728ABL Fine Fissured, 2 in x 2 in, Black","Fine Fissured, 2 in x 2 in, Black","Fine Fissured, 2 in x 2 in, Black",,,,,,,,,,,,,,,,,,,,,,,,,,,Fine Fissured,Wattage,,,Color Temperature,,,Bulb Shape,,,Base Type,,,Pack Quantity,,,Size,2 in x 2 in,,Color,Black,,,,,,,,,,,,,,,,,,,,,,,,,,,,,,,,,,,,,,,,,,,,,,,,,,,,,,,,,,,,,,,,,,,,,,,,,,,,,,,,,,,,,,,,,,,,,,,,,,,,,,,,,,,,,,,,,,,,,,,,,,,,,,,,,,,,,,,,,,,,,,,,,,,,,,,,,,,,,,,,,,,,,,,,,,,,,,,,,
,,,,,,,Tools,Power Tool Accessories,Batteries,,402-R,402R 12V12AH 8D Battery,-- Unbranded --,-- No Unilog Brand --,-- No DIB Brand --,MillerTech Energy Solutions (MILTE),MillerTech Energy Solutions,MillerTech Energy Solutions,,402-R,,Tools & Equipment>Power Tool Accessories>Batteries,"MillerTech Energy Solutions MillerTech Energy Solutions, 402-R",402-R,MillerTech Energy Solutions 402-R,MillerTech Energy Solutions,,,,,,,,,,,,,,,,,,,,,,,,,,,,,Battery Platform,,,Voltage Rating,,,Pack Quantity,,,,,,,,,,,,,,,,,,,,,,,,,,,,,,,,,,,,,,,,,,,,,,,,,,,,,,,,,,,,,,,,,,,,,,,,,,,,,,,,,,,,,,,,,,,,,,,,,,,,,,,,,,,,,,,,,,,,,,,,,,,,,,,,,,,,,,,,,,,,,,,,,,,26111700,,,,,,,,,,,,,,,,,,,,,,,,,,,,,,,,,,,,,,,,,,,
,,,,,,,,,,,SL1672,SL1672 Jumpstart & Pwr Supply,-- Unbranded --,-- No Unilog Brand --,Schumacher,-,Schumacher,Schumacher,,SL1672,,,"Schumacher Schumacher, Supply, SL1672",SUPPLY SL1672,Schumacher SL1672 Supply,Schumacher Supply,Supply,,,,,,,,,,,,,,,,,,,,,,,,,,,Supply,Wattage,,,Color Temperature,,,Bulb Shape,,,Base Type,,,Pack Quantity,,,,,,,,,,,,,,,,,,,,,,,,,,,,,,,,,,,,,,,,,,,,,,,,,,,,,,,,,,,,,,,,,,,,,,,,,,,,,,,,,,,,,,,,,,,,,,,,,,,,,,,,,,,,,,,,,,,,,,,,,,,,,,,,,,,,,,,,,,,,,,,,,,,,,,,,,,,,,,,,,,,,,,,,,,,,,,,,,,,,,,,,
,,,,,,,Tools,Power Tool Accessories,Batteries,,BM-DW20-YLW-6,BM-DW20-YLW-6 Dewalt - Battery Mounts 6pk,-- Unbranded --,-- No Unilog Brand --,StealthMounts,Metalmark Industrial Inc (METIN),StealthMounts,StealthMounts,,BM-DW20-YLW-6,,Tools & Equipment>Power Tool Accessories>Batteries,"StealthMounts StealthMounts, Dewalt, Battery Mounts, BM-DW20-YLW-6",DEWALT 6 BM-DW20-YLW-6,"StealthMounts Battery Mounts BM-DW20-YLW-6 Dewalt, 6","StealthMounts Dewalt, Battery Mounts, 6","Battery Mounts Dewalt, 6",,,,,,,,,,,,,,,,,,,,,,,,,,,Dewalt,Battery Platform,,,Voltage Rating,,,Pack Quantity,6,,Series,Battery Mounts,,,,,,,,,,,,,,,,,,,,,,,,,,,,,,,,,,,,,,,,,,,,,,,,,,,,,,,,,,,,,,,,,,,,,,,,,,,,,,,,,,,,,,,,,,,,,,,,,,,,,,,,,,,,,,,,,,,,,,,,,,,,,,,,,,,,,,,,,,,,,,,26111700,,,,,,,,,,,,,,,,,,,,,,,,,,,,,,,,,,,,,,,,,,,
,,,,,,,Building Materials,Structural,Connectors,,BHA1-UPC,16-24 Adjust Hanger,-- Unbranded --,-- No Unilog Brand --,Southwire,Southwire/g Turner (6603),"Southwire Company, LLC",Southwire®,,BHA1-UPC,,Building Materials>Structural>Connectors & Hangers,"Southwire Company, LLC Southwire, Adjust Hanger, BHA1-UPC",ADJUST HANGER,Southwire® BHA1-UPC Adjust Hanger,Southwire® Adjust Hanger,Adjust Hanger,,,,,,,,,,,,,,,,,,,,,,,,,,,Adjust Hanger,Size,,,,,,,,,,,,,,,,,,,,,,,,,,,,,,,,,,,,,,,,,,,,,,,,,,,,,,,,,,,,,,,,,,,,,,,,,,,,,,,,,,,,,,,,,,,,,,,,,,,,,,,,,,,,,,,,,,,,,,,,,,,,,,,,,,,,,,,,,,,,,,,,,,,,,,,,,31162400,,,,,,,,,,,,,,,,,,,,,,,,,,,,,,,,,,,,,,,,,,,
,,,,,,,Tools,Hand Tools,Layout & Measuring,,G1941-UPC,"G1941UPC 4"" Sq Cover Sw/Outlet",-- Unbranded --,-- No Unilog Brand --,Southwire,Southwire/g Turner (6603),"Southwire Company, LLC",Southwire®,,G1941-UPC,,Tools & Equipment>Hand Tools>Layout & Measuring Tools,"Southwire Company, LLC Southwire, Square, Sq Cover Sw Outlet, G1941-UPC",SQUARE 4IN G1941-UPC,"Southwire® Sq Cover Sw Outlet G1941-UPC Square, 4 in","Southwire® Square, Sq Cover Sw Outlet, 4 in","Sq Cover Sw Outlet Square, 4 in",,,,,,,,,,,,,,,,,,,,,,,,,,,Square,Size,4,in,Series,Sq Cover Sw Outlet,,,,,,,,,,,,,,,,,,,,,,,,,,,,,,,,,,,,,,,,,,,,,,,,,,,,,,,,,,,,,,,,,,,,,,,,,,,,,,,,,,,,,,,,,,,,,,,,,,,,,,,,,,,,,,,,,,,,,,,,,,,,,,,,,,,,,,,,,,,,,,,,,,,,,41111700,,,,,,,,,,,,,,,,,,,,,,,,,,,,,,,,,,,,,,,,,,,
,,,,,,,Electrical,Wiring Devices,Wall Plates & Covers,,G1950-UPC,4x4 2G GFI Box Cover,-- Unbranded --,-- No Unilog Brand --,Southwire,Southwire/g Turner (6603),"Southwire Company, LLC",Southwire®,,G1950-UPC,,Electrical>Wiring Devices>Wall Plates,"Southwire Company, LLC Southwire, Box Cover, G1950-UPC, 4 in x 4 in",BOX COVER 4IN X 4IN,"Southwire® G1950-UPC Box Cover, 4 in x 4 in","Southwire® Box Cover, 4 in x 4 in","Box Cover, 4 in x 4 in",,,,,,,,,,,,,,,,,,,,,,,,,,,Box Cover,Size,4 in x 4 in,,,,,,,,,,,,,,,,,,,,,,,,,,,,,,,,,,,,,,,,,,,,,,,,,,,,,,,,,,,,,,,,,,,,,,,,,,,,,,,,,,,,,,,,,,,,,,,,,,,,,,,,,,,,,,,,,,,,,,,,,,,,,,,,,,,,,,,,,,,,,,,,,,,,,,,,39131700,,,,,,,,,,,,,,,,,,,,,,,,,,,,,,,,,,,,,,,,,,,
,,,,,,,Electrical,Wiring Devices,Wall Plates & Covers,,A410RCAR,4x4 1G PVC Box Cover,-- Unbranded --,-- No Unilog Brand --,Carlon,Thomas & Betts (7405),Carlon,Carlon,,A410RCAR,,Electrical>Wiring Devices>Wall Plates,"Carlon Carlon, Box Cover, A410RCAR, 4 in x 4 in",BOX COVER 4IN X 4IN,"Carlon A410RCAR Box Cover, 4 in x 4 in","Carlon Box Cover, 4 in x 4 in","Box Cover, 4 in x 4 in",,,,,,,,,,,,,,,,,,,,,,,,,,,Box Cover,Size,4 in x 4 in,,,,,,,,,,,,,,,,,,,,,,,,,,,,,,,,,,,,,,,,,,,,,,,,,,,,,,,,,,,,,,,,,,,,,,,,,,,,,,,,,,,,,,,,,,,,,,,,,,,,,,,,,,,,,,,,,,,,,,,,,,,,,,,,,,,,,,,,,,,,,,,,,,,,,,,,39131700,,,,,,,,,,,,,,,,,,,,,,,,,,,,,,,,,,,,,,,,,,,
,,,,,,,Electrical,Wiring Devices,Wall Plates & Covers,,G1951-UPC,4x4 2G GFCI Duplex Box Cover,-- Unbranded --,-- No Unilog Brand --,Southwire,Southwire/g Turner (6603),"Southwire Company, LLC",Southwire®,,G1951-UPC,,Electrical>Wiring Devices>Wall Plates,"Southwire Company, LLC Southwire, Box Cover, GFCI Duplex, G1951-UPC",BOX COVER 4IN X 4IN,"Southwire® GFCI Duplex G1951-UPC Box Cover, 4 in x 4 in","Southwire® Box Cover, GFCI Duplex, 4 in x 4 in","GFCI Duplex Box Cover, 4 in x 4 in",,,,,,,,,,,,,,,,,,,,,,,,,,,Box Cover,Size,4 in x 4 in,,Series,GFCI Duplex,,,,,,,,,,,,,,,,,,,,,,,,,,,,,,,,,,,,,,,,,,,,,,,,,,,,,,,,,,,,,,,,,,,,,,,,,,,,,,,,,,,,,,,,,,,,,,,,,,,,,,,,,,,,,,,,,,,,,,,,,,,,,,,,,,,,,,,,,,,,,,,,,,,,,39131700,,,,,,,,,,,,,,,,,,,,,,,,,,,,,,,,,,,,,,,,,,,
,,,,,,,Electrical,Wiring Devices,Wall Plates & Covers,,52C3-5/8-UPC,4x4 1G Box Cover,-- Unbranded --,-- No Unilog Brand --,Southwire,Southwire/g Turner (6603),"Southwire Company, LLC",Southwire®,,52C3-5/8-UPC,,Electrical>Wiring Devices>Wall Plates,"Southwire Company, LLC Southwire, Box Cover, 52C3-5/8-UPC, 4 in x 4 in",BOX COVER 4IN X 4IN,"Southwire® 52C3-5/8-UPC Box Cover, 4 in x 4 in","Southwire® Box Cover, 4 in x 4 in","Box Cover, 4 in x 4 in",,,,,,,,,,,,,,,,,,,,,,,,,,,Box Cover,Size,4 in x 4 in,,,,,,,,,,,,,,,,,,,,,,,,,,,,,,,,,,,,,,,,,,,,,,,,,,,,,,,,,,,,,,,,,,,,,,,,,,,,,,,,,,,,,,,,,,,,,,,,,,,,,,,,,,,,,,,,,,,,,,,,,,,,,,,,,,,,,,,,,,,,,,,,,,,,,,,,39131700,,,,,,,,,,,,,,,,,,,,,,,,,,,,,,,,,,,,,,,,,,,
,,,,,,,Electrical,Wiring Devices,Wall Plates & Covers,,52C14-5/8-UPC,4x4 1G Box Cover,-- Unbranded --,-- No Unilog Brand --,Southwire,Southwire/g Turner (6603),"Southwire Company, LLC",Southwire®,,52C14-5/8-UPC,,Electrical>Wiring Devices>Wall Plates,"Southwire Company, LLC Southwire, Box Cover, 52C14-5/8-UPC, 4 in x 4 in",BOX COVER 4IN X 4IN,"Southwire® 52C14-5/8-UPC Box Cover, 4 in x 4 in","Southwire® Box Cover, 4 in x 4 in","Box Cover, 4 in x 4 in",,,,,,,,,,,,,,,,,,,,,,,,,,,Box Cover,Size,4 in x 4 in,,,,,,,,,,,,,,,,,,,,,,,,,,,,,,,,,,,,,,,,,,,,,,,,,,,,,,,,,,,,,,,,,,,,,,,,,,,,,,,,,,,,,,,,,,,,,,,,,,,,,,,,,,,,,,,,,,,,,,,,,,,,,,,,,,,,,,,,,,,,,,,,,,,,,,,,39131700,,,,,,,,,,,,,,,,,,,,,,,,,,,,,,,,,,,,,,,,,,,
,,,,,,,Electrical,Wiring Devices,Wall Plates & Covers,,52C3-UPC,4x4 1G Box Cover,-- Unbranded --,-- No Unilog Brand --,Southwire,Southwire/g Turner (6603),"Southwire Company, LLC",Southwire®,,52C3-UPC,,Electrical>Wiring Devices>Wall Plates,"Southwire Company, LLC Southwire, Box Cover, 52C3-UPC, 4 in x 4 in",BOX COVER 4IN X 4IN,"Southwire® 52C3-UPC Box Cover, 4 in x 4 in","Southwire® Box Cover, 4 in x 4 in","Box Cover, 4 in x 4 in",,,,,,,,,,,,,,,,,,,,,,,,,,,Box Cover,Size,4 in x 4 in,,,,,,,,,,,,,,,,,,,,,,,,,,,,,,,,,,,,,,,,,,,,,,,,,,,,,,,,,,,,,,,,,,,,,,,,,,,,,,,,,,,,,,,,,,,,,,,,,,,,,,,,,,,,,,,,,,,,,,,,,,,,,,,,,,,,,,,,,,,,,,,,,,,,,,,,39131700,,,,,,,,,,,,,,,,,,,,,,,,,,,,,,,,,,,,,,,,,,,
,,,,,,,Building Materials,Structural,Connectors,,54151-F-UPC,4x4x1-1/2 Oct Box w/Bracket,-- Unbranded --,-- No Unilog Brand --,Southwire,Southwire/g Turner (6603),"Southwire Company, LLC",Southwire®,,54151-F-UPC,,Building Materials>Structural>Connectors & Hangers,"Southwire Company, LLC Southwire, Oct, 54151-F-UPC, 4 in x 4 in x 1-1/2 in",OCT 4IN X 4IN X 1-1/2IN,"Southwire® 54151-F-UPC Oct, 4 in x 4 in x 1-1/2 in","Southwire® Oct, 4 in x 4 in x 1-1/2 in","Oct, 4 in x 4 in x 1-1/2 in",,,,,,,,,,,,,,,,,,,,,,,,,,,Oct,Size,4 in x 4 in x 1-1/2 in,,,,,,,,,,,,,,,,,,,,,,,,,,,,,,,,,,,,,,,,,,,,,,,,,,,,,,,,,,,,,,,,,,,,,,,,,,,,,,,,,,,,,,,,,,,,,,,,,,,,,,,,,,,,,,,,,,,,,,,,,,,,,,,,,,,,,,,,,,,,,,,,,,,,,,,,31162400,,,,,,,,,,,,,,,,,,,,,,,,,,,,,,,,,,,,,,,,,,,
,,,,,,,Building Materials,Structural,Connectors,,54151-HUR-UPC,4x4x1-1/2 Oct Box w/Hanger,-- Unbranded --,-- No Unilog Brand --,Southwire,Southwire/g Turner (6603),"Southwire Company, LLC",Southwire®,,54151-HUR-UPC,,Building Materials>Structural>Connectors & Hangers,"Southwire Company, LLC Southwire, Oct, 54151-HUR-UPC, 4 in x 4 in x 1-1/2 in",OCT 4IN X 4IN X 1-1/2IN,"Southwire® 54151-HUR-UPC Oct, 4 in x 4 in x 1-1/2 in","Southwire® Oct, 4 in x 4 in x 1-1/2 in","Oct, 4 in x 4 in x 1-1/2 in",,,,,,,,,,,,,,,,,,,,,,,,,,,Oct,Size,4 in x 4 in x 1-1/2 in,,,,,,,,,,,,,,,,,,,,,,,,,,,,,,,,,,,,,,,,,,,,,,,,,,,,,,,,,,,,,,,,,,,,,,,,,,,,,,,,,,,,,,,,,,,,,,,,,,,,,,,,,,,,,,,,,,,,,,,,,,,,,,,,,,,,,,,,,,,,,,,,,,,,,,,,31162400,,,,,,,,,,,,,,,,,,,,,,,,,,,,,,,,,,,,,,,,,,,
,,,,,,,,,,,54151-JR-UPC,4x4x1-1/2 Oct Box w/Brakcet,-- Unbranded --,-- No Unilog Brand --,Southwire,Southwire/g Turner (6603),"Southwire Company, LLC",Southwire®,,54151-JR-UPC,,,"Southwire Company, LLC Southwire, Oct, 54151-JR-UPC, 4 in x 4 in x 1-1/2 in",OCT 4IN X 4IN X 1-1/2IN,"Southwire® 54151-JR-UPC Oct, 4 in x 4 in x 1-1/2 in","Southwire® Oct, 4 in x 4 in x 1-1/2 in","Oct, 4 in x 4 in x 1-1/2 in",,,,,,,,,,,,,,,,,,,,,,,,,,,Oct,Wattage,,,Color Temperature,,,Bulb Shape,,,Base Type,,,Pack Quantity,,,Size,4 in x 4 in x 1-1/2 in,,,,,,,,,,,,,,,,,,,,,,,,,,,,,,,,,,,,,,,,,,,,,,,,,,,,,,,,,,,,,,,,,,,,,,,,,,,,,,,,,,,,,,,,,,,,,,,,,,,,,,,,,,,,,,,,,,,,,,,,,,,,,,,,,,,,,,,,,,,,,,,,,,,,,,,,,,,,,,,,,,,,,,,,,,,,,,,,,,,,
,,,,,,,,,,,54171-R-UPC,4x4x2 Oct Box,-- Unbranded --,-- No Unilog Brand --,Southwire,Southwire/g Turner (6603),"Southwire Company, LLC",Southwire®,,54171-R-UPC,,,"Southwire Company, LLC Southwire, Oct, 54171-R-UPC, 4 in x 4 in x 2 in",OCT 4IN X 4IN X 2IN,"Southwire® 54171-R-UPC Oct, 4 in x 4 in x 2 in","Southwire® Oct, 4 in x 4 in x 2 in","Oct, 4 in x 4 in x 2 in",,,,,,,,,,,,,,,,,,,,,,,,,,,Oct,Wattage,,,Color Temperature,,,Bulb Shape,,,Base Type,,,Pack Quantity,,,Size,4 in x 4 in x 2 in,,,,,,,,,,,,,,,,,,,,,,,,,,,,,,,,,,,,,,,,,,,,,,,,,,,,,,,,,,,,,,,,,,,,,,,,,,,,,,,,,,,,,,,,,,,,,,,,,,,,,,,,,,,,,,,,,,,,,,,,,,,,,,,,,,,,,,,,,,,,,,,,,,,,,,,,,,,,,,,,,,,,,,,,,,,,,,,,,,,,
,,,,,,,Tools,Hand Tools,Layout & Measuring,,52151-S-UPC,4x4x1-1/2 Square Box,-- Unbranded --,-- No Unilog Brand --,Southwire,Southwire/g Turner (6603),"Southwire Company, LLC",Southwire®,,52151-S-UPC,,Tools & Equipment>Hand Tools>Layout & Measuring Tools,"Southwire Company, LLC Southwire, Square, 52151-S-UPC, 4 in x 4 in x 1-1/2 in",SQUARE 4IN X 4IN X 1-1/2IN,"Southwire® 52151-S-UPC Square, 4 in x 4 in x 1-1/2 in","Southwire® Square, 4 in x 4 in x 1-1/2 in","Square, 4 in x 4 in x 1-1/2 in",,,,,,,,,,,,,,,,,,,,,,,,,,,Square,Size,,,Size,4 in x 4 in x 1-1/2 in,,,,,,,,,,,,,,,,,,,,,,,,,,,,,,,,,,,,,,,,,,,,,,,,,,,,,,,,,,,,,,,,,,,,,,,,,,,,,,,,,,,,,,,,,,,,,,,,,,,,,,,,,,,,,,,,,,,,,,,,,,,,,,,,,,,,,,,,,,,,,,,,,,,,,41111700,,,,,,,,,,,,,,,,,,,,,,,,,,,,,,,,,,,,,,,,,,,
,,,,,,,,,,,72171-3/4-1W-UPC,4-1/2x4-1/2x2 2G Box,-- Unbranded --,-- No Unilog Brand --,Southwire,Southwire/g Turner (6603),"Southwire Company, LLC",Southwire®,,72171-3/4-1W-UPC,,,"Southwire Company, LLC Southwire, 72171-3/4-1W-UPC, 4-1/2 in x 4-1/2 in x 2 in",4-1/2IN X 4-1/2IN X 2IN,"Southwire® 72171-3/4-1W-UPC, 4-1/2 in x 4-1/2 in x 2 in","Southwire®, 4-1/2 in x 4-1/2 in x 2 in",", 4-1/2 in x 4-1/2 in x 2 in",,,,,,,,,,,,,,,,,,,,,,,,,,,,Wattage,,,Color Temperature,,,Bulb Shape,,,Base Type,,,Pack Quantity,,,Size,4-1/2 in x 4-1/2 in x 2 in,,,,,,,,,,,,,,,,,,,,,,,,,,,,,,,,,,,,,,,,,,,,,,,,,,,,,,,,,,,,,,,,,,,,,,,,,,,,,,,,,,,,,,,,,,,,,,,,,,,,,,,,,,,,,,,,,,,,,,,,,,,,,,,,,,,,,,,,,,,,,,,,,,,,,,,,,,,,,,,,,,,,,,,,,,,,,,,,,,,,
,,,,,,,,,,,5522-5EV,5522-5EV 2 Port Decor Plate,-- Unbranded --,-- No Unilog Brand --,-- No DIB Brand --,Cooper Wiring Devices (3560),,,,5522-5EV,,,"Decor Plate, 5522-5EV",DECOR PLATE 5522-5EV,5522-5EV Decor Plate,Decor Plate,Decor Plate,,,,,,,,,,,,,,,,,,,,,,,,,,,Decor Plate,Wattage,,,Color Temperature,,,Bulb Shape,,,Base Type,,,Pack Quantity,,,,,,,,,,,,,,,,,,,,,,,,,,,,,,,,,,,,,,,,,,,,,,,,,,,,,,,,,,,,,,,,,,,,,,,,,,,,,,,,,,,,,,,,,,,,,,,,,,,,,,,,,,,,,,,,,,,,,,,,,,,,,,,,,,,,,,,,,,,,,,,,,,,,,,,,,,,,,,,,,,,,,,,,,,,,,,,,,,,,,,,,
,,,,,,,Electrical,Controls,Lighting Controls,,AYCL-153PH-LA,AYCL-153PH-LA Lutron Dimmer LA,-- Unbranded --,-- No Unilog Brand --,-- No DIB Brand --,Fenton Bros Electric Inc (FENBR),,,,AYCL-153PH-LA,,Electrical>Wiring Devices>Lighting Controls,"Lutron Dimmer, AYCL-153PH-LA",LUTRON DIMMER,AYCL-153PH-LA Lutron Dimmer,Lutron Dimmer,Lutron Dimmer,,,,,,,,,,,,,,,,,,,,,,,,,,,Lutron Dimmer,Voltage Rating,,,Color,,,,,,,,,,,,,,,,,,,,,,,,,,,,,,,,,,,,,,,,,,,,,,,,,,,,,,,,,,,,,,,,,,,,,,,,,,,,,,,,,,,,,,,,,,,,,,,,,,,,,,,,,,,,,,,,,,,,,,,,,,,,,,,,,,,,,,,,,,,,,,,,,,,,,,39121500,,,,,,,,,,,,,,,,,,,,,,,,,,,,,,,,,,,,,,,,,,,
,,,,,,,Electrical,Controls,Lighting Controls,,AYCL-153PH-WH,AYCL-153PH-WH Lutron Dimmer Wh,-- Unbranded --,-- No Unilog Brand --,-- No DIB Brand --,Fenton Bros Electric Inc (FENBR),,,,AYCL-153PH-WH,,Electrical>Wiring Devices>Lighting Controls,"Lutron Dimmer, AYCL-153PH-WH, White",LUTRON DIMMER WH,"AYCL-153PH-WH Lutron Dimmer, White","Lutron Dimmer, White","Lutron Dimmer, White",,,,,,,,,,,,,,,,,,,,,,,,,,,Lutron Dimmer,Voltage Rating,,,Color,White,,,,,,,,,,,,,,,,,,,,,,,,,,,,,,,,,,,,,,,,,,,,,,,,,,,,,,,,,,,,,,,,,,,,,,,,,,,,,,,,,,,,,,,,,,,,,,,,,,,,,,,,,,,,,,,,,,,,,,,,,,,,,,,,,,,,,,,,,,,,,,,,,,,,,39121500,,,,,,,,,,,,,,,,,,,,,,,,,,,,,,,,,,,,,,,,,,,
,,,,,,,Electrical,Controls,Lighting Controls,,D23LP-R02-1RW,D23LPR021RW Plug In Dimmer Wh,-- Unbranded --,-- No Unilog Brand --,Leviton,Leviton Mfg Co (4927),"Leviton Manufacturing Co., Inc.",Leviton®,,D23LP-R02-1RW,,Electrical>Wiring Devices>Lighting Controls,"Leviton Manufacturing Co., Inc. Leviton, Dimmer, Plug In, D23LP-R02-1RW",DIMMER WH D23LP-R02-1RW,"Leviton® Plug In D23LP-R02-1RW Dimmer, White","Leviton® Dimmer, Plug In, White","Plug In Dimmer, White",,,,,,,,,,,,,,,,,,,,,,,,,,,Dimmer,Voltage Rating,,,Color,White,,Series,Plug In,,,,,,,,,,,,,,,,,,,,,,,,,,,,,,,,,,,,,,,,,,,,,,,,,,,,,,,,,,,,,,,,,,,,,,,,,,,,,,,,,,,,,,,,,,,,,,,,,,,,,,,,,,,,,,,,,,,,,,,,,,,,,,,,,,,,,,,,,,,,,,,,,,39121500,,,,,,,,,,,,,,,,,,,,,,,,,,,,,,,,,,,,,,,,,,,
,,,,,,,Electrical,Controls,Lighting Controls,,TNOCD002,TNOCD002 125V Outdooor Timer,-- Unbranded --,-- No Unilog Brand --,Prime,Prime Wire & Cable (3562),Prime,Prime,,TNOCD002,,Electrical>Wiring Devices>Lighting Controls,"Prime Prime, Timer, TNOCD002, 125 V",TIMER 125V TNOCD002,"Prime TNOCD002 Timer, 125 V","Prime Timer, 125 V","Timer, 125 V",,,,,,,,,,,,,,,,,,,,,,,,,,,Timer,Voltage Rating,125,V,Color,,,,,,,,,,,,,,,,,,,,,,,,,,,,,,,,,,,,,,,,,,,,,,,,,,,,,,,,,,,,,,,,,,,,,,,,,,,,,,,,,,,,,,,,,,,,,,,,,,,,,,,,,,,,,,,,,,,,,,,,,,,,,,,,,,,,,,,,,,,,,,,,,,,,,,39121500,,,,,,,,,,,,,,,,,,,,,,,,,,,,,,,,,,,,,,,,,,,
,,,,,,,Electrical,Controls,Lighting Controls,,TNDHD002,TNDHD002 125V 7Day Timer,-- Unbranded --,-- No Unilog Brand --,Prime,Prime Wire & Cable (3562),Prime,Prime,,TNDHD002,,Electrical>Wiring Devices>Lighting Controls,"Prime Prime, Timer, TNDHD002, 125 V",TIMER 125V TNDHD002,"Prime TNDHD002 Timer, 125 V","Prime Timer, 125 V","Timer, 125 V",,,,,,,,,,,,,,,,,,,,,,,,,,,Timer,Voltage Rating,125,V,Color,,,,,,,,,,,,,,,,,,,,,,,,,,,,,,,,,,,,,,,,,,,,,,,,,,,,,,,,,,,,,,,,,,,,,,,,,,,,,,,,,,,,,,,,,,,,,,,,,,,,,,,,,,,,,,,,,,,,,,,,,,,,,,,,,,,,,,,,,,,,,,,,,,,,,,39121500,,,,,,,,,,,,,,,,,,,,,,,,,,,,,,,,,,,,,,,,,,,
,,,,,,,Electrical,Controls,Lighting Controls,,TNIDP12,TNIDP12 125V Dig Indoor Timer,-- Unbranded --,-- No Unilog Brand --,Prime,Prime Wire & Cable (3562),Prime,Prime,,TNIDP12,,Electrical>Wiring Devices>Lighting Controls,"Prime Prime, Timer, Dig Indoor, TNIDP12, 125 V",TIMER 125V TNIDP12,"Prime Dig Indoor TNIDP12 Timer, 125 V","Prime Timer, Dig Indoor, 125 V","Dig Indoor Timer, 125 V",,,,,,,,,,,,,,,,,,,,,,,,,,,Timer,Voltage Rating,125,V,Color,,,Series,Dig Indoor,,,,,,,,,,,,,,,,,,,,,,,,,,,,,,,,,,,,,,,,,,,,,,,,,,,,,,,,,,,,,,,,,,,,,,,,,,,,,,,,,,,,,,,,,,,,,,,,,,,,,,,,,,,,,,,,,,,,,,,,,,,,,,,,,,,,,,,,,,,,,,,,,,39121500,,,,,,,,,,,,,,,,,,,,,,,,,,,,,,,,,,,,,,,,,,,
,,,,,,,Electrical,Controls,Lighting Controls,,TNIW24,TNIW24 125V 24hr Mech Timer,-- Unbranded --,-- No Unilog Brand --,Prime,Prime Wire & Cable (3562),Prime,Prime,,TNIW24,,Electrical>Wiring Devices>Lighting Controls,"Prime Prime, Timer, TNIW24, 125 V",TIMER 125V TNIW24,"Prime TNIW24 Timer, 125 V","Prime Timer, 125 V","Timer, 125 V",,,,,,,,,,,,,,,,,,,,,,,,,,,Timer,Voltage Rating,125,V,Color,,,,,,,,,,,,,,,,,,,,,,,,,,,,,,,,,,,,,,,,,,,,,,,,,,,,,,,,,,,,,,,,,,,,,,,,,,,,,,,,,,,,,,,,,,,,,,,,,,,,,,,,,,,,,,,,,,,,,,,,,,,,,,,,,,,,,,,,,,,,,,,,,,,,,,39121500,,,,,,,,,,,,,,,,,,,,,,,,,,,,,,,,,,,,,,,,,,,
,,,,,,,Electrical,Lighting,Light Fixtures,,65-1222,65-1222 1' Led Lt Multi CCT,-- Unbranded --,-- No Unilog Brand --,-- No DIB Brand --,Satco Prod Inc (5573),"Satco Products, Inc.",Satco®,,65-1222,,Electrical>Lighting & Bulbs>Light Fixtures,"Satco Products, Inc. Satco, Light, Led Lt CCT, 65-1222, 1 ft",LIGHT 1FT LED,"Satco® Led Lt CCT 65-1222 Light, 1 ft, LED","Satco® Light, Led Lt CCT, 1 ft, LED","Led Lt CCT Light, 1 ft, LED",,,,,,,,,,,,,,,,,,,,,,,,,,,Light,Size,1,ft,Series,Led Lt CCT,,Lamp Type,LED,,,,,,,,,,,,,,,,,,,,,,,,,,,,,,,,,,,,,,,,,,,,,,,,,,,,,,,,,,,,,,,,,,,,,,,,,,,,,,,,,,,,,,,,,,,,,,,,,,,,,,,,,,,,,,,,,,,,,,,,,,,,,,,,,,,,,,,,,,,,,,,,,,39111500,,,,,,,,,,,,,,,,,,,,,,,,,,,,,,,,,,,,,,,,,,,
,,,,,,,Electrical,Lighting,Light Fixtures,,65-1224,65-1224 4' Led Strip Light,-- Unbranded --,-- No Unilog Brand --,Satco,Satco Prod Inc (5573),"Satco Products, Inc.",Satco®,,65-1224,,Electrical>Lighting & Bulbs>Light Fixtures,"Satco Products, Inc. Satco, Light, Led Strip, 65-1224, 4 ft, LED",LIGHT 4FT LED,"Satco® Led Strip 65-1224 Light, 4 ft, LED","Satco® Light, Led Strip, 4 ft, LED","Led Strip Light, 4 ft, LED",,,,,,,,,,,,,,,,,,,,,,,,,,,Light,Size,4,ft,Series,Led Strip,,Lamp Type,LED,,,,,,,,,,,,,,,,,,,,,,,,,,,,,,,,,,,,,,,,,,,,,,,,,,,,,,,,,,,,,,,,,,,,,,,,,,,,,,,,,,,,,,,,,,,,,,,,,,,,,,,,,,,,,,,,,,,,,,,,,,,,,,,,,,,,,,,,,,,,,,,,,,39111500,,,,,,,,,,,,,,,,,,,,,,,,,,,,,,,,,,,,,,,,,,,
,,,,,,,Electrical,Lighting,Wall Lights,,45297BK,45297BK Kichler Wall Lt,-- Unbranded --,-- No Unilog Brand --,-- No DIB Brand --,Kichler Lighting (KICLI),Kichler Lighting LLC,Kichler®,,45297BK,,Electrical>Lighting & Bulbs>Wall Lighting,"Kichler Lighting LLC Kichler, Wall Light, Ext Lt, 45297BK",WALL LIGHT 45297BK,Kichler® Ext Lt 45297BK Wall Light,"Kichler® Wall Light, Ext Lt",Ext Lt Wall Light,,,,,,,,,,,,,,,,,,,,,,,,,,,Wall Light,Series,Ext Lt,,,,,,,,,,,,,,,,,,,,,,,,,,,,,,,,,,,,,,,,,,,,,,,,,,,,,,,,,,,,,,,,,,,,,,,,,,,,,,,,,,,,,,,,,,,,,,,,,,,,,,,,,,,,,,,,,,,,,,,,,,,,,,,,,,,,,,,,,,,,,,,,,,,,,,,,39111524,,,,,,,,,,,,,,,,,,,,,,,,,,,,,,,,,,,,,,,,,,,
,,,,,,,Electrical,Lighting,Wall Lights,,45573BK,45573BK Kichler Wall Light,-- Unbranded --,-- No Unilog Brand --,-- No DIB Brand --,Kichler Lighting (KICLI),Kichler Lighting LLC,Kichler®,,45573BK,,Electrical>Lighting & Bulbs>Wall Lighting,"Kichler Lighting LLC Kichler, Wall Light, 45573BK",WALL LIGHT 45573BK,Kichler® 45573BK Wall Light,Kichler® Wall Light,Wall Light,,,,,,,,,,,,,,,,,,,,,,,,,,,Wall Light,,,,,,,,,,,,,,,,,,,,,,,,,,,,,,,,,,,,,,,,,,,,,,,,,,,,,,,,,,,,,,,,,,,,,,,,,,,,,,,,,,,,,,,,,,,,,,,,,,,,,,,,,,,,,,,,,,,,,,,,,,,,,,,,,,,,,,,,,,,,,,,,,,,,,,,,,,39111524,,,,,,,,,,,,,,,,,,,,,,,,,,,,,,,,,,,,,,,,,,,
,,,,,,,Electrical,Lighting,Bath & Vanity Lights,,37418A,37418A Kichler Bath Light,-- Unbranded --,-- No Unilog Brand --,-- No DIB Brand --,Kichler Lighting (KICLI),Kichler Lighting LLC,Kichler®,,37418A,,Electrical>Lighting & Bulbs>Bath & Vanity Lighting,"Kichler Lighting LLC Kichler, Bath Light, 37418A",BATH LIGHT 37418A,Kichler® 37418A Bath Light,Kichler® Bath Light,Bath Light,,,,,,,,,,,,,,,,,,,,,,,,,,,Bath Light,,,,,,,,,,,,,,,,,,,,,,,,,,,,,,,,,,,,,,,,,,,,,,,,,,,,,,,,,,,,,,,,,,,,,,,,,,,,,,,,,,,,,,,,,,,,,,,,,,,,,,,,,,,,,,,,,,,,,,,,,,,,,,,,,,,,,,,,,,,,,,,,,,,,,,,,,,39111524,,,,,,,,,,,,,,,,,,,,,,,,,,,,,,,,,,,,,,,,,,,
,,,,,,,Electrical,Lighting,Bath & Vanity Lights,,37423A,37423A Kichler Bath Light,-- Unbranded --,-- No Unilog Brand --,-- No DIB Brand --,Kichler Lighting (KICLI),Kichler Lighting LLC,Kichler®,,37423A,,Electrical>Lighting & Bulbs>Bath & Vanity Lighting,"Kichler Lighting LLC Kichler, Bath Light, 37423A",BATH LIGHT 37423A,Kichler® 37423A Bath Light,Kichler® Bath Light,Bath Light,,,,,,,,,,,,,,,,,,,,,,,,,,,Bath Light,,,,,,,,,,,,,,,,,,,,,,,,,,,,,,,,,,,,,,,,,,,,,,,,,,,,,,,,,,,,,,,,,,,,,,,,,,,,,,,,,,,,,,,,,,,,,,,,,,,,,,,,,,,,,,,,,,,,,,,,,,,,,,,,,,,,,,,,,,,,,,,,,,,,,,,,,,39111524,,,,,,,,,,,,,,,,,,,,,,,,,,,,,,,,,,,,,,,,,,,
,,,,,,,Electrical,Lighting,Bath & Vanity Lights,,45496BKCLR,45496BKCLR Kichler Bath Light,-- Unbranded --,-- No Unilog Brand --,-- No DIB Brand --,Kichler Lighting (KICLI),Kichler Lighting LLC,Kichler®,,45496BKCLR,,Electrical>Lighting & Bulbs>Bath & Vanity Lighting,"Kichler Lighting LLC Kichler, Bath Light, 45496BKCLR",BATH LIGHT 45496BKCLR,Kichler® 45496BKCLR Bath Light,Kichler® Bath Light,Bath Light,,,,,,,,,,,,,,,,,,,,,,,,,,,Bath Light,,,,,,,,,,,,,,,,,,,,,,,,,,,,,,,,,,,,,,,,,,,,,,,,,,,,,,,,,,,,,,,,,,,,,,,,,,,,,,,,,,,,,,,,,,,,,,,,,,,,,,,,,,,,,,,,,,,,,,,,,,,,,,,,,,,,,,,,,,,,,,,,,,,,,,,,,,39111524,,,,,,,,,,,,,,,,,,,,,,,,,,,,,,,,,,,,,,,,,,,
,,,,,,,Electrical,Lighting,Wall Lights,,45973BK,45973BK Kichler Wall Light,-- Unbranded --,-- No Unilog Brand --,-- No DIB Brand --,Kichler Lighting (KICLI),Kichler Lighting LLC,Kichler®,,45973BK,,Electrical>Lighting & Bulbs>Wall Lighting,"Kichler Lighting LLC Kichler, Wall Light, 45973BK",WALL LIGHT 45973BK,Kichler® 45973BK Wall Light,Kichler® Wall Light,Wall Light,,,,,,,,,,,,,,,,,,,,,,,,,,,Wall Light,,,,,,,,,,,,,,,,,,,,,,,,,,,,,,,,,,,,,,,,,,,,,,,,,,,,,,,,,,,,,,,,,,,,,,,,,,,,,,,,,,,,,,,,,,,,,,,,,,,,,,,,,,,,,,,,,,,,,,,,,,,,,,,,,,,,,,,,,,,,,,,,,,,,,,,,,,39111524,,,,,,,,,,,,,,,,,,,,,,,,,,,,,,,,,,,,,,,,,,,
,,,,,,,Electrical,Lighting,Wall Lights,,55155BK,55155BK Kichler Wall Lt,-- Unbranded --,-- No Unilog Brand --,-- No DIB Brand --,Kichler Lighting (KICLI),Kichler Lighting LLC,Kichler®,,55155BK,,Electrical>Lighting & Bulbs>Wall Lighting,"Kichler Lighting LLC Kichler, Wall Light, Ext Lt, 55155BK",WALL LIGHT 55155BK,Kichler® Ext Lt 55155BK Wall Light,"Kichler® Wall Light, Ext Lt",Ext Lt Wall Light,,,,,,,,,,,,,,,,,,,,,,,,,,,Wall Light,Series,Ext Lt,,,,,,,,,,,,,,,,,,,,,,,,,,,,,,,,,,,,,,,,,,,,,,,,,,,,,,,,,,,,,,,,,,,,,,,,,,,,,,,,,,,,,,,,,,,,,,,,,,,,,,,,,,,,,,,,,,,,,,,,,,,,,,,,,,,,,,,,,,,,,,,,,,,,,,,,39111524,,,,,,,,,,,,,,,,,,,,,,,,,,,,,,,,,,,,,,,,,,,
,,,,,,,Electrical,Lighting,Wall Lights,,55157CPZ,55157CPZ Kichler Wall Light,-- Unbranded --,-- No Unilog Brand --,-- No DIB Brand --,Kichler Lighting (KICLI),Kichler Lighting LLC,Kichler®,,55157CPZ,,Electrical>Lighting & Bulbs>Wall Lighting,"Kichler Lighting LLC Kichler, Wall Light, 55157CPZ",WALL LIGHT 55157CPZ,Kichler® 55157CPZ Wall Light,Kichler® Wall Light,Wall Light,,,,,,,,,,,,,,,,,,,,,,,,,,,Wall Light,,,,,,,,,,,,,,,,,,,,,,,,,,,,,,,,,,,,,,,,,,,,,,,,,,,,,,,,,,,,,,,,,,,,,,,,,,,,,,,,,,,,,,,,,,,,,,,,,,,,,,,,,,,,,,,,,,,,,,,,,,,,,,,,,,,,,,,,,,,,,,,,,,,,,,,,,,39111524,,,,,,,,,,,,,,,,,,,,,,,,,,,,,,,,,,,,,,,,,,,
,,,,,,,Electrical,Lighting,Wall Lights,,55184BK,55184BK Kichler Wall Lt,-- Unbranded --,-- No Unilog Brand --,-- No DIB Brand --,Kichler Lighting (KICLI),Kichler Lighting LLC,Kichler®,,55184BK,,Electrical>Lighting & Bulbs>Wall Lighting,"Kichler Lighting LLC Kichler, Wall Light, Ext Lt, 55184BK",WALL LIGHT 55184BK,Kichler® Ext Lt 55184BK Wall Light,"Kichler® Wall Light, Ext Lt",Ext Lt Wall Light,,,,,,,,,,,,,,,,,,,,,,,,,,,Wall Light,Series,Ext Lt,,,,,,,,,,,,,,,,,,,,,,,,,,,,,,,,,,,,,,,,,,,,,,,,,,,,,,,,,,,,,,,,,,,,,,,,,,,,,,,,,,,,,,,,,,,,,,,,,,,,,,,,,,,,,,,,,,,,,,,,,,,,,,,,,,,,,,,,,,,,,,,,,,,,,,,,39111524,,,,,,,,,,,,,,,,,,,,,,,,,,,,,,,,,,,,,,,,,,,
,,,,,,,Electrical,Lighting,Wall Lights,,55185BK,55185BK Kichler Wall Lt,-- Unbranded --,-- No Unilog Brand --,-- No DIB Brand --,Kichler Lighting (KICLI),Kichler Lighting LLC,Kichler®,,55185BK,,Electrical>Lighting & Bulbs>Wall Lighting,"Kichler Lighting LLC Kichler, Wall Light, Ext Lt, 55185BK",WALL LIGHT 55185BK,Kichler® Ext Lt 55185BK Wall Light,"Kichler® Wall Light, Ext Lt",Ext Lt Wall Light,,,,,,,,,,,,,,,,,,,,,,,,,,,Wall Light,Series,Ext Lt,,,,,,,,,,,,,,,,,,,,,,,,,,,,,,,,,,,,,,,,,,,,,,,,,,,,,,,,,,,,,,,,,,,,,,,,,,,,,,,,,,,,,,,,,,,,,,,,,,,,,,,,,,,,,,,,,,,,,,,,,,,,,,,,,,,,,,,,,,,,,,,,,,,,,,,,39111524,,,,,,,,,,,,,,,,,,,,,,,,,,,,,,,,,,,,,,,,,,,
,,,,,,,Electrical,Lighting,Wall Lights,,55186CH,55186CH Kichler Wall Lt,-- Unbranded --,-- No Unilog Brand --,-- No DIB Brand --,Kichler Lighting (KICLI),Kichler Lighting LLC,Kichler®,,55186CH,,Electrical>Lighting & Bulbs>Wall Lighting,"Kichler Lighting LLC Kichler, Wall Light, Ext Lt, 55186CH",WALL LIGHT 55186CH,Kichler® Ext Lt 55186CH Wall Light,"Kichler® Wall Light, Ext Lt",Ext Lt Wall Light,,,,,,,,,,,,,,,,,,,,,,,,,,,Wall Light,Series,Ext Lt,,,,,,,,,,,,,,,,,,,,,,,,,,,,,,,,,,,,,,,,,,,,,,,,,,,,,,,,,,,,,,,,,,,,,,,,,,,,,,,,,,,,,,,,,,,,,,,,,,,,,,,,,,,,,,,,,,,,,,,,,,,,,,,,,,,,,,,,,,,,,,,,,,,,,,,,39111524,,,,,,,,,,,,,,,,,,,,,,,,,,,,,,,,,,,,,,,,,,,
,,,,,,,Electrical,Lighting,Wall Lights,,55210NI,55210NI Kichler Wall Light,-- Unbranded --,-- No Unilog Brand --,-- No DIB Brand --,Kichler Lighting (KICLI),Kichler Lighting LLC,Kichler®,,55210NI,,Electrical>Lighting & Bulbs>Wall Lighting,"Kichler Lighting LLC Kichler, Wall Light, 55210NI",WALL LIGHT 55210NI,Kichler® 55210NI Wall Light,Kichler® Wall Light,Wall Light,,,,,,,,,,,,,,,,,,,,,,,,,,,Wall Light,,,,,,,,,,,,,,,,,,,,,,,,,,,,,,,,,,,,,,,,,,,,,,,,,,,,,,,,,,,,,,,,,,,,,,,,,,,,,,,,,,,,,,,,,,,,,,,,,,,,,,,,,,,,,,,,,,,,,,,,,,,,,,,,,,,,,,,,,,,,,,,,,,,,,,,,,,39111524,,,,,,,,,,,,,,,,,,,,,,,,,,,,,,,,,,,,,,,,,,,
,,,,,,,Electrical,Lighting,Wall Lights,,55211BK,55211BK Kichler Wall Light,-- Unbranded --,-- No Unilog Brand --,-- No DIB Brand --,Kichler Lighting (KICLI),Kichler Lighting LLC,Kichler®,,55211BK,,Electrical>Lighting & Bulbs>Wall Lighting,"Kichler Lighting LLC Kichler, Wall Light, 55211BK",WALL LIGHT 55211BK,Kichler® 55211BK Wall Light,Kichler® Wall Light,Wall Light,,,,,,,,,,,,,,,,,,,,,,,,,,,Wall Light,,,,,,,,,,,,,,,,,,,,,,,,,,,,,,,,,,,,,,,,,,,,,,,,,,,,,,,,,,,,,,,,,,,,,,,,,,,,,,,,,,,,,,,,,,,,,,,,,,,,,,,,,,,,,,,,,,,,,,,,,,,,,,,,,,,,,,,,,,,,,,,,,,,,,,,,,,39111524,,,,,,,,,,,,,,,,,,,,,,,,,,,,,,,,,,,,,,,,,,,
,,,,,,,Electrical,Lighting,Wall Lights,,55211NI,55211NI Kichler Wall Light,-- Unbranded --,-- No Unilog Brand --,-- No DIB Brand --,Kichler Lighting (KICLI),Kichler Lighting LLC,Kichler®,,55211NI,,Electrical>Lighting & Bulbs>Wall Lighting,"Kichler Lighting LLC Kichler, Wall Light, 55211NI",WALL LIGHT 55211NI,Kichler® 55211NI Wall Light,Kichler® Wall Light,Wall Light,,,,,,,,,,,,,,,,,,,,,,,,,,,Wall Light,,,,,,,,,,,,,,,,,,,,,,,,,,,,,,,,,,,,,,,,,,,,,,,,,,,,,,,,,,,,,,,,,,,,,,,,,,,,,,,,,,,,,,,,,,,,,,,,,,,,,,,,,,,,,,,,,,,,,,,,,,,,,,,,,,,,,,,,,,,,,,,,,,,,,,,,,,39111524,,,,,,,,,,,,,,,,,,,,,,,,,,,,,,,,,,,,,,,,,,,
,,,,,,,Electrical,Lighting,Wall Lights,,55212NI,55212NI Kichler Wall Light,-- Unbranded --,-- No Unilog Brand --,-- No DIB Brand --,Kichler Lighting (KICLI),Kichler Lighting LLC,Kichler®,,55212NI,,Electrical>Lighting & Bulbs>Wall Lighting,"Kichler Lighting LLC Kichler, Wall Light, 55212NI",WALL LIGHT 55212NI,Kichler® 55212NI Wall Light,Kichler® Wall Light,Wall Light,,,,,,,,,,,,,,,,,,,,,,,,,,,Wall Light,,,,,,,,,,,,,,,,,,,,,,,,,,,,,,,,,,,,,,,,,,,,,,,,,,,,,,,,,,,,,,,,,,,,,,,,,,,,,,,,,,,,,,,,,,,,,,,,,,,,,,,,,,,,,,,,,,,,,,,,,,,,,,,,,,,,,,,,,,,,,,,,,,,,,,,,,,39111524,,,,,,,,,,,,,,,,,,,,,,,,,,,,,,,,,,,,,,,,,,,
,,,,,,,Electrical,Lighting,Wall Lights,,55226BKLFU,55226BKFLU Kichler Wall Lt,-- Unbranded --,-- No Unilog Brand --,-- No DIB Brand --,Kichler Lighting (KICLI),Kichler Lighting LLC,Kichler®,,55226BKLFU,,Electrical>Lighting & Bulbs>Wall Lighting,"Kichler Lighting LLC Kichler, Wall Light, 55226BKLFU",WALL LIGHT 55226BKLFU,Kichler® 55226BKLFU Wall Light,Kichler® Wall Light,Wall Light,,,,,,,,,,,,,,,,,,,,,,,,,,,Wall Light,,,,,,,,,,,,,,,,,,,,,,,,,,,,,,,,,,,,,,,,,,,,,,,,,,,,,,,,,,,,,,,,,,,,,,,,,,,,,,,,,,,,,,,,,,,,,,,,,,,,,,,,,,,,,,,,,,,,,,,,,,,,,,,,,,,,,,,,,,,,,,,,,,,,,,,,,,39111524,,,,,,,,,,,,,,,,,,,,,,,,,,,,,,,,,,,,,,,,,,,
,,,,,,,Electrical,Lighting,Wall Lights,,55239CPZLED,55239CPZLED Kichler Wall Lt,-- Unbranded --,-- No Unilog Brand --,-- No DIB Brand --,Kichler Lighting (KICLI),Kichler Lighting LLC,Kichler®,,55239CPZLED,,Electrical>Lighting & Bulbs>Wall Lighting,"Kichler Lighting LLC Kichler, Wall Light, Ext Lt, 55239CPZLED",WALL LIGHT 55239CPZLED,Kichler® Ext Lt 55239CPZLED Wall Light,"Kichler® Wall Light, Ext Lt",Ext Lt Wall Light,,,,,,,,,,,,,,,,,,,,,,,,,,,Wall Light,Series,Ext Lt,,,,,,,,,,,,,,,,,,,,,,,,,,,,,,,,,,,,,,,,,,,,,,,,,,,,,,,,,,,,,,,,,,,,,,,,,,,,,,,,,,,,,,,,,,,,,,,,,,,,,,,,,,,,,,,,,,,,,,,,,,,,,,,,,,,,,,,,,,,,,,,,,,,,,,,,39111524,,,,,,,,,,,,,,,,,,,,,,,,,,,,,,,,,,,,,,,,,,,
,,,,,,,Electrical,Lighting,Outdoor Lighting,,44072DBK,44072DBK Kichler Chandelier Lt,-- Unbranded --,-- No Unilog Brand --,-- No DIB Brand --,Kichler Lighting (KICLI),Kichler Lighting LLC,Kichler®,,44072DBK,,Electrical>Lighting & Bulbs>Outdoor Lighting,"Kichler Lighting LLC Kichler, Exterior Wall Light, Chandelier Lt, 44072DBK",EXTERIOR WALL LIGHT,Kichler® Chandelier Lt 44072DBK Exterior Wall Light,"Kichler® Exterior Wall Light, Chandelier Lt",Chandelier Lt Exterior Wall Light,,,,,,,,,,,,,,,,,,,,,,,,,,,Exterior Wall Light,Series,Chandelier Lt,,,,,,,,,,,,,,,,,,,,,,,,,,,,,,,,,,,,,,,,,,,,,,,,,,,,,,,,,,,,,,,,,,,,,,,,,,,,,,,,,,,,,,,,,,,,,,,,,,,,,,,,,,,,,,,,,,,,,,,,,,,,,,,,,,,,,,,,,,,,,,,,,,,,,,,,39111500,,,,,,,,,,,,,,,,,,,,,,,,,,,,,,,,,,,,,,,,,,,
,,,,,,,Electrical,Lighting,Outdoor Lighting,,44073NI,44073NI Kichler Chandelier Lt,-- Unbranded --,-- No Unilog Brand --,-- No DIB Brand --,Kichler Lighting (KICLI),Kichler Lighting LLC,Kichler®,,44073NI,,Electrical>Lighting & Bulbs>Outdoor Lighting,"Kichler Lighting LLC Kichler, Exterior Wall Light, Chandelier Lt, 44073NI",EXTERIOR WALL LIGHT,Kichler® Chandelier Lt 44073NI Exterior Wall Light,"Kichler® Exterior Wall Light, Chandelier Lt",Chandelier Lt Exterior Wall Light,,,,,,,,,,,,,,,,,,,,,,,,,,,Exterior Wall Light,Series,Chandelier Lt,,,,,,,,,,,,,,,,,,,,,,,,,,,,,,,,,,,,,,,,,,,,,,,,,,,,,,,,,,,,,,,,,,,,,,,,,,,,,,,,,,,,,,,,,,,,,,,,,,,,,,,,,,,,,,,,,,,,,,,,,,,,,,,,,,,,,,,,,,,,,,,,,,,,,,,,39111500,,,,,,,,,,,,,,,,,,,,,,,,,,,,,,,,,,,,,,,,,,,
,,,,,,,Electrical,Lighting,Outdoor Lighting,,52033BK,52033BK Kichler Chandelier Lt,-- Unbranded --,-- No Unilog Brand --,-- No DIB Brand --,Kichler Lighting (KICLI),Kichler Lighting LLC,Kichler®,,52033BK,,Electrical>Lighting & Bulbs>Outdoor Lighting,"Kichler Lighting LLC Kichler, Exterior Wall Light, Chandelier Lt, 52033BK",EXTERIOR WALL LIGHT,Kichler® Chandelier Lt 52033BK Exterior Wall Light,"Kichler® Exterior Wall Light, Chandelier Lt",Chandelier Lt Exterior Wall Light,,,,,,,,,,,,,,,,,,,,,,,,,,,Exterior Wall Light,Series,Chandelier Lt,,,,,,,,,,,,,,,,,,,,,,,,,,,,,,,,,,,,,,,,,,,,,,,,,,,,,,,,,,,,,,,,,,,,,,,,,,,,,,,,,,,,,,,,,,,,,,,,,,,,,,,,,,,,,,,,,,,,,,,,,,,,,,,,,,,,,,,,,,,,,,,,,,,,,,,,39111500,,,,,,,,,,,,,,,,,,,,,,,,,,,,,,,,,,,,,,,,,,,
,,,,,,,Electrical,Lighting,Outdoor Lighting,,84322WH,84322WH Kichler Chandelier Lt,-- Unbranded --,-- No Unilog Brand --,-- No DIB Brand --,Kichler Lighting (KICLI),Kichler Lighting LLC,Kichler®,,84322WH,,Electrical>Lighting & Bulbs>Outdoor Lighting,"Kichler Lighting LLC Kichler, Exterior Wall Light, Chandelier Lt, 84322WH",EXTERIOR WALL LIGHT,Kichler® Chandelier Lt 84322WH Exterior Wall Light,"Kichler® Exterior Wall Light, Chandelier Lt",Chandelier Lt Exterior Wall Light,,,,,,,,,,,,,,,,,,,,,,,,,,,Exterior Wall Light,Series,Chandelier Lt,,,,,,,,,,,,,,,,,,,,,,,,,,,,,,,,,,,,,,,,,,,,,,,,,,,,,,,,,,,,,,,,,,,,,,,,,,,,,,,,,,,,,,,,,,,,,,,,,,,,,,,,,,,,,,,,,,,,,,,,,,,,,,,,,,,,,,,,,,,,,,,,,,,,,,,,39111500,,,,,,,,,,,,,,,,,,,,,,,,,,,,,,,,,,,,,,,,,,,
,,,,,,,Electrical,Lighting,Outdoor Lighting,,52404BK,52404BK Kichler Chandelier Lt,-- Unbranded --,-- No Unilog Brand --,-- No DIB Brand --,Kichler Lighting (KICLI),Kichler Lighting LLC,Kichler®,,52404BK,,Electrical>Lighting & Bulbs>Outdoor Lighting,"Kichler Lighting LLC Kichler, Exterior Wall Light, Chandelier Lt, 52404BK",EXTERIOR WALL LIGHT,Kichler® Chandelier Lt 52404BK Exterior Wall Light,"Kichler® Exterior Wall Light, Chandelier Lt",Chandelier Lt Exterior Wall Light,,,,,,,,,,,,,,,,,,,,,,,,,,,Exterior Wall Light,Series,Chandelier Lt,,,,,,,,,,,,,,,,,,,,,,,,,,,,,,,,,,,,,,,,,,,,,,,,,,,,,,,,,,,,,,,,,,,,,,,,,,,,,,,,,,,,,,,,,,,,,,,,,,,,,,,,,,,,,,,,,,,,,,,,,,,,,,,,,,,,,,,,,,,,,,,,,,,,,,,,39111500,,,,,,,,,,,,,,,,,,,,,,,,,,,,,,,,,,,,,,,,,,,
,,,,,,,Electrical,Lighting,Outdoor Lighting,,34686A,34686A Kichler Chandelier Lt,-- Unbranded --,-- No Unilog Brand --,-- No DIB Brand --,Kichler Lighting (KICLI),Kichler Lighting LLC,Kichler®,,34686A,,Electrical>Lighting & Bulbs>Outdoor Lighting,"Kichler Lighting LLC Kichler, Exterior Wall Light, Chandelier Lt, 34686A",EXTERIOR WALL LIGHT,Kichler® Chandelier Lt 34686A Exterior Wall Light,"Kichler® Exterior Wall Light, Chandelier Lt",Chandelier Lt Exterior Wall Light,,,,,,,,,,,,,,,,,,,,,,,,,,,Exterior Wall Light,Series,Chandelier Lt,,,,,,,,,,,,,,,,,,,,,,,,,,,,,,,,,,,,,,,,,,,,,,,,,,,,,,,,,,,,,,,,,,,,,,,,,,,,,,,,,,,,,,,,,,,,,,,,,,,,,,,,,,,,,,,,,,,,,,,,,,,,,,,,,,,,,,,,,,,,,,,,,,,,,,,,39111500,,,,,,,,,,,,,,,,,,,,,,,,,,,,,,,,,,,,,,,,,,,
,,,,,,,Electrical,Lighting,Outdoor Lighting,,34687A,34687A Kichler Chandelier Lt,-- Unbranded --,-- No Unilog Brand --,-- No DIB Brand --,Kichler Lighting (KICLI),Kichler Lighting LLC,Kichler®,,34687A,,Electrical>Lighting & Bulbs>Outdoor Lighting,"Kichler Lighting LLC Kichler, Exterior Wall Light, Chandelier Lt, 34687A",EXTERIOR WALL LIGHT,Kichler® Chandelier Lt 34687A Exterior Wall Light,"Kichler® Exterior Wall Light, Chandelier Lt",Chandelier Lt Exterior Wall Light,,,,,,,,,,,,,,,,,,,,,,,,,,,Exterior Wall Light,Series,Chandelier Lt,,,,,,,,,,,,,,,,,,,,,,,,,,,,,,,,,,,,,,,,,,,,,,,,,,,,,,,,,,,,,,,,,,,,,,,,,,,,,,,,,,,,,,,,,,,,,,,,,,,,,,,,,,,,,,,,,,,,,,,,,,,,,,,,,,,,,,,,,,,,,,,,,,,,,,,,39111500,,,,,,,,,,,,,,,,,,,,,,,,,,,,,,,,,,,,,,,,,,,
,,,,,,,Electrical,Lighting,Outdoor Lighting,,34688A,34688A Kichler Chandelier Lt,-- Unbranded --,-- No Unilog Brand --,-- No DIB Brand --,-,Kichler Lighting LLC,Kichler®,,34688A,,Electrical>Lighting & Bulbs>Outdoor Lighting,"Kichler Lighting LLC Kichler, Exterior Wall Light, Chandelier Lt, 34688A",EXTERIOR WALL LIGHT,Kichler® Chandelier Lt 34688A Exterior Wall Light,"Kichler® Exterior Wall Light, Chandelier Lt",Chandelier Lt Exterior Wall Light,,,,,,,,,,,,,,,,,,,,,,,,,,,Exterior Wall Light,Series,Chandelier Lt,,,,,,,,,,,,,,,,,,,,,,,,,,,,,,,,,,,,,,,,,,,,,,,,,,,,,,,,,,,,,,,,,,,,,,,,,,,,,,,,,,,,,,,,,,,,,,,,,,,,,,,,,,,,,,,,,,,,,,,,,,,,,,,,,,,,,,,,,,,,,,,,,,,,,,,,39111500,,,,,,,,,,,,,,,,,,,,,,,,,,,,,,,,,,,,,,,,,,,
,,,,,,,Electrical,Lighting,Light Fixtures,,43671BKCLR,43671BKCLR Kichler Chand Lt,-- Unbranded --,-- No Unilog Brand --,-- No DIB Brand --,Kichler Lighting (KICLI),Kichler Lighting LLC,Kichler®,,43671BKCLR,,Electrical>Lighting & Bulbs>Light Fixtures,"Kichler Lighting LLC Kichler, Light, Chand Lt, 43671BKCLR",LIGHT 43671BKCLR,Kichler® Chand Lt 43671BKCLR Light,"Kichler® Light, Chand Lt",Chand Lt Light,,,,,,,,,,,,,,,,,,,,,,,,,,,Light,Size,,,Series,Chand Lt,,,,,,,,,,,,,,,,,,,,,,,,,,,,,,,,,,,,,,,,,,,,,,,,,,,,,,,,,,,,,,,,,,,,,,,,,,,,,,,,,,,,,,,,,,,,,,,,,,,,,,,,,,,,,,,,,,,,,,,,,,,,,,,,,,,,,,,,,,,,,,,,,,,,,39111500,,,,,,,,,,,,,,,,,,,,,,,,,,,,,,,,,,,,,,,,,,,
,,,,,,,Electrical,Lighting,Outdoor Lighting,,52616BK,52616BK Kichler Chandelier Lt,-- Unbranded --,-- No Unilog Brand --,-- No DIB Brand --,Kichler Lighting (KICLI),Kichler Lighting LLC,Kichler®,,52616BK,,Electrical>Lighting & Bulbs>Outdoor Lighting,"Kichler Lighting LLC Kichler, Exterior Wall Light, Chandelier Lt, 52616BK",EXTERIOR WALL LIGHT,Kichler® Chandelier Lt 52616BK Exterior Wall Light,"Kichler® Exterior Wall Light, Chandelier Lt",Chandelier Lt Exterior Wall Light,,,,,,,,,,,,,,,,,,,,,,,,,,,Exterior Wall Light,Series,Chandelier Lt,,,,,,,,,,,,,,,,,,,,,,,,,,,,,,,,,,,,,,,,,,,,,,,,,,,,,,,,,,,,,,,,,,,,,,,,,,,,,,,,,,,,,,,,,,,,,,,,,,,,,,,,,,,,,,,,,,,,,,,,,,,,,,,,,,,,,,,,,,,,,,,,,,,,,,,,39111500,,,,,,,,,,,,,,,,,,,,,,,,,,,,,,,,,,,,,,,,,,,
,,,,,,,Electrical,Lighting,Outdoor Lighting,,52616NI,52616NI Kichler Chandelier Lt,-- Unbranded --,-- No Unilog Brand --,-- No DIB Brand --,Kichler Lighting (KICLI),Kichler Lighting LLC,Kichler®,,52616NI,,Electrical>Lighting & Bulbs>Outdoor Lighting,"Kichler Lighting LLC Kichler, Exterior Wall Light, Chandelier Lt, 52616NI",EXTERIOR WALL LIGHT,Kichler® Chandelier Lt 52616NI Exterior Wall Light,"Kichler® Exterior Wall Light, Chandelier Lt",Chandelier Lt Exterior Wall Light,,,,,,,,,,,,,,,,,,,,,,,,,,,Exterior Wall Light,Series,Chandelier Lt,,,,,,,,,,,,,,,,,,,,,,,,,,,,,,,,,,,,,,,,,,,,,,,,,,,,,,,,,,,,,,,,,,,,,,,,,,,,,,,,,,,,,,,,,,,,,,,,,,,,,,,,,,,,,,,,,,,,,,,,,,,,,,,,,,,,,,,,,,,,,,,,,,,,,,,,39111500,,,,,,,,,,,,,,,,,,,,,,,,,,,,,,,,,,,,,,,,,,,
,,,,,,,Electrical,Lighting,Outdoor Lighting,,52678BK,52678BK Kichler Chandelier Lt,-- Unbranded --,-- No Unilog Brand --,-- No DIB Brand --,Kichler Lighting (KICLI),Kichler Lighting LLC,Kichler®,,52678BK,,Electrical>Lighting & Bulbs>Outdoor Lighting,"Kichler Lighting LLC Kichler, Exterior Wall Light, Chandelier Lt, 52678BK",EXTERIOR WALL LIGHT,Kichler® Chandelier Lt 52678BK Exterior Wall Light,"Kichler® Exterior Wall Light, Chandelier Lt",Chandelier Lt Exterior Wall Light,,,,,,,,,,,,,,,,,,,,,,,,,,,Exterior Wall Light,Series,Chandelier Lt,,,,,,,,,,,,,,,,,,,,,,,,,,,,,,,,,,,,,,,,,,,,,,,,,,,,,,,,,,,,,,,,,,,,,,,,,,,,,,,,,,,,,,,,,,,,,,,,,,,,,,,,,,,,,,,,,,,,,,,,,,,,,,,,,,,,,,,,,,,,,,,,,,,,,,,,39111500,,,,,,,,,,,,,,,,,,,,,,,,,,,,,,,,,,,,,,,,,,,
,,,,,,,Electrical,Lighting,Outdoor Lighting,,52680CPZ,52680CPZ Kichler Chandelier Lt,-- Unbranded --,-- No Unilog Brand --,-- No DIB Brand --,Kichler Lighting (KICLI),Kichler Lighting LLC,Kichler®,,52680CPZ,,Electrical>Lighting & Bulbs>Outdoor Lighting,"Kichler Lighting LLC Kichler, Exterior Wall Light, Chandelier Lt, 52680CPZ",EXTERIOR WALL LIGHT,Kichler® Chandelier Lt 52680CPZ Exterior Wall Light,"Kichler® Exterior Wall Light, Chandelier Lt",Chandelier Lt Exterior Wall Light,,,,,,,,,,,,,,,,,,,,,,,,,,,Exterior Wall Light,Series,Chandelier Lt,,,,,,,,,,,,,,,,,,,,,,,,,,,,,,,,,,,,,,,,,,,,,,,,,,,,,,,,,,,,,,,,,,,,,,,,,,,,,,,,,,,,,,,,,,,,,,,,,,,,,,,,,,,,,,,,,,,,,,,,,,,,,,,,,,,,,,,,,,,,,,,,,,,,,,,,39111500,,,,,,,,,,,,,,,,,,,,,,,,,,,,,,,,,,,,,,,,,,,
,,,,,,,Electrical,Lighting,Outdoor Lighting,,52772BK,52772BK Kichler Chandelier Lt,-- Unbranded --,-- No Unilog Brand --,-- No DIB Brand --,Kichler Lighting (KICLI),Kichler Lighting LLC,Kichler®,,52772BK,,Electrical>Lighting & Bulbs>Outdoor Lighting,"Kichler Lighting LLC Kichler, Exterior Wall Light, Chandelier Lt, 52772BK",EXTERIOR WALL LIGHT,Kichler® Chandelier Lt 52772BK Exterior Wall Light,"Kichler® Exterior Wall Light, Chandelier Lt",Chandelier Lt Exterior Wall Light,,,,,,,,,,,,,,,,,,,,,,,,,,,Exterior Wall Light,Series,Chandelier Lt,,,,,,,,,,,,,,,,,,,,,,,,,,,,,,,,,,,,,,,,,,,,,,,,,,,,,,,,,,,,,,,,,,,,,,,,,,,,,,,,,,,,,,,,,,,,,,,,,,,,,,,,,,,,,,,,,,,,,,,,,,,,,,,,,,,,,,,,,,,,,,,,,,,,,,,,39111500,,,,,,,,,,,,,,,,,,,,,,,,,,,,,,,,,,,,,,,,,,,
,,,,,,,Electrical,Lighting,Outdoor Lighting,,82399,82399 Kichler Chandelier Lt,-- Unbranded --,-- No Unilog Brand --,-- No DIB Brand --,Kichler Lighting (KICLI),Kichler Lighting LLC,Kichler®,,82399,,Electrical>Lighting & Bulbs>Outdoor Lighting,"Kichler Lighting LLC Kichler, Exterior Wall Light, Chandelier Lt, 82399",EXTERIOR WALL LIGHT,Kichler® Chandelier Lt 82399 Exterior Wall Light,"Kichler® Exterior Wall Light, Chandelier Lt",Chandelier Lt Exterior Wall Light,,,,,,,,,,,,,,,,,,,,,,,,,,,Exterior Wall Light,Series,Chandelier Lt,,,,,,,,,,,,,,,,,,,,,,,,,,,,,,,,,,,,,,,,,,,,,,,,,,,,,,,,,,,,,,,,,,,,,,,,,,,,,,,,,,,,,,,,,,,,,,,,,,,,,,,,,,,,,,,,,,,,,,,,,,,,,,,,,,,,,,,,,,,,,,,,,,,,,,,,39111500,,,,,,,,,,,,,,,,,,,,,,,,,,,,,,,,,,,,,,,,,,,
,,,,,,,Electrical,Lighting,Light Fixtures,,65-771R3,65-771R3 Nuvo Highbay Light,-- Unbranded --,-- No Unilog Brand --,-- No DIB Brand --,Satco Prod Inc (5573),"Satco Products, Inc.",Satco®,,65-771R3,,Electrical>Lighting & Bulbs>Light Fixtures,"Satco Products, Inc. Satco, Light, Nuvo Highbay, 65-771R3",LIGHT 65-771R3,Satco® Nuvo Highbay 65-771R3 Light,"Satco® Light, Nuvo Highbay",Nuvo Highbay Light,,,,,,,,,,,,,,,,,,,,,,,,,,,Light,Size,,,Series,Nuvo Highbay,,,,,,,,,,,,,,,,,,,,,,,,,,,,,,,,,,,,,,,,,,,,,,,,,,,,,,,,,,,,,,,,,,,,,,,,,,,,,,,,,,,,,,,,,,,,,,,,,,,,,,,,,,,,,,,,,,,,,,,,,,,,,,,,,,,,,,,,,,,,,,,,,,,,,39111500,,,,,,,,,,,,,,,,,,,,,,,,,,,,,,,,,,,,,,,,,,,
,,,,,,,Electrical,Lighting,Ceiling Lights,,42955BK,42955BK Kichler Ceiling Lt,-- Unbranded --,-- No Unilog Brand --,-- No DIB Brand --,Kichler Lighting (KICLI),Kichler Lighting LLC,Kichler®,,42955BK,,Electrical>Lighting & Bulbs>Ceiling Lighting,"Kichler Lighting LLC Kichler, Ceiling Light, 42955BK",CEILING LIGHT,Kichler® 42955BK Ceiling Light,Kichler® Ceiling Light,Ceiling Light,,,,,,,,,,,,,,,,,,,,,,,,,,,Ceiling Light,Size,,,Color,,,,,,,,,,,,,,,,,,,,,,,,,,,,,,,,,,,,,,,,,,,,,,,,,,,,,,,,,,,,,,,,,,,,,,,,,,,,,,,,,,,,,,,,,,,,,,,,,,,,,,,,,,,,,,,,,,,,,,,,,,,,,,,,,,,,,,,,,,,,,,,,,,,,,,39111524,,,,,,,,,,,,,,,,,,,,,,,,,,,,,,,,,,,,,,,,,,,
,,,,,,,Electrical,Lighting,Ceiling Lights,,42275BK,42275BK Kichler Ceiling Lt,-- Unbranded --,-- No Unilog Brand --,-- No DIB Brand --,Kichler Lighting (KICLI),Kichler Lighting LLC,Kichler®,,42275BK,,Electrical>Lighting & Bulbs>Ceiling Lighting,"Kichler Lighting LLC Kichler, Ceiling Light, 42275BK",CEILING LIGHT,Kichler® 42275BK Ceiling Light,Kichler® Ceiling Light,Ceiling Light,,,,,,,,,,,,,,,,,,,,,,,,,,,Ceiling Light,Size,,,Color,,,,,,,,,,,,,,,,,,,,,,,,,,,,,,,,,,,,,,,,,,,,,,,,,,,,,,,,,,,,,,,,,,,,,,,,,,,,,,,,,,,,,,,,,,,,,,,,,,,,,,,,,,,,,,,,,,,,,,,,,,,,,,,,,,,,,,,,,,,,,,,,,,,,,,39111524,,,,,,,,,,,,,,,,,,,,,,,,,,,,,,,,,,,,,,,,,,,
,,,,,,,Electrical,Lighting,Ceiling Lights,,62-1850,"62-1850 11"" Led Ceiling Light",-- Unbranded --,-- No Unilog Brand --,-- No DIB Brand --,Satco Prod Inc (5573),"Satco Products, Inc.",Satco®,,62-1850,,Electrical>Lighting & Bulbs>Ceiling Lighting,"Satco Products, Inc. Satco, Ceiling Light, 62-1850, 11 in, LED",CEILING LIGHT 11IN LED,"Satco® 62-1850 Ceiling Light, 11 in, LED","Satco® Ceiling Light, 11 in, LED","Ceiling Light, 11 in, LED",,,,,,,,,,,,,,,,,,,,,,,,,,,Ceiling Light,Size,11,in,Color,,,Lamp Type,LED,,,,,,,,,,,,,,,,,,,,,,,,,,,,,,,,,,,,,,,,,,,,,,,,,,,,,,,,,,,,,,,,,,,,,,,,,,,,,,,,,,,,,,,,,,,,,,,,,,,,,,,,,,,,,,,,,,,,,,,,,,,,,,,,,,,,,,,,,,,,,,,,,,39111524,,,,,,,,,,,,,,,,,,,,,,,,,,,,,,,,,,,,,,,,,,,
,,,,,,,Electrical,Lighting,Ceiling Lights,,62-1852,"62-1852 14"" Satco Led Ceiling Lt",-- Unbranded --,-- No Unilog Brand --,-- No DIB Brand --,Satco Prod Inc (5573),"Satco Products, Inc.",Satco®,,62-1852,,Electrical>Lighting & Bulbs>Ceiling Lighting,"Satco Products, Inc. Satco, Ceiling Light, Led Lt, 62-1852, 14 in",CEILING LIGHT 14IN LED,"Satco® Led Lt 62-1852 Ceiling Light, 14 in, LED","Satco® Ceiling Light, Led Lt, 14 in, LED","Led Lt Ceiling Light, 14 in, LED",,,,,,,,,,,,,,,,,,,,,,,,,,,Ceiling Light,Size,14,in,Color,,,Series,Led Lt,,Lamp Type,LED,,,,,,,,,,,,,,,,,,,,,,,,,,,,,,,,,,,,,,,,,,,,,,,,,,,,,,,,,,,,,,,,,,,,,,,,,,,,,,,,,,,,,,,,,,,,,,,,,,,,,,,,,,,,,,,,,,,,,,,,,,,,,,,,,,,,,,,,,,,,,,,39111524,,,,,,,,,,,,,,,,,,,,,,,,,,,,,,,,,,,,,,,,,,,
,,,,,,,Electrical,Lighting,Ceiling Lights,,62-1875,"62-1875 10"" Led Ceiling Lt Bn",-- Unbranded --,-- No Unilog Brand --,-- No DIB Brand --,Satco Prod Inc (5573),"Satco Products, Inc.",Satco®,,62-1875,,Electrical>Lighting & Bulbs>Ceiling Lighting,"Satco Products, Inc. Satco, Ceiling Light, Led Lt, 62-1875, 10 in",CEILING LIGHT BN 10IN LED,"Satco® Led Lt 62-1875 Ceiling Light, 10 in, Brushed Nickel, LED","Satco® Ceiling Light, Led Lt, 10 in, Brushed Nickel, LED","Led Lt Ceiling Light, 10 in, Brushed Nickel, LED",,,,,,,,,,,,,,,,,,,,,,,,,,,Ceiling Light,Size,10,in,Color,Brushed Nickel,,Series,Led Lt,,Lamp Type,LED,,,,,,,,,,,,,,,,,,,,,,,,,,,,,,,,,,,,,,,,,,,,,,,,,,,,,,,,,,,,,,,,,,,,,,,,,,,,,,,,,,,,,,,,,,,,,,,,,,,,,,,,,,,,,,,,,,,,,,,,,,,,,,,,,,,,,,,,,,,,,,,39111524,,,,,,,,,,,,,,,,,,,,,,,,,,,,,,,,,,,,,,,,,,,
,,,,,,,Electrical,Lighting,Ceiling Lights,,62-1876,"62-1876 13"" Satco Ceiling Light BN",-- Unbranded --,-- No Unilog Brand --,-- No DIB Brand --,Satco Prod Inc (5573),"Satco Products, Inc.",Satco®,,62-1876,,Electrical>Lighting & Bulbs>Ceiling Lighting,"Satco Products, Inc. Satco, Ceiling Light, 62-1876, 13 in, Brushed Nickel",CEILING LIGHT BN 13IN,"Satco® 62-1876 Ceiling Light, 13 in, Brushed Nickel","Satco® Ceiling Light, 13 in, Brushed Nickel","Ceiling Light, 13 in, Brushed Nickel",,,,,,,,,,,,,,,,,,,,,,,,,,,Ceiling Light,Size,13,in,Color,Brushed Nickel,,,,,,,,,,,,,,,,,,,,,,,,,,,,,,,,,,,,,,,,,,,,,,,,,,,,,,,,,,,,,,,,,,,,,,,,,,,,,,,,,,,,,,,,,,,,,,,,,,,,,,,,,,,,,,,,,,,,,,,,,,,,,,,,,,,,,,,,,,,,,,,,,,,,,39111524,,,,,,,,,,,,,,,,,,,,,,,,,,,,,,,,,,,,,,,,,,,
,,,,,,,Electrical,Lighting,Ceiling Lights,,42296BK,42296BK Kichler Ceiling Lt,-- Unbranded --,-- No Unilog Brand --,-- No DIB Brand --,Kichler Lighting (KICLI),Kichler Lighting LLC,Kichler®,,42296BK,,Electrical>Lighting & Bulbs>Ceiling Lighting,"Kichler Lighting LLC Kichler, Ceiling Light, 42296BK",CEILING LIGHT,Kichler® 42296BK Ceiling Light,Kichler® Ceiling Light,Ceiling Light,,,,,,,,,,,,,,,,,,,,,,,,,,,Ceiling Light,Size,,,Color,,,,,,,,,,,,,,,,,,,,,,,,,,,,,,,,,,,,,,,,,,,,,,,,,,,,,,,,,,,,,,,,,,,,,,,,,,,,,,,,,,,,,,,,,,,,,,,,,,,,,,,,,,,,,,,,,,,,,,,,,,,,,,,,,,,,,,,,,,,,,,,,,,,,,,39111524,,,,,,,,,,,,,,,,,,,,,,,,,,,,,,,,,,,,,,,,,,,
,,,,,,,Electrical,Lighting,Pendant Lights,,43913BK,43913BK Kichler Pendant Lt,-- Unbranded --,-- No Unilog Brand --,-- No DIB Brand --,Kichler Lighting (KICLI),Kichler Lighting LLC,Kichler®,,43913BK,,Electrical>Lighting & Bulbs>Pendant Lighting,"Kichler Lighting LLC Kichler, Pendant Light, 43913BK",PENDANT LIGHT,Kichler® 43913BK Pendant Light,Kichler® Pendant Light,Pendant Light,,,,,,,,,,,,,,,,,,,,,,,,,,,Pendant Light,,,,,,,,,,,,,,,,,,,,,,,,,,,,,,,,,,,,,,,,,,,,,,,,,,,,,,,,,,,,,,,,,,,,,,,,,,,,,,,,,,,,,,,,,,,,,,,,,,,,,,,,,,,,,,,,,,,,,,,,,,,,,,,,,,,,,,,,,,,,,,,,,,,,,,,,,,39111524,,,,,,,,,,,,,,,,,,,,,,,,,,,,,,,,,,,,,,,,,,,
,,,,,,,Electrical,Lighting,Security Lighting,,HLSMS9129FS1E,"HLSMS9129FS1E 9"" Motion Lt",-- Unbranded --,-- No Unilog Brand --,-- No DIB Brand --,Cooper Lighting (7638),,,,HLSMS9129FS1E,,Electrical>Lighting & Bulbs>Security Lighting,"Motion Light, HLSMS9129FS1E, 9 in",MOTION LIGHT 9IN,"HLSMS9129FS1E Motion Light, 9 in","Motion Light, 9 in","Motion Light, 9 in",,,,,,,,,,,,,,,,,,,,,,,,,,,Motion Light,Size,9,in,,,,,,,,,,,,,,,,,,,,,,,,,,,,,,,,,,,,,,,,,,,,,,,,,,,,,,,,,,,,,,,,,,,,,,,,,,,,,,,,,,,,,,,,,,,,,,,,,,,,,,,,,,,,,,,,,,,,,,,,,,,,,,,,,,,,,,,,,,,,,,,,,,,,,,,39111500,,,,,,,,,,,,,,,,,,,,,,,,,,,,,,,,,,,,,,,,,,,
,,,,,,,Building Materials,Sealants,Sealant Tape,,64-110,64-110 Satco Tape Light 16',-- Unbranded --,-- No Unilog Brand --,-- No DIB Brand --,Satco Prod Inc (5573),"Satco Products, Inc.",Satco®,,64-110,,Building Materials>Sealants & Adhesives>Sealant Tape,"Satco Products, Inc. Satco, Tape, 64-110, 16 ft",TAPE 16FT 64-110,"Satco® 64-110 Tape, 16 ft","Satco® Tape, 16 ft","Tape, 16 ft",,,,,,,,,,,,,,,,,,,,,,,,,,,Tape,Size,,,Size,16,ft,Fuel Type,,,,,,,,,,,,,,,,,,,,,,,,,,,,,,,,,,,,,,,,,,,,,,,,,,,,,,,,,,,,,,,,,,,,,,,,,,,,,,,,,,,,,,,,,,,,,,,,,,,,,,,,,,,,,,,,,,,,,,,,,,,,,,,,,,,,,,,,,,,,,,,,,,,31201500,,,,,,,,,,,,,,,,,,,,,,,,,,,,,,,,,,,,,,,,,,,
,,,,,,,Electrical,Lighting,Light Fixtures,,603571,603571 3' Strip Light Ext,-- Unbranded --,-- No Unilog Brand --,Wiz,Phillips Lighting (5831),Wiz,Wiz,,603571,,Electrical>Lighting & Bulbs>Light Fixtures,"Wiz Wiz, Light, Strip Ext, 603571, 3 ft",LIGHT 3FT 603571,"Wiz Strip Ext 603571 Light, 3 ft","Wiz Light, Strip Ext, 3 ft","Strip Ext Light, 3 ft",,,,,,,,,,,,,,,,,,,,,,,,,,,Light,Size,3,ft,Series,Strip Ext,,,,,,,,,,,,,,,,,,,,,,,,,,,,,,,,,,,,,,,,,,,,,,,,,,,,,,,,,,,,,,,,,,,,,,,,,,,,,,,,,,,,,,,,,,,,,,,,,,,,,,,,,,,,,,,,,,,,,,,,,,,,,,,,,,,,,,,,,,,,,,,,,,,,,39111500,,,,,,,,,,,,,,,,,,,,,,,,,,,,,,,,,,,,,,,,,,,
,,,,,,,Building Materials,Siding,Siding Panels,,65-572R1,65572 Satco 2x4 Led Flat Panel,-- Unbranded --,-- No Unilog Brand --,-- No DIB Brand --,Satco Prod Inc (5573),"Satco Products, Inc.",Satco®,,65-572R1,,Building Materials>Siding>Fiber Cement & Engineered Siding,"Satco Products, Inc. Satco, Panel, 65-572R1, 2 in x 4 in, LED",PANEL 2IN X 4IN LED,"Satco® 65-572R1 Panel, 2 in x 4 in, LED","Satco® Panel, 2 in x 4 in, LED","Panel, 2 in x 4 in, LED",,,,,,,,,,,,,,,,,,,,,,,,,,,Panel,Size,2 in x 4 in,,Lamp Type,LED,,,,,,,,,,,,,,,,,,,,,,,,,,,,,,,,,,,,,,,,,,,,,,,,,,,,,,,,,,,,,,,,,,,,,,,,,,,,,,,,,,,,,,,,,,,,,,,,,,,,,,,,,,,,,,,,,,,,,,,,,,,,,,,,,,,,,,,,,,,,,,,,,,,,,30151500,,,,,,,,,,,,,,,,,,,,,,,,,,,,,,,,,,,,,,,,,,,
,,,,,,,Electrical,Lighting,Pendant Lights,,52476AVI,52476AVI Kichler Pendant Lt,-- Unbranded --,-- No Unilog Brand --,-- No DIB Brand --,Kichler Lighting (KICLI),Kichler Lighting LLC,Kichler®,,52476AVI,,Electrical>Lighting & Bulbs>Pendant Lighting,"Kichler Lighting LLC Kichler, Pendant Light, 52476AVI",PENDANT LIGHT,Kichler® 52476AVI Pendant Light,Kichler® Pendant Light,Pendant Light,,,,,,,,,,,,,,,,,,,,,,,,,,,Pendant Light,,,,,,,,,,,,,,,,,,,,,,,,,,,,,,,,,,,,,,,,,,,,,,,,,,,,,,,,,,,,,,,,,,,,,,,,,,,,,,,,,,,,,,,,,,,,,,,,,,,,,,,,,,,,,,,,,,,,,,,,,,,,,,,,,,,,,,,,,,,,,,,,,,,,,,,,,,39111524,,,,,,,,,,,,,,,,,,,,,,,,,,,,,,,,,,,,,,,,,,,
,,,,,,,Electrical,Lighting,Pendant Lights,,42199BK,42199BK Kichler Pendant Lt,-- Unbranded --,-- No Unilog Brand --,-- No DIB Brand --,Kichler Lighting (KICLI),Kichler Lighting LLC,Kichler®,,42199BK,,Electrical>Lighting & Bulbs>Pendant Lighting,"Kichler Lighting LLC Kichler, Pendant Light, 42199BK",PENDANT LIGHT,Kichler® 42199BK Pendant Light,Kichler® Pendant Light,Pendant Light,,,,,,,,,,,,,,,,,,,,,,,,,,,Pendant Light,,,,,,,,,,,,,,,,,,,,,,,,,,,,,,,,,,,,,,,,,,,,,,,,,,,,,,,,,,,,,,,,,,,,,,,,,,,,,,,,,,,,,,,,,,,,,,,,,,,,,,,,,,,,,,,,,,,,,,,,,,,,,,,,,,,,,,,,,,,,,,,,,,,,,,,,,,39111524,,,,,,,,,,,,,,,,,,,,,,,,,,,,,,,,,,,,,,,,,,,
,,,,,,,Electrical,Lighting,Pendant Lights,,42199BKCS,42199BKCS Kichler Pendant Lt,-- Unbranded --,-- No Unilog Brand --,-- No DIB Brand --,Kichler Lighting (KICLI),Kichler Lighting LLC,Kichler®,,42199BKCS,,Electrical>Lighting & Bulbs>Pendant Lighting,"Kichler Lighting LLC Kichler, Pendant Light, 42199BKCS",PENDANT LIGHT,Kichler® 42199BKCS Pendant Light,Kichler® Pendant Light,Pendant Light,,,,,,,,,,,,,,,,,,,,,,,,,,,Pendant Light,,,,,,,,,,,,,,,,,,,,,,,,,,,,,,,,,,,,,,,,,,,,,,,,,,,,,,,,,,,,,,,,,,,,,,,,,,,,,,,,,,,,,,,,,,,,,,,,,,,,,,,,,,,,,,,,,,,,,,,,,,,,,,,,,,,,,,,,,,,,,,,,,,,,,,,,,,39111524,,,,,,,,,,,,,,,,,,,,,,,,,,,,,,,,,,,,,,,,,,,
,,,,,,,Electrical,Lighting,Pendant Lights,,42200BK,42200BK Kichler Pendant Lt,-- Unbranded --,-- No Unilog Brand --,-- No DIB Brand --,Kichler Lighting (KICLI),Kichler Lighting LLC,Kichler®,,42200BK,,Electrical>Lighting & Bulbs>Pendant Lighting,"Kichler Lighting LLC Kichler, Pendant Light, 42200BK",PENDANT LIGHT,Kichler® 42200BK Pendant Light,Kichler® Pendant Light,Pendant Light,,,,,,,,,,,,,,,,,,,,,,,,,,,Pendant Light,,,,,,,,,,,,,,,,,,,,,,,,,,,,,,,,,,,,,,,,,,,,,,,,,,,,,,,,,,,,,,,,,,,,,,,,,,,,,,,,,,,,,,,,,,,,,,,,,,,,,,,,,,,,,,,,,,,,,,,,,,,,,,,,,,,,,,,,,,,,,,,,,,,,,,,,,,39111524,,,,,,,,,,,,,,,,,,,,,,,,,,,,,,,,,,,,,,,,,,,
,,,,,,,Electrical,Lighting,Pendant Lights,,42200BKCS,42200BKCS Kichler Pendant Lt,-- Unbranded --,-- No Unilog Brand --,-- No DIB Brand --,Kichler Lighting (KICLI),Kichler Lighting LLC,Kichler®,,42200BKCS,,Electrical>Lighting & Bulbs>Pendant Lighting,"Kichler Lighting LLC Kichler, Pendant Light, 42200BKCS",PENDANT LIGHT,Kichler® 42200BKCS Pendant Light,Kichler® Pendant Light,Pendant Light,,,,,,,,,,,,,,,,,,,,,,,,,,,Pendant Light,,,,,,,,,,,,,,,,,,,,,,,,,,,,,,,,,,,,,,,,,,,,,,,,,,,,,,,,,,,,,,,,,,,,,,,,,,,,,,,,,,,,,,,,,,,,,,,,,,,,,,,,,,,,,,,,,,,,,,,,,,,,,,,,,,,,,,,,,,,,,,,,,,,,,,,,,,39111524,,,,,,,,,,,,,,,,,,,,,,,,,,,,,,,,,,,,,,,,,,,
,,,,,,,Electrical,Lighting,Pendant Lights,,43851BK,43851BK Kichler Pendant Lt,-- Unbranded --,-- No Unilog Brand --,-- No DIB Brand --,Kichler Lighting (KICLI),Kichler Lighting LLC,Kichler®,,43851BK,,Electrical>Lighting & Bulbs>Pendant Lighting,"Kichler Lighting LLC Kichler, Pendant Light, 43851BK",PENDANT LIGHT,Kichler® 43851BK Pendant Light,Kichler® Pendant Light,Pendant Light,,,,,,,,,,,,,,,,,,,,,,,,,,,Pendant Light,,,,,,,,,,,,,,,,,,,,,,,,,,,,,,,,,,,,,,,,,,,,,,,,,,,,,,,,,,,,,,,,,,,,,,,,,,,,,,,,,,,,,,,,,,,,,,,,,,,,,,,,,,,,,,,,,,,,,,,,,,,,,,,,,,,,,,,,,,,,,,,,,,,,,,,,,,39111524,,,,,,,,,,,,,,,,,,,,,,,,,,,,,,,,,,,,,,,,,,,
,,,,,,,Electrical,Lighting,Pendant Lights,,43852BK,43852BK Kichler Pendant Lt,-- Unbranded --,-- No Unilog Brand --,-- No DIB Brand --,Kichler Lighting (KICLI),Kichler Lighting LLC,Kichler®,,43852BK,,Electrical>Lighting & Bulbs>Pendant Lighting,"Kichler Lighting LLC Kichler, Pendant Light, 43852BK",PENDANT LIGHT,Kichler® 43852BK Pendant Light,Kichler® Pendant Light,Pendant Light,,,,,,,,,,,,,,,,,,,,,,,,,,,Pendant Light,,,,,,,,,,,,,,,,,,,,,,,,,,,,,,,,,,,,,,,,,,,,,,,,,,,,,,,,,,,,,,,,,,,,,,,,,,,,,,,,,,,,,,,,,,,,,,,,,,,,,,,,,,,,,,,,,,,,,,,,,,,,,,,,,,,,,,,,,,,,,,,,,,,,,,,,,,39111524,,,,,,,,,,,,,,,,,,,,,,,,,,,,,,,,,,,,,,,,,,,
,,,,,,,Electrical,Lighting,Pendant Lights,,43853BK,43853BK Kichler Pendant Lt,-- Unbranded --,-- No Unilog Brand --,-- No DIB Brand --,Kichler Lighting (KICLI),Kichler Lighting LLC,Kichler®,,43853BK,,Electrical>Lighting & Bulbs>Pendant Lighting,"Kichler Lighting LLC Kichler, Pendant Light, 43853BK",PENDANT LIGHT,Kichler® 43853BK Pendant Light,Kichler® Pendant Light,Pendant Light,,,,,,,,,,,,,,,,,,,,,,,,,,,Pendant Light,,,,,,,,,,,,,,,,,,,,,,,,,,,,,,,,,,,,,,,,,,,,,,,,,,,,,,,,,,,,,,,,,,,,,,,,,,,,,,,,,,,,,,,,,,,,,,,,,,,,,,,,,,,,,,,,,,,,,,,,,,,,,,,,,,,,,,,,,,,,,,,,,,,,,,,,,,39111524,,,,,,,,,,,,,,,,,,,,,,,,,,,,,,,,,,,,,,,,,,,
,,,,,,,Electrical,Lighting,Pendant Lights,,43905BK,43905BK Kichler Pendant Lt,-- Unbranded --,-- No Unilog Brand --,-- No DIB Brand --,Kichler Lighting (KICLI),Kichler Lighting LLC,Kichler®,,43905BK,,Electrical>Lighting & Bulbs>Pendant Lighting,"Kichler Lighting LLC Kichler, Pendant Light, 43905BK",PENDANT LIGHT,Kichler® 43905BK Pendant Light,Kichler® Pendant Light,Pendant Light,,,,,,,,,,,,,,,,,,,,,,,,,,,Pendant Light,,,,,,,,,,,,,,,,,,,,,,,,,,,,,,,,,,,,,,,,,,,,,,,,,,,,,,,,,,,,,,,,,,,,,,,,,,,,,,,,,,,,,,,,,,,,,,,,,,,,,,,,,,,,,,,,,,,,,,,,,,,,,,,,,,,,,,,,,,,,,,,,,,,,,,,,,,39111524,,,,,,,,,,,,,,,,,,,,,,,,,,,,,,,,,,,,,,,,,,,
,,,,,,,Electrical,Lighting,Pendant Lights,,43911BK,43911BK Kichler Pendant Lt,-- Unbranded --,-- No Unilog Brand --,-- No DIB Brand --,Kichler Lighting (KICLI),Kichler Lighting LLC,Kichler®,,43911BK,,Electrical>Lighting & Bulbs>Pendant Lighting,"Kichler Lighting LLC Kichler, Pendant Light, 43911BK",PENDANT LIGHT,Kichler® 43911BK Pendant Light,Kichler® Pendant Light,Pendant Light,,,,,,,,,,,,,,,,,,,,,,,,,,,Pendant Light,,,,,,,,,,,,,,,,,,,,,,,,,,,,,,,,,,,,,,,,,,,,,,,,,,,,,,,,,,,,,,,,,,,,,,,,,,,,,,,,,,,,,,,,,,,,,,,,,,,,,,,,,,,,,,,,,,,,,,,,,,,,,,,,,,,,,,,,,,,,,,,,,,,,,,,,,,39111524,,,,,,,,,,,,,,,,,,,,,,,,,,,,,,,,,,,,,,,,,,,
,,,,,,,Electrical,Lighting,Pendant Lights,,52529BK,52529BK Kichler Pendant Light,-- Unbranded --,-- No Unilog Brand --,-- No DIB Brand --,Kichler Lighting (KICLI),Kichler Lighting LLC,Kichler®,,52529BK,,Electrical>Lighting & Bulbs>Pendant Lighting,"Kichler Lighting LLC Kichler, Pendant Light, 52529BK",PENDANT LIGHT,Kichler® 52529BK Pendant Light,Kichler® Pendant Light,Pendant Light,,,,,,,,,,,,,,,,,,,,,,,,,,,Pendant Light,,,,,,,,,,,,,,,,,,,,,,,,,,,,,,,,,,,,,,,,,,,,,,,,,,,,,,,,,,,,,,,,,,,,,,,,,,,,,,,,,,,,,,,,,,,,,,,,,,,,,,,,,,,,,,,,,,,,,,,,,,,,,,,,,,,,,,,,,,,,,,,,,,,,,,,,,,39111524,,,,,,,,,,,,,,,,,,,,,,,,,,,,,,,,,,,,,,,,,,,
,,,,,,,Electrical,Lighting,Pendant Lights,,52662BKCLR,52662BKCLR Kichler Pendant Lt,-- Unbranded --,-- No Unilog Brand --,-- No DIB Brand --,Kichler Lighting (KICLI),Kichler Lighting LLC,Kichler®,,52662BKCLR,,Electrical>Lighting & Bulbs>Pendant Lighting,"Kichler Lighting LLC Kichler, Pendant Light, 52662BKCLR",PENDANT LIGHT,Kichler® 52662BKCLR Pendant Light,Kichler® Pendant Light,Pendant Light,,,,,,,,,,,,,,,,,,,,,,,,,,,Pendant Light,,,,,,,,,,,,,,,,,,,,,,,,,,,,,,,,,,,,,,,,,,,,,,,,,,,,,,,,,,,,,,,,,,,,,,,,,,,,,,,,,,,,,,,,,,,,,,,,,,,,,,,,,,,,,,,,,,,,,,,,,,,,,,,,,,,,,,,,,,,,,,,,,,,,,,,,,,39111524,,,,,,,,,,,,,,,,,,,,,,,,,,,,,,,,,,,,,,,,,,,
,,,,,,,Electrical,Lighting,Pendant Lights,,52734CPZ,52734CPZ Kichler Pendant Light,-- Unbranded --,-- No Unilog Brand --,-- No DIB Brand --,Kichler Lighting (KICLI),Kichler Lighting LLC,Kichler®,,52734CPZ,,Electrical>Lighting & Bulbs>Pendant Lighting,"Kichler Lighting LLC Kichler, Pendant Light, 52734CPZ",PENDANT LIGHT,Kichler® 52734CPZ Pendant Light,Kichler® Pendant Light,Pendant Light,,,,,,,,,,,,,,,,,,,,,,,,,,,Pendant Light,,,,,,,,,,,,,,,,,,,,,,,,,,,,,,,,,,,,,,,,,,,,,,,,,,,,,,,,,,,,,,,,,,,,,,,,,,,,,,,,,,,,,,,,,,,,,,,,,,,,,,,,,,,,,,,,,,,,,,,,,,,,,,,,,,,,,,,,,,,,,,,,,,,,,,,,,,39111524,,,,,,,,,,,,,,,,,,,,,,,,,,,,,,,,,,,,,,,,,,,
,,,,,,,Electrical,Lighting,Pendant Lights,,82400,82400 Kichler Pendant Lt,-- Unbranded --,-- No Unilog Brand --,-- No DIB Brand --,Kichler Lighting (KICLI),Kichler Lighting LLC,Kichler®,,82400,,Electrical>Lighting & Bulbs>Pendant Lighting,"Kichler Lighting LLC Kichler, Pendant Light, 82400",PENDANT LIGHT,Kichler® 82400 Pendant Light,Kichler® Pendant Light,Pendant Light,,,,,,,,,,,,,,,,,,,,,,,,,,,Pendant Light,,,,,,,,,,,,,,,,,,,,,,,,,,,,,,,,,,,,,,,,,,,,,,,,,,,,,,,,,,,,,,,,,,,,,,,,,,,,,,,,,,,,,,,,,,,,,,,,,,,,,,,,,,,,,,,,,,,,,,,,,,,,,,,,,,,,,,,,,,,,,,,,,,,,,,,,,,39111524,,,,,,,,,,,,,,,,,,,,,,,,,,,,,,,,,,,,,,,,,,,
,,,,,,,Electrical,Lighting,Light Fixtures,,S11606,"S11606 8"" Round Down Lt 30K",-- Unbranded --,-- No Unilog Brand --,-- No DIB Brand --,Satco Prod Inc (5573),"Satco Products, Inc.",Satco®,,S11606,,Electrical>Lighting & Bulbs>Light Fixtures,"Satco Products, Inc. Satco, Down Light, S11606, 8 in, 3000 K",DOWN LIGHT 3000K 8IN,"Satco® S11606 Down Light, 8 in, 3000 K","Satco® Down Light, 8 in, 3000 K","Down Light, 8 in, 3000 K",,,,,,,,,,,,,,,,,,,,,,,,,,,Down Light,Size,8,in,Color Temperature,3000,K,,,,,,,,,,,,,,,,,,,,,,,,,,,,,,,,,,,,,,,,,,,,,,,,,,,,,,,,,,,,,,,,,,,,,,,,,,,,,,,,,,,,,,,,,,,,,,,,,,,,,,,,,,,,,,,,,,,,,,,,,,,,,,,,,,,,,,,,,,,,,,,,,,,,39111500,,,,,,,,,,,,,,,,,,,,,,,,,,,,,,,,,,,,,,,,,,,
,,,,,,,Electrical,Lighting,Light Fixtures,,S11828,"S11828 8"" Led Down Light",-- Unbranded --,-- No Unilog Brand --,-- No DIB Brand --,Satco Prod Inc (5573),"Satco Products, Inc.",Satco®,,S11828,,Electrical>Lighting & Bulbs>Light Fixtures,"Satco Products, Inc. Satco, Down Light, S11828, 8 in, LED",DOWN LIGHT 8IN LED,"Satco® S11828 Down Light, 8 in, LED","Satco® Down Light, 8 in, LED","Down Light, 8 in, LED",,,,,,,,,,,,,,,,,,,,,,,,,,,Down Light,Size,8,in,Lamp Type,LED,,,,,,,,,,,,,,,,,,,,,,,,,,,,,,,,,,,,,,,,,,,,,,,,,,,,,,,,,,,,,,,,,,,,,,,,,,,,,,,,,,,,,,,,,,,,,,,,,,,,,,,,,,,,,,,,,,,,,,,,,,,,,,,,,,,,,,,,,,,,,,,,,,,,,39111500,,,,,,,,,,,,,,,,,,,,,,,,,,,,,,,,,,,,,,,,,,,
,,,,,,,,,,,801274,"801274 10w LED 6"" Retro 50k",-- Unbranded --,-- No Unilog Brand --,Philips,Phillips Lighting (5831),Signify Holding,Philips®,,801274,,,"Signify Holding Philips, Retro, 801274, 6 in, 10 W, 5000 K, LED",RETRO 10W 5000K 6IN LED,"Philips® 801274 Retro, 10 W, 5000 K, 6 in, LED","Philips® Retro, 10 W, 5000 K, 6 in, LED","Retro, 10 W, 5000 K, 6 in, LED",,,,,,,,,,,,,,,,,,,,,,,,,,,Retro,Wattage,10,W,Color Temperature,5000,K,Bulb Shape,,,Base Type,,,Pack Quantity,,,Size,6,in,Lamp Type,LED,,,,,,,,,,,,,,,,,,,,,,,,,,,,,,,,,,,,,,,,,,,,,,,,,,,,,,,,,,,,,,,,,,,,,,,,,,,,,,,,,,,,,,,,,,,,,,,,,,,,,,,,,,,,,,,,,,,,,,,,,,,,,,,,,,,,,,,,,,,,,,,,,,,,,,,,,,,,,,,,,,,,,,,,,,,,,,,,,
,,,,,,,Electrical,Lighting,Recessed Lighting,,S11860,"S11860 6"" Downlight White 5 CCT",-- Unbranded --,-- No Unilog Brand --,-- No DIB Brand --,Satco Prod Inc (5573),"Satco Products, Inc.",Satco®,,S11860,,Electrical>Lighting & Bulbs>Recessed Lighting,"Satco Products, Inc. Satco, Downlight, S11860, 6 in, White",DOWNLIGHT WH 6IN,"Satco® S11860 Downlight, 6 in, White","Satco® Downlight, 6 in, White","Downlight, 6 in, White",,,,,,,,,,,,,,,,,,,,,,,,,,,Downlight,Size,6,in,Color,White,,,,,,,,,,,,,,,,,,,,,,,,,,,,,,,,,,,,,,,,,,,,,,,,,,,,,,,,,,,,,,,,,,,,,,,,,,,,,,,,,,,,,,,,,,,,,,,,,,,,,,,,,,,,,,,,,,,,,,,,,,,,,,,,,,,,,,,,,,,,,,,,,,,,,39111524,,,,,,,,,,,,,,,,,,,,,,,,,,,,,,,,,,,,,,,,,,,
,,,,,,,Electrical,Lighting,Recessed Lighting,,S11562,"S11562 Starfish 6"" D/W Downlight",-- Unbranded --,-- No Unilog Brand --,-- No DIB Brand --,Satco Prod Inc (5573),"Satco Products, Inc.",Satco®,,S11562,,Electrical>Lighting & Bulbs>Recessed Lighting,"Satco Products, Inc. Satco, Downlight, S11562, 6 in",DOWNLIGHT 6IN,"Satco® S11562 Downlight, 6 in","Satco® Downlight, 6 in","Downlight, 6 in",,,,,,,,,,,,,,,,,,,,,,,,,,,Downlight,Size,6,in,Color,,,,,,,,,,,,,,,,,,,,,,,,,,,,,,,,,,,,,,,,,,,,,,,,,,,,,,,,,,,,,,,,,,,,,,,,,,,,,,,,,,,,,,,,,,,,,,,,,,,,,,,,,,,,,,,,,,,,,,,,,,,,,,,,,,,,,,,,,,,,,,,,,,,,,,39111524,,,,,,,,,,,,,,,,,,,,,,,,,,,,,,,,,,,,,,,,,,,
,,,,,,,Electrical,Lighting,Recessed Lighting,,S11646,"S11646 6"" Downlight Wh",-- Unbranded --,-- No Unilog Brand --,-- No DIB Brand --,Satco Prod Inc (5573),"Satco Products, Inc.",Satco®,,S11646,,Electrical>Lighting & Bulbs>Recessed Lighting,"Satco Products, Inc. Satco, Downlight, S11646, 6 in, White",DOWNLIGHT WH 6IN,"Satco® S11646 Downlight, 6 in, White","Satco® Downlight, 6 in, White","Downlight, 6 in, White",,,,,,,,,,,,,,,,,,,,,,,,,,,Downlight,Size,6,in,Color,White,,,,,,,,,,,,,,,,,,,,,,,,,,,,,,,,,,,,,,,,,,,,,,,,,,,,,,,,,,,,,,,,,,,,,,,,,,,,,,,,,,,,,,,,,,,,,,,,,,,,,,,,,,,,,,,,,,,,,,,,,,,,,,,,,,,,,,,,,,,,,,,,,,,,,39111524,,,,,,,,,,,,,,,,,,,,,,,,,,,,,,,,,,,,,,,,,,,
,,,,,,,Electrical,Lighting,Recessed Lighting,,S11801R1,"S11801R1 6"" Led Downlight Wh",-- Unbranded --,-- No Unilog Brand --,-- No DIB Brand --,Satco Prod Inc (5573),"Satco Products, Inc.",Satco®,,S11801R1,,Electrical>Lighting & Bulbs>Recessed Lighting,"Satco Products, Inc. Satco, Downlight, S11801R1, 6 in, LED, White",DOWNLIGHT WH 6IN LED,"Satco® S11801R1 Downlight, 6 in, White, LED","Satco® Downlight, 6 in, White, LED","Downlight, 6 in, White, LED",,,,,,,,,,,,,,,,,,,,,,,,,,,Downlight,Size,6,in,Color,White,,Lamp Type,LED,,,,,,,,,,,,,,,,,,,,,,,,,,,,,,,,,,,,,,,,,,,,,,,,,,,,,,,,,,,,,,,,,,,,,,,,,,,,,,,,,,,,,,,,,,,,,,,,,,,,,,,,,,,,,,,,,,,,,,,,,,,,,,,,,,,,,,,,,,,,,,,,,,39111524,,,,,,,,,,,,,,,,,,,,,,,,,,,,,,,,,,,,,,,,,,,
,,,,,,,Electrical,Lighting,Light Fixtures,,S11848,"S11848 10"" Down Light Wh",-- Unbranded --,-- No Unilog Brand --,-- No DIB Brand --,Satco Prod Inc (5573),"Satco Products, Inc.",Satco®,,S11848,,Electrical>Lighting & Bulbs>Light Fixtures,"Satco Products, Inc. Satco, Down Light, S11848, 10 in, White",DOWN LIGHT WH 10IN,"Satco® S11848 Down Light, 10 in, White","Satco® Down Light, 10 in, White","Down Light, 10 in, White",,,,,,,,,,,,,,,,,,,,,,,,,,,Down Light,Size,10,in,Color,White,,,,,,,,,,,,,,,,,,,,,,,,,,,,,,,,,,,,,,,,,,,,,,,,,,,,,,,,,,,,,,,,,,,,,,,,,,,,,,,,,,,,,,,,,,,,,,,,,,,,,,,,,,,,,,,,,,,,,,,,,,,,,,,,,,,,,,,,,,,,,,,,,,,,,39111500,,,,,,,,,,,,,,,,,,,,,,,,,,,,,,,,,,,,,,,,,,,
,,,,,,,Electrical,Lighting,Light Fixtures,,S11849,"S11849 12"" Down Light Wh",-- Unbranded --,-- No Unilog Brand --,-- No DIB Brand --,Satco Prod Inc (5573),"Satco Products, Inc.",Satco®,,S11849,,Electrical>Lighting & Bulbs>Light Fixtures,"Satco Products, Inc. Satco, Down Light, S11849, 12 in, White",DOWN LIGHT WH 12IN,"Satco® S11849 Down Light, 12 in, White","Satco® Down Light, 12 in, White","Down Light, 12 in, White",,,,,,,,,,,,,,,,,,,,,,,,,,,Down Light,Size,12,in,Color,White,,,,,,,,,,,,,,,,,,,,,,,,,,,,,,,,,,,,,,,,,,,,,,,,,,,,,,,,,,,,,,,,,,,,,,,,,,,,,,,,,,,,,,,,,,,,,,,,,,,,,,,,,,,,,,,,,,,,,,,,,,,,,,,,,,,,,,,,,,,,,,,,,,,,,39111500,,,,,,,,,,,,,,,,,,,,,,,,,,,,,,,,,,,,,,,,,,,
,,,,,,,Electrical,Lighting,Light Fixtures,,HLBSL609FS5,"HLBSL609FS5 6"" Down Light",-- Unbranded --,-- No Unilog Brand --,-- No DIB Brand --,Cooper Lighting (7638),,,,HLBSL609FS5,,Electrical>Lighting & Bulbs>Light Fixtures,"Down Light, HLBSL609FS5, 6 in",DOWN LIGHT 6IN,"HLBSL609FS5 Down Light, 6 in","Down Light, 6 in","Down Light, 6 in",,,,,,,,,,,,,,,,,,,,,,,,,,,Down Light,Size,6,in,,,,,,,,,,,,,,,,,,,,,,,,,,,,,,,,,,,,,,,,,,,,,,,,,,,,,,,,,,,,,,,,,,,,,,,,,,,,,,,,,,,,,,,,,,,,,,,,,,,,,,,,,,,,,,,,,,,,,,,,,,,,,,,,,,,,,,,,,,,,,,,,,,,,,,,39111500,,,,,,,,,,,,,,,,,,,,,,,,,,,,,,,,,,,,,,,,,,,
,,,,,,,Electrical,Lighting,Light Fixtures,,WF4REGSWW590CRIMW,"WF4REGSWW590CRIMW 4"" Down Light",-- Unbranded --,-- No Unilog Brand --,-- No DIB Brand --,Lithonia Lighting (2776),"Acuity Brands Lighting, Inc.",Lithonia Lighting®,,WF4REGSWW590CRIMW,,Electrical>Lighting & Bulbs>Light Fixtures,"Acuity Brands Lighting, Inc. Lithonia Lighting, Down Light, WF4REGSWW590CRIMW",DOWN LIGHT 4IN,"Lithonia Lighting® WF4REGSWW590CRIMW Down Light, 4 in","Lithonia Lighting® Down Light, 4 in","Down Light, 4 in",,,,,,,,,,,,,,,,,,,,,,,,,,,Down Light,Size,4,in,,,,,,,,,,,,,,,,,,,,,,,,,,,,,,,,,,,,,,,,,,,,,,,,,,,,,,,,,,,,,,,,,,,,,,,,,,,,,,,,,,,,,,,,,,,,,,,,,,,,,,,,,,,,,,,,,,,,,,,,,,,,,,,,,,,,,,,,,,,,,,,,,,,,,,,39111500,,,,,,,,,,,,,,,,,,,,,,,,,,,,,,,,,,,,,,,,,,,
,,,,,,,Electrical,Lighting,Ceiling Lights,,43849WH5CCT,43849WH5CCT Kichler Ceiling Lt,-- Unbranded --,-- No Unilog Brand --,-- No DIB Brand --,Kichler Lighting (KICLI),Kichler Lighting LLC,Kichler®,,43849WH5CCT,,Electrical>Lighting & Bulbs>Ceiling Lighting,"Kichler Lighting LLC Kichler, Ceiling Light, 43849WH5CCT",CEILING LIGHT,Kichler® 43849WH5CCT Ceiling Light,Kichler® Ceiling Light,Ceiling Light,,,,,,,,,,,,,,,,,,,,,,,,,,,Ceiling Light,Size,,,Color,,,,,,,,,,,,,,,,,,,,,,,,,,,,,,,,,,,,,,,,,,,,,,,,,,,,,,,,,,,,,,,,,,,,,,,,,,,,,,,,,,,,,,,,,,,,,,,,,,,,,,,,,,,,,,,,,,,,,,,,,,,,,,,,,,,,,,,,,,,,,,,,,,,,,,39111524,,,,,,,,,,,,,,,,,,,,,,,,,,,,,,,,,,,,,,,,,,,
,,,,,,,Electrical,Lighting,Ceiling Lights,,62-1777,"62-1777 15"" Ceiling Lt Wh",-- Unbranded --,-- No Unilog Brand --,-- No DIB Brand --,Satco Prod Inc (5573),"Satco Products, Inc.",Satco®,,62-1777,,Electrical>Lighting & Bulbs>Ceiling Lighting,"Satco Products, Inc. Satco, Ceiling Light, 62-1777, 15 in, White",CEILING LIGHT WH 15IN,"Satco® 62-1777 Ceiling Light, 15 in, White","Satco® Ceiling Light, 15 in, White","Ceiling Light, 15 in, White",,,,,,,,,,,,,,,,,,,,,,,,,,,Ceiling Light,Size,15,in,Color,White,,,,,,,,,,,,,,,,,,,,,,,,,,,,,,,,,,,,,,,,,,,,,,,,,,,,,,,,,,,,,,,,,,,,,,,,,,,,,,,,,,,,,,,,,,,,,,,,,,,,,,,,,,,,,,,,,,,,,,,,,,,,,,,,,,,,,,,,,,,,,,,,,,,,,39111524,,,,,,,,,,,,,,,,,,,,,,,,,,,,,,,,,,,,,,,,,,,
,,,,,,,Electrical,Lighting,Ceiling Lights,,62-1778,"62-1778 19"" Ceiling Lt Wh",-- Unbranded --,-- No Unilog Brand --,-- No DIB Brand --,Satco Prod Inc (5573),"Satco Products, Inc.",Satco®,,62-1778,,Electrical>Lighting & Bulbs>Ceiling Lighting,"Satco Products, Inc. Satco, Ceiling Light, 62-1778, 19 in, White",CEILING LIGHT WH 19IN,"Satco® 62-1778 Ceiling Light, 19 in, White","Satco® Ceiling Light, 19 in, White","Ceiling Light, 19 in, White",,,,,,,,,,,,,,,,,,,,,,,,,,,Ceiling Light,Size,19,in,Color,White,,,,,,,,,,,,,,,,,,,,,,,,,,,,,,,,,,,,,,,,,,,,,,,,,,,,,,,,,,,,,,,,,,,,,,,,,,,,,,,,,,,,,,,,,,,,,,,,,,,,,,,,,,,,,,,,,,,,,,,,,,,,,,,,,,,,,,,,,,,,,,,,,,,,,39111524,,,,,,,,,,,,,,,,,,,,,,,,,,,,,,,,,,,,,,,,,,,
,,,,,,,Electrical,Lighting,Ceiling Lights,,62-1784,62-1784 24x24 Led Ceiling Lt,-- Unbranded --,-- No Unilog Brand --,-- No DIB Brand --,Satco Prod Inc (5573),"Satco Products, Inc.",Satco®,,62-1784,,Electrical>Lighting & Bulbs>Ceiling Lighting,"Satco Products, Inc. Satco, Ceiling Light, Led Lt, 62-1784, 24 in x 24 in",CEILING LIGHT 24IN X 24IN LED,"Satco® Led Lt 62-1784 Ceiling Light, 24 in x 24 in, LED","Satco® Ceiling Light, Led Lt, 24 in x 24 in, LED","Led Lt Ceiling Light, 24 in x 24 in, LED",,,,,,,,,,,,,,,,,,,,,,,,,,,Ceiling Light,Size,,,Color,,,Series,Led Lt,,Size,24 in x 24 in,,Lamp Type,LED,,,,,,,,,,,,,,,,,,,,,,,,,,,,,,,,,,,,,,,,,,,,,,,,,,,,,,,,,,,,,,,,,,,,,,,,,,,,,,,,,,,,,,,,,,,,,,,,,,,,,,,,,,,,,,,,,,,,,,,,,,,,,,,,,,,,,,,,,,,,39111524,,,,,,,,,,,,,,,,,,,,,,,,,,,,,,,,,,,,,,,,,,,
,,,,,,,Electrical,Lighting,Ceiling Lights,,62-1787,"62-1787 15"" Ceiling Lt Bk",-- Unbranded --,-- No Unilog Brand --,-- No DIB Brand --,Satco Prod Inc (5573),"Satco Products, Inc.",Satco®,,62-1787,,Electrical>Lighting & Bulbs>Ceiling Lighting,"Satco Products, Inc. Satco, Ceiling Light, 62-1787, 15 in, Black",CEILING LIGHT BK 15IN,"Satco® 62-1787 Ceiling Light, 15 in, Black","Satco® Ceiling Light, 15 in, Black","Ceiling Light, 15 in, Black",,,,,,,,,,,,,,,,,,,,,,,,,,,Ceiling Light,Size,15,in,Color,Black,,,,,,,,,,,,,,,,,,,,,,,,,,,,,,,,,,,,,,,,,,,,,,,,,,,,,,,,,,,,,,,,,,,,,,,,,,,,,,,,,,,,,,,,,,,,,,,,,,,,,,,,,,,,,,,,,,,,,,,,,,,,,,,,,,,,,,,,,,,,,,,,,,,,,39111524,,,,,,,,,,,,,,,,,,,,,,,,,,,,,,,,,,,,,,,,,,,
,,,,,,,Electrical,Lighting,Ceiling Lights,,62-1788,"62-1788 19"" Ceiling Lt Bk",-- Unbranded --,-- No Unilog Brand --,-- No DIB Brand --,Satco Prod Inc (5573),"Satco Products, Inc.",Satco®,,62-1788,,Electrical>Lighting & Bulbs>Ceiling Lighting,"Satco Products, Inc. Satco, Ceiling Light, 62-1788, 19 in, Black",CEILING LIGHT BK 19IN,"Satco® 62-1788 Ceiling Light, 19 in, Black","Satco® Ceiling Light, 19 in, Black","Ceiling Light, 19 in, Black",,,,,,,,,,,,,,,,,,,,,,,,,,,Ceiling Light,Size,19,in,Color,Black,,,,,,,,,,,,,,,,,,,,,,,,,,,,,,,,,,,,,,,,,,,,,,,,,,,,,,,,,,,,,,,,,,,,,,,,,,,,,,,,,,,,,,,,,,,,,,,,,,,,,,,,,,,,,,,,,,,,,,,,,,,,,,,,,,,,,,,,,,,,,,,,,,,,,39111524,,,,,,,,,,,,,,,,,,,,,,,,,,,,,,,,,,,,,,,,,,,
,,,,,,,Electrical,Lighting,Light Fixtures,,SHOP/4X2/840/V1,4' Feit Shop Light 4500L 40k,-- Unbranded --,-- No Unilog Brand --,Feit Electric,Feit Electric (3468),"Feit Electric Company, Inc.",Feit Electric®,,SHOP/4X2/840/V1,,Electrical>Lighting & Bulbs>Light Fixtures,"Feit Electric Company, Inc. Feit Electric, Light, Feit Shop, SHOP/4X2/840/V1",LIGHT 4000K 4FT 4500LM,"Feit Electric® Shop SHOP/4X2/840/V1 Light, 4 ft, 4500 lm, 4000 K","Feit Electric® Light, Feit Shop, 4 ft, 4500 lm, 4000 K","Feit Shop Light, 4 ft, 4500 lm, 4000 K",,,,,,,,,,,,,,,,,,,,,,,,,,,Light,Size,4,ft,Series,Feit Shop,,Light Output,4500,lm,Color Temperature,4000,K,,,,,,,,,,,,,,,,,,,,,,,,,,,,,,,,,,,,,,,,,,,,,,,,,,,,,,,,,,,,,,,,,,,,,,,,,,,,,,,,,,,,,,,,,,,,,,,,,,,,,,,,,,,,,,,,,,,,,,,,,,,,,,,,,,,,,,,,,,,,,,39111500,,,,,,,,,,,,,,,,,,,,,,,,,,,,,,,,,,,,,,,,,,,
,,,,,,,Electrical,Lighting,Wall Lights,,45495BKCLR,45495BKCLR Kichler Wall Lt,-- Unbranded --,-- No Unilog Brand --,-- No DIB Brand --,Kichler Lighting (KICLI),Kichler Lighting LLC,Kichler®,,45495BKCLR,,Electrical>Lighting & Bulbs>Wall Lighting,"Kichler Lighting LLC Kichler, Wall Light, Ext Lt, 45495BKCLR",WALL LIGHT 45495BKCLR,Kichler® Ext Lt 45495BKCLR Wall Light,"Kichler® Wall Light, Ext Lt",Ext Lt Wall Light,,,,,,,,,,,,,,,,,,,,,,,,,,,Wall Light,Series,Ext Lt,,,,,,,,,,,,,,,,,,,,,,,,,,,,,,,,,,,,,,,,,,,,,,,,,,,,,,,,,,,,,,,,,,,,,,,,,,,,,,,,,,,,,,,,,,,,,,,,,,,,,,,,,,,,,,,,,,,,,,,,,,,,,,,,,,,,,,,,,,,,,,,,,,,,,,,,39111524,,,,,,,,,,,,,,,,,,,,,,,,,,,,,,,,,,,,,,,,,,,
,,,,,,,Electrical,Lighting,Wall Lights,,55209NI,55209NI Kichler Wall Sconce,-- Unbranded --,-- No Unilog Brand --,-- No DIB Brand --,Kichler Lighting (KICLI),Kichler Lighting LLC,Kichler®,,55209NI,,Electrical>Lighting & Bulbs>Wall Lighting,"Kichler Lighting LLC Kichler, Wall Sconce, 55209NI",WALL SCONCE 55209NI,Kichler® 55209NI Wall Sconce,Kichler® Wall Sconce,Wall Sconce,,,,,,,,,,,,,,,,,,,,,,,,,,,Wall Sconce,,,,,,,,,,,,,,,,,,,,,,,,,,,,,,,,,,,,,,,,,,,,,,,,,,,,,,,,,,,,,,,,,,,,,,,,,,,,,,,,,,,,,,,,,,,,,,,,,,,,,,,,,,,,,,,,,,,,,,,,,,,,,,,,,,,,,,,,,,,,,,,,,,,,,,,,,,39111524,,,,,,,,,,,,,,,,,,,,,,,,,,,,,,,,,,,,,,,,,,,
,,,,,,,Electrical,Lighting,Ceiling Lights,,65-1210,65-1210 2' LED Wrap Lt,-- Unbranded --,-- No Unilog Brand --,-- No DIB Brand --,Satco Prod Inc (5573),"Satco Products, Inc.",Satco®,,65-1210,,Electrical>Lighting & Bulbs>Ceiling Lighting,"Satco Products, Inc. Satco, Ceiling Light, LED Wrap Lt, 65-1210",CEILING LIGHT 2FT LED,"Satco® LED Wrap Lt 65-1210 Ceiling Light, 2 ft, LED","Satco® Ceiling Light, LED Wrap Lt, 2 ft, LED","LED Wrap Lt Ceiling Light, 2 ft, LED",,,,,,,,,,,,,,,,,,,,,,,,,,,Ceiling Light,Size,2,ft,Color,,,Series,LED Wrap Lt,,Lamp Type,LED,,,,,,,,,,,,,,,,,,,,,,,,,,,,,,,,,,,,,,,,,,,,,,,,,,,,,,,,,,,,,,,,,,,,,,,,,,,,,,,,,,,,,,,,,,,,,,,,,,,,,,,,,,,,,,,,,,,,,,,,,,,,,,,,,,,,,,,,,,,,,,,39111524,,,,,,,,,,,,,,,,,,,,,,,,,,,,,,,,,,,,,,,,,,,
,,,,,,,Electrical,Lighting,Light Fixtures,,65-1211,65-1211 4' Led Wrap Light,-- Unbranded --,-- No Unilog Brand --,-- No DIB Brand --,Satco Prod Inc (5573),"Satco Products, Inc.",Satco®,,65-1211,,Electrical>Lighting & Bulbs>Light Fixtures,"Satco Products, Inc. Satco, LED Wrap Light, 65-1211, 4 ft, LED",LED WRAP LIGHT 4FT LED,"Satco® 65-1211 LED Wrap Light, 4 ft, LED","Satco® LED Wrap Light, 4 ft, LED","LED Wrap Light, 4 ft, LED",,,,,,,,,,,,,,,,,,,,,,,,,,,LED Wrap Light,Size,4,ft,Lamp Type,LED,,,,,,,,,,,,,,,,,,,,,,,,,,,,,,,,,,,,,,,,,,,,,,,,,,,,,,,,,,,,,,,,,,,,,,,,,,,,,,,,,,,,,,,,,,,,,,,,,,,,,,,,,,,,,,,,,,,,,,,,,,,,,,,,,,,,,,,,,,,,,,,,,,,,,39111500,,,,,,,,,,,,,,,,,,,,,,,,,,,,,,,,,,,,,,,,,,,
,,,,,,,,,,,141465,"141465 15W Flor 18"" T12 27k",-- Unbranded --,-- No Unilog Brand --,Philips,Phillips Lighting (5831),Signify Holding,Philips®,,141465,,,"Signify Holding Philips, Flor, 141465, 18 in, 15 W, 2700 K, T12",FLOR 15W 2700K 18IN T12,"Philips® 141465 Flor, 15 W, 2700 K, 18 in, T12","Philips® Flor, 15 W, 2700 K, 18 in, T12","Flor, 15 W, 2700 K, 18 in, T12",,,,,,,,,,,,,,,,,,,,,,,,,,,Flor,Wattage,15,W,Color Temperature,2700,K,Bulb Shape,T12,,Base Type,,,Pack Quantity,,,Size,18,in,,,,,,,,,,,,,,,,,,,,,,,,,,,,,,,,,,,,,,,,,,,,,,,,,,,,,,,,,,,,,,,,,,,,,,,,,,,,,,,,,,,,,,,,,,,,,,,,,,,,,,,,,,,,,,,,,,,,,,,,,,,,,,,,,,,,,,,,,,,,,,,,,,,,,,,,,,,,,,,,,,,,,,,,,,,,,,,,,,,
,,,,,,,Electrical,Lighting,Light Bulbs,,391227,"391227 32W Led 12"" T9 30K",-- Unbranded --,-- No Unilog Brand --,Philips,Phillips Lighting (5831),Signify Holding,Philips®,,391227,,Electrical>Lighting & Bulbs>Light Bulbs,"Signify Holding Philips, Light Bulb, 391227, 12 in, 32 W, 3000 K",BULB 32W 3000K 12IN T9 LED,"Philips® 391227 Light Bulb, 32 W, T9, 12 in, 3000 K","Philips® Light Bulb, 32 W, T9, 12 in, 3000 K, LED","Light Bulb, 32 W, T9, 12 in, 3000 K",,,,,,,,,,,,,,,,,,,,,,,,,,,Light Bulb,Wattage,32,W,Color Temperature,3000,K,Bulb Shape,T9,,Pack Quantity,,,Size,12,in,Lamp Type,LED,,,,,,,,,,,,,,,,,,,,,,,,,,,,,,,,,,,,,,,,,,,,,,,,,,,,,,,,,,,,,,,,,,,,,,,,,,,,,,,,,,,,,,,,,,,,,,,,,,,,,,,,,,,,,,,,,,,,,,,,,,,,,,,,,,,,,,,,,39101600,,,,,,,,,,,,,,,,,,,,,,,,,,,,,,,,,,,,,,,,,,,
,,,,,,,,,,,392225,"392225 22W Flor 8"" T9 30k",-- Unbranded --,-- No Unilog Brand --,Philips,Phillips Lighting (5831),Signify Holding,Philips®,,392225,,,"Signify Holding Philips, Flor, 392225, 8 in, 22 W, 3000 K, T9",FLOR 22W 3000K 8IN T9,"Philips® 392225 Flor, 22 W, 3000 K, 8 in, T9","Philips® Flor, 22 W, 3000 K, 8 in, T9","Flor, 22 W, 3000 K, 8 in, T9",,,,,,,,,,,,,,,,,,,,,,,,,,,Flor,Wattage,22,W,Color Temperature,3000,K,Bulb Shape,T9,,Base Type,,,Pack Quantity,,,Size,8,in,,,,,,,,,,,,,,,,,,,,,,,,,,,,,,,,,,,,,,,,,,,,,,,,,,,,,,,,,,,,,,,,,,,,,,,,,,,,,,,,,,,,,,,,,,,,,,,,,,,,,,,,,,,,,,,,,,,,,,,,,,,,,,,,,,,,,,,,,,,,,,,,,,,,,,,,,,,,,,,,,,,,,,,,,,,,,,,,,,,
,,,,,,,,,,,S3539,S3539 20W Halogen Pin T4,-- Unbranded --,-- No Unilog Brand --,Satco,Satco Prod Inc (5573),"Satco Products, Inc.",Satco®,,S3539,,,"Satco Products, Inc. Satco, Pin, S3539, 20 W, Halogen, T4",PIN 20W T4 HALOGEN,"Satco® S3539 Pin, 20 W, Halogen, T4","Satco® Pin, 20 W, Halogen, T4","Pin, 20 W, Halogen, T4",,,,,,,,,,,,,,,,,,,,,,,,,,,Pin,Wattage,20,W,Color Temperature,,,Bulb Shape,T4,,Base Type,,,Pack Quantity,,,Lamp Type,Halogen,,,,,,,,,,,,,,,,,,,,,,,,,,,,,,,,,,,,,,,,,,,,,,,,,,,,,,,,,,,,,,,,,,,,,,,,,,,,,,,,,,,,,,,,,,,,,,,,,,,,,,,,,,,,,,,,,,,,,,,,,,,,,,,,,,,,,,,,,,,,,,,,,,,,,,,,,,,,,,,,,,,,,,,,,,,,,,,,,,,,
,,,,,,,Electrical,Lighting,Light Bulbs,,S3496,S3496 300W Halogen T3 Bulb,-- Unbranded --,-- No Unilog Brand --,Satco,Satco Prod Inc (5573),"Satco Products, Inc.",Satco®,,S3496,,Electrical>Lighting & Bulbs>Light Bulbs,"Satco Products, Inc. Satco, Bulb, S3496, 300 W, Halogen, T3",BULB 300W T3 HALOGEN,"Satco® S3496 Bulb, 300 W, T3, Halogen","Satco® Bulb, 300 W, T3, Halogen","Bulb, 300 W, T3, Halogen",,,,,,,,,,,,,,,,,,,,,,,,,,,Bulb,Wattage,300,W,Color Temperature,,,Bulb Shape,T3,,Pack Quantity,,,Lamp Type,Halogen,,,,,,,,,,,,,,,,,,,,,,,,,,,,,,,,,,,,,,,,,,,,,,,,,,,,,,,,,,,,,,,,,,,,,,,,,,,,,,,,,,,,,,,,,,,,,,,,,,,,,,,,,,,,,,,,,,,,,,,,,,,,,,,,,,,,,,,,,,,,39101600,,,,,,,,,,,,,,,,,,,,,,,,,,,,,,,,,,,,,,,,,,,
,,,,,,,,,,,467316,467316 150W Sodium Med 21k,-- Unbranded --,-- No Unilog Brand --,Philips,Phillips Lighting (5831),Signify Holding,Philips®,,467316,,,"Signify Holding Philips, Sodium, 467316, 150 W, 2100 K, Medium Base",SODIUM 150W 2100K MED,"Philips® 467316 Sodium, 150 W, 2100 K, Medium Base","Philips® Sodium, 150 W, 2100 K, Medium Base","Sodium, 150 W, 2100 K, Medium Base",,,,,,,,,,,,,,,,,,,,,,,,,,,Sodium,Wattage,150,W,Color Temperature,2100,K,Bulb Shape,,,Base Type,Medium Base,,Pack Quantity,,,,,,,,,,,,,,,,,,,,,,,,,,,,,,,,,,,,,,,,,,,,,,,,,,,,,,,,,,,,,,,,,,,,,,,,,,,,,,,,,,,,,,,,,,,,,,,,,,,,,,,,,,,,,,,,,,,,,,,,,,,,,,,,,,,,,,,,,,,,,,,,,,,,,,,,,,,,,,,,,,,,,,,,,,,,,,,,,,,,,,,,
,,,,,,,Electrical,Lighting,Light Bulbs,,S3709,S3709 25W Incan 27K,-- Unbranded --,-- No Unilog Brand --,Satco,Satco Prod Inc (5573),"Satco Products, Inc.",Satco®,,S3709,,Electrical>Lighting & Bulbs>Light Bulbs,"Satco Products, Inc. Satco, Light Bulb, S3709, 25 W, 2700 K",BULB 25W 2700K,"Satco® S3709 Light Bulb, 25 W, 2700 K","Satco® Light Bulb, 25 W, 2700 K","Light Bulb, 25 W, 2700 K",,,,,,,,,,,,,,,,,,,,,,,,,,,Light Bulb,Wattage,25,W,Color Temperature,2700,K,Bulb Shape,,,Pack Quantity,,,,,,,,,,,,,,,,,,,,,,,,,,,,,,,,,,,,,,,,,,,,,,,,,,,,,,,,,,,,,,,,,,,,,,,,,,,,,,,,,,,,,,,,,,,,,,,,,,,,,,,,,,,,,,,,,,,,,,,,,,,,,,,,,,,,,,,,,,,,,,,,39101600,,,,,,,,,,,,,,,,,,,,,,,,,,,,,,,,,,,,,,,,,,,
,,,,,,,Electrical,Lighting,Light Bulbs,,S4720,S4720 25W Incan 27K,-- Unbranded --,-- No Unilog Brand --,Satco,Satco Prod Inc (5573),"Satco Products, Inc.",Satco®,,S4720,,Electrical>Lighting & Bulbs>Light Bulbs,"Satco Products, Inc. Satco, Light Bulb, S4720, 25 W, 2700 K",BULB 25W 2700K,"Satco® S4720 Light Bulb, 25 W, 2700 K","Satco® Light Bulb, 25 W, 2700 K","Light Bulb, 25 W, 2700 K",,,,,,,,,,,,,,,,,,,,,,,,,,,Light Bulb,Wattage,25,W,Color Temperature,2700,K,Bulb Shape,,,Pack Quantity,,,,,,,,,,,,,,,,,,,,,,,,,,,,,,,,,,,,,,,,,,,,,,,,,,,,,,,,,,,,,,,,,,,,,,,,,,,,,,,,,,,,,,,,,,,,,,,,,,,,,,,,,,,,,,,,,,,,,,,,,,,,,,,,,,,,,,,,,,,,,,,,39101600,,,,,,,,,,,,,,,,,,,,,,,,,,,,,,,,,,,,,,,,,,,
,,,,,,,,,,,S3720,S3720 40w Inc A15 Med 26k,-- Unbranded --,-- No Unilog Brand --,Satco,Satco Prod Inc (5573),"Satco Products, Inc.",Satco®,,S3720,,,"Satco Products, Inc. Satco, Inc, S3720, 40 W, 2600 K, A15, Medium Base",INC 40W 2600K MED A15,"Satco® S3720 Inc, 40 W, 2600 K, Medium Base, A15","Satco® Inc, 40 W, 2600 K, Medium Base, A15","Inc, 40 W, 2600 K, Medium Base, A15",,,,,,,,,,,,,,,,,,,,,,,,,,,Inc,Wattage,40,W,Color Temperature,2600,K,Bulb Shape,A15,,Base Type,Medium Base,,Pack Quantity,,,,,,,,,,,,,,,,,,,,,,,,,,,,,,,,,,,,,,,,,,,,,,,,,,,,,,,,,,,,,,,,,,,,,,,,,,,,,,,,,,,,,,,,,,,,,,,,,,,,,,,,,,,,,,,,,,,,,,,,,,,,,,,,,,,,,,,,,,,,,,,,,,,,,,,,,,,,,,,,,,,,,,,,,,,,,,,,,,,,,,,,
,,,,,,,Electrical,Lighting,Light Bulbs,,S3702,S3702 40W Incan Med 27K,-- Unbranded --,-- No Unilog Brand --,Satco,Satco Prod Inc (5573),"Satco Products, Inc.",Satco®,,S3702,,Electrical>Lighting & Bulbs>Light Bulbs,"Satco Products, Inc. Satco, Light Bulb, S3702, 40 W, 2700 K, Medium Base",BULB 40W 2700K MED,"Satco® S3702 Light Bulb, 40 W, 2700 K, Medium Base","Satco® Light Bulb, 40 W, 2700 K, Medium Base","Light Bulb, 40 W, 2700 K, Medium Base",,,,,,,,,,,,,,,,,,,,,,,,,,,Light Bulb,Wattage,40,W,Color Temperature,2700,K,Bulb Shape,,,Pack Quantity,,,Base Type,Medium Base,,,,,,,,,,,,,,,,,,,,,,,,,,,,,,,,,,,,,,,,,,,,,,,,,,,,,,,,,,,,,,,,,,,,,,,,,,,,,,,,,,,,,,,,,,,,,,,,,,,,,,,,,,,,,,,,,,,,,,,,,,,,,,,,,,,,,,,,,,,,39101600,,,,,,,,,,,,,,,,,,,,,,,,,,,,,,,,,,,,,,,,,,,
,,,,,,,Electrical,Lighting,Light Bulbs,,S3703,S3703 40W Incan Med 27K,-- Unbranded --,-- No Unilog Brand --,Satco,Satco Prod Inc (5573),"Satco Products, Inc.",Satco®,,S3703,,Electrical>Lighting & Bulbs>Light Bulbs,"Satco Products, Inc. Satco, Light Bulb, S3703, 40 W, 2700 K, Medium Base",BULB 40W 2700K MED,"Satco® S3703 Light Bulb, 40 W, 2700 K, Medium Base","Satco® Light Bulb, 40 W, 2700 K, Medium Base","Light Bulb, 40 W, 2700 K, Medium Base",,,,,,,,,,,,,,,,,,,,,,,,,,,Light Bulb,Wattage,40,W,Color Temperature,2700,K,Bulb Shape,,,Pack Quantity,,,Base Type,Medium Base,,,,,,,,,,,,,,,,,,,,,,,,,,,,,,,,,,,,,,,,,,,,,,,,,,,,,,,,,,,,,,,,,,,,,,,,,,,,,,,,,,,,,,,,,,,,,,,,,,,,,,,,,,,,,,,,,,,,,,,,,,,,,,,,,,,,,,,,,,,,39101600,,,,,,,,,,,,,,,,,,,,,,,,,,,,,,,,,,,,,,,,,,,
,,,,,,,Electrical,Lighting,Light Bulbs,,S3797,S3797 4W Incan Cand 27K 2pk,-- Unbranded --,-- No Unilog Brand --,Satco,Satco Prod Inc (5573),"Satco Products, Inc.",Satco®,,S3797,,Electrical>Lighting & Bulbs>Light Bulbs,"Satco Products, Inc. Satco, Light Bulb, S3797, 4 W, 2700 K, Candelabra Base",BULB 4W 2700K 2 CAND,"Satco® S3797 Light Bulb, 4 W, 2700 K, Candelabra Base, 2","Satco® Light Bulb, 4 W, 2700 K, Candelabra Base, 2","Light Bulb, 4 W, 2700 K, Candelabra Base, 2",,,,,,,,,,,,,,,,,,,,,,,,,,,Light Bulb,Wattage,4,W,Color Temperature,2700,K,Bulb Shape,,,Pack Quantity,2,,Base Type,Candelabra Base,,,,,,,,,,,,,,,,,,,,,,,,,,,,,,,,,,,,,,,,,,,,,,,,,,,,,,,,,,,,,,,,,,,,,,,,,,,,,,,,,,,,,,,,,,,,,,,,,,,,,,,,,,,,,,,,,,,,,,,,,,,,,,,,,,,,,,,,,,,,39101600,,,,,,,,,,,,,,,,,,,,,,,,,,,,,,,,,,,,,,,,,,,
,,,,,,,Electrical,Lighting,Light Bulbs,,S4724,S4724 4W Incan Cand 27K 4pk,-- Unbranded --,-- No Unilog Brand --,Satco,Satco Prod Inc (5573),"Satco Products, Inc.",Satco®,,S4724,,Electrical>Lighting & Bulbs>Light Bulbs,"Satco Products, Inc. Satco, Light Bulb, S4724, 4 W, 2700 K, Candelabra Base",BULB 4W 2700K 4 CAND,"Satco® S4724 Light Bulb, 4 W, 2700 K, Candelabra Base, 4","Satco® Light Bulb, 4 W, 2700 K, Candelabra Base, 4","Light Bulb, 4 W, 2700 K, Candelabra Base, 4",,,,,,,,,,,,,,,,,,,,,,,,,,,Light Bulb,Wattage,4,W,Color Temperature,2700,K,Bulb Shape,,,Pack Quantity,4,,Base Type,Candelabra Base,,,,,,,,,,,,,,,,,,,,,,,,,,,,,,,,,,,,,,,,,,,,,,,,,,,,,,,,,,,,,,,,,,,,,,,,,,,,,,,,,,,,,,,,,,,,,,,,,,,,,,,,,,,,,,,,,,,,,,,,,,,,,,,,,,,,,,,,,,,,39101600,,,,,,,,,,,,,,,,,,,,,,,,,,,,,,,,,,,,,,,,,,,
,,,,,,,Electrical,Lighting,Light Bulbs,,S4717,S4717 6W Incan Cand 27k 2pk,-- Unbranded --,-- No Unilog Brand --,Satco,Satco Prod Inc (5573),"Satco Products, Inc.",Satco®,,S4717,,Electrical>Lighting & Bulbs>Light Bulbs,"Satco Products, Inc. Satco, Light Bulb, S4717, 6 W, 2700 K, Candelabra Base",BULB 6W 2700K 2 CAND,"Satco® S4717 Light Bulb, 6 W, 2700 K, Candelabra Base, 2","Satco® Light Bulb, 6 W, 2700 K, Candelabra Base, 2","Light Bulb, 6 W, 2700 K, Candelabra Base, 2",,,,,,,,,,,,,,,,,,,,,,,,,,,Light Bulb,Wattage,6,W,Color Temperature,2700,K,Bulb Shape,,,Pack Quantity,2,,Base Type,Candelabra Base,,,,,,,,,,,,,,,,,,,,,,,,,,,,,,,,,,,,,,,,,,,,,,,,,,,,,,,,,,,,,,,,,,,,,,,,,,,,,,,,,,,,,,,,,,,,,,,,,,,,,,,,,,,,,,,,,,,,,,,,,,,,,,,,,,,,,,,,,,,,39101600,,,,,,,,,,,,,,,,,,,,,,,,,,,,,,,,,,,,,,,,,,,
,,,,,,,Electrical,Lighting,Light Bulbs,,S3794,S3794 7W Incan Med 27K,-- Unbranded --,-- No Unilog Brand --,Satco,Satco Prod Inc (5573),"Satco Products, Inc.",Satco®,,S3794,,Electrical>Lighting & Bulbs>Light Bulbs,"Satco Products, Inc. Satco, Light Bulb, S3794, 7 W, 2700 K, Medium Base",BULB 7W 2700K MED,"Satco® S3794 Light Bulb, 7 W, 2700 K, Medium Base","Satco® Light Bulb, 7 W, 2700 K, Medium Base","Light Bulb, 7 W, 2700 K, Medium Base",,,,,,,,,,,,,,,,,,,,,,,,,,,Light Bulb,Wattage,7,W,Color Temperature,2700,K,Bulb Shape,,,Pack Quantity,,,Base Type,Medium Base,,,,,,,,,,,,,,,,,,,,,,,,,,,,,,,,,,,,,,,,,,,,,,,,,,,,,,,,,,,,,,,,,,,,,,,,,,,,,,,,,,,,,,,,,,,,,,,,,,,,,,,,,,,,,,,,,,,,,,,,,,,,,,,,,,,,,,,,,,,,39101600,,,,,,,,,,,,,,,,,,,,,,,,,,,,,,,,,,,,,,,,,,,
,,,,,,,Electrical,Lighting,Light Bulbs,,S3795,S3795 7W Incan Med 27K,-- Unbranded --,-- No Unilog Brand --,Satco,Satco Prod Inc (5573),"Satco Products, Inc.",Satco®,,S3795,,Electrical>Lighting & Bulbs>Light Bulbs,"Satco Products, Inc. Satco, Light Bulb, S3795, 7 W, 2700 K, Medium Base",BULB 7W 2700K MED,"Satco® S3795 Light Bulb, 7 W, 2700 K, Medium Base","Satco® Light Bulb, 7 W, 2700 K, Medium Base","Light Bulb, 7 W, 2700 K, Medium Base",,,,,,,,,,,,,,,,,,,,,,,,,,,Light Bulb,Wattage,7,W,Color Temperature,2700,K,Bulb Shape,,,Pack Quantity,,,Base Type,Medium Base,,,,,,,,,,,,,,,,,,,,,,,,,,,,,,,,,,,,,,,,,,,,,,,,,,,,,,,,,,,,,,,,,,,,,,,,,,,,,,,,,,,,,,,,,,,,,,,,,,,,,,,,,,,,,,,,,,,,,,,,,,,,,,,,,,,,,,,,,,,,39101600,,,,,,,,,,,,,,,,,,,,,,,,,,,,,,,,,,,,,,,,,,,
,,,,,,,Electrical,Lighting,Light Bulbs,,S4726,S4726 7W Incan Cand 27K 4pk,-- Unbranded --,-- No Unilog Brand --,Satco,Satco Prod Inc (5573),"Satco Products, Inc.",Satco®,,S4726,,Electrical>Lighting & Bulbs>Light Bulbs,"Satco Products, Inc. Satco, Light Bulb, S4726, 7 W, 2700 K, Candelabra Base",BULB 7W 2700K 4 CAND,"Satco® S4726 Light Bulb, 7 W, 2700 K, Candelabra Base, 4","Satco® Light Bulb, 7 W, 2700 K, Candelabra Base, 4","Light Bulb, 7 W, 2700 K, Candelabra Base, 4",,,,,,,,,,,,,,,,,,,,,,,,,,,Light Bulb,Wattage,7,W,Color Temperature,2700,K,Bulb Shape,,,Pack Quantity,4,,Base Type,Candelabra Base,,,,,,,,,,,,,,,,,,,,,,,,,,,,,,,,,,,,,,,,,,,,,,,,,,,,,,,,,,,,,,,,,,,,,,,,,,,,,,,,,,,,,,,,,,,,,,,,,,,,,,,,,,,,,,,,,,,,,,,,,,,,,,,,,,,,,,,,,,,,39101600,,,,,,,,,,,,,,,,,,,,,,,,,,,,,,,,,,,,,,,,,,,
,,,,,,,Electrical,Lighting,Light Bulbs,,S11429,S11429 60W Led Bulb 27K,-- Unbranded --,-- No Unilog Brand --,Satco,Satco Prod Inc (5573),"Satco Products, Inc.",Satco®,,S11429,,Electrical>Lighting & Bulbs>Light Bulbs,"Satco Products, Inc. Satco, LED Bulb, S11429, 60 W, 2700 K, LED",LED BULB 60W 2700K LED,"Satco® S11429 LED Bulb, 60 W, 2700 K, LED","Satco® LED Bulb, 60 W, 2700 K, LED","LED Bulb, 60 W, 2700 K, LED",,,,,,,,,,,,,,,,,,,,,,,,,,,LED Bulb,Wattage,60,W,Color Temperature,2700,K,Bulb Shape,,,Pack Quantity,,,Lamp Type,LED,,,,,,,,,,,,,,,,,,,,,,,,,,,,,,,,,,,,,,,,,,,,,,,,,,,,,,,,,,,,,,,,,,,,,,,,,,,,,,,,,,,,,,,,,,,,,,,,,,,,,,,,,,,,,,,,,,,,,,,,,,,,,,,,,,,,,,,,,,,,39101600,,,,,,,,,,,,,,,,,,,,,,,,,,,,,,,,,,,,,,,,,,,
,,,,,,,Electrical,Lighting,Light Bulbs,,S21354,S21354 8W Led T9 Med 27k,-- Unbranded --,-- No Unilog Brand --,-- No DIB Brand --,Satco Prod Inc (5573),"Satco Products, Inc.",Satco®,,S21354,,Electrical>Lighting & Bulbs>Light Bulbs,"Satco Products, Inc. Satco, Light Bulb, S21354, 8 W, 2700 K, LED",BULB 8W 2700K MED T9 LED,"Satco® S21354 Light Bulb, 8 W, T9, 2700 K, LED","Satco® Light Bulb, 8 W, T9, 2700 K, LED, Medium Base","Light Bulb, 8 W, T9, 2700 K, LED",,,,,,,,,,,,,,,,,,,,,,,,,,,Light Bulb,Wattage,8,W,Color Temperature,2700,K,Bulb Shape,T9,,Pack Quantity,,,Lamp Type,LED,,Base Type,Medium Base,,,,,,,,,,,,,,,,,,,,,,,,,,,,,,,,,,,,,,,,,,,,,,,,,,,,,,,,,,,,,,,,,,,,,,,,,,,,,,,,,,,,,,,,,,,,,,,,,,,,,,,,,,,,,,,,,,,,,,,,,,,,,,,,,,,,,,,,,39101600,,,,,,,,,,,,,,,,,,,,,,,,,,,,,,,,,,,,,,,,,,,
,,,,,,,,,,,S21363,S21363 8W Led Edison ST19 27K,-- Unbranded --,-- No Unilog Brand --,-- No DIB Brand --,Satco Prod Inc (5573),"Satco Products, Inc.",Satco®,,S21363,,,"Satco Products, Inc. Satco, Edison, S21363, 8 W, 2700 K, LED",EDISON 8W 2700K ST19 LED,"Satco® S21363 Edison, 8 W, 2700 K, LED, ST19","Satco® Edison, 8 W, 2700 K, LED, ST19","Edison, 8 W, 2700 K, LED, ST19",,,,,,,,,,,,,,,,,,,,,,,,,,,Edison,Wattage,8,W,Color Temperature,2700,K,Bulb Shape,ST19,,Base Type,,,Pack Quantity,,,Lamp Type,LED,,,,,,,,,,,,,,,,,,,,,,,,,,,,,,,,,,,,,,,,,,,,,,,,,,,,,,,,,,,,,,,,,,,,,,,,,,,,,,,,,,,,,,,,,,,,,,,,,,,,,,,,,,,,,,,,,,,,,,,,,,,,,,,,,,,,,,,,,,,,,,,,,,,,,,,,,,,,,,,,,,,,,,,,,,,,,,,,,,,,
,,,,,,,,,,,S11445,S11445 12W Led Med 30k Motion,-- Unbranded --,-- No Unilog Brand --,-- No DIB Brand --,Satco Prod Inc (5573),"Satco Products, Inc.",Satco®,,S11445,,,"Satco Products, Inc. Satco, Motion, S11445, 12 W, 3000 K, LED",MOTION 12W 3000K MED LED,"Satco® S11445 Motion, 12 W, 3000 K, Medium Base, LED","Satco® Motion, 12 W, 3000 K, Medium Base, LED","Motion, 12 W, 3000 K, Medium Base, LED",,,,,,,,,,,,,,,,,,,,,,,,,,,Motion,Wattage,12,W,Color Temperature,3000,K,Bulb Shape,,,Base Type,Medium Base,,Pack Quantity,,,Lamp Type,LED,,,,,,,,,,,,,,,,,,,,,,,,,,,,,,,,,,,,,,,,,,,,,,,,,,,,,,,,,,,,,,,,,,,,,,,,,,,,,,,,,,,,,,,,,,,,,,,,,,,,,,,,,,,,,,,,,,,,,,,,,,,,,,,,,,,,,,,,,,,,,,,,,,,,,,,,,,,,,,,,,,,,,,,,,,,,,,,,,,,,
,,,,,,,Electrical,Lighting,Light Bulbs,,567313,567313 50W Led MR16 30K 3pk,-- Unbranded --,-- No Unilog Brand --,Philips,Phillips Lighting (5831),Signify Holding,Philips®,,567313,,Electrical>Lighting & Bulbs>Light Bulbs,"Signify Holding Philips, Light Bulb, 567313, 50 W, 3000 K, LED",BULB 50W 3000K 3 MR16 LED,"Philips® 567313 Light Bulb, 50 W, MR16, 3000 K, LED","Philips® Light Bulb, 50 W, MR16, 3000 K, LED, 3","Light Bulb, 50 W, MR16, 3000 K, LED",,,,,,,,,,,,,,,,,,,,,,,,,,,Light Bulb,Wattage,50,W,Color Temperature,3000,K,Bulb Shape,MR16,,Pack Quantity,3,,Lamp Type,LED,,,,,,,,,,,,,,,,,,,,,,,,,,,,,,,,,,,,,,,,,,,,,,,,,,,,,,,,,,,,,,,,,,,,,,,,,,,,,,,,,,,,,,,,,,,,,,,,,,,,,,,,,,,,,,,,,,,,,,,,,,,,,,,,,,,,,,,,,,,,39101600,,,,,,,,,,,,,,,,,,,,,,,,,,,,,,,,,,,,,,,,,,,
,,,,,,,,,,,586875,586875 60W Led Multi CCT 4pk,-- Unbranded --,-- No Unilog Brand --,Philips,Phillips Lighting (5831),Signify Holding,Philips®,,586875,,,"Signify Holding Philips, Multi, Led CCT, 586875, 60 W, LED, 4",MULTI 60W 4 LED,"Philips® Led CCT 586875 Multi, 60 W, 4, LED","Philips® Multi, Led CCT, 60 W, 4, LED","Led CCT Multi, 60 W, 4, LED",,,,,,,,,,,,,,,,,,,,,,,,,,,Multi,Wattage,60,W,Color Temperature,,,Bulb Shape,,,Base Type,,,Pack Quantity,4,,Series,Led CCT,,Lamp Type,LED,,,,,,,,,,,,,,,,,,,,,,,,,,,,,,,,,,,,,,,,,,,,,,,,,,,,,,,,,,,,,,,,,,,,,,,,,,,,,,,,,,,,,,,,,,,,,,,,,,,,,,,,,,,,,,,,,,,,,,,,,,,,,,,,,,,,,,,,,,,,,,,,,,,,,,,,,,,,,,,,,,,,,,,,,,,,,,,,,
,,,,,,,Electrical,Lighting,Light Bulbs,,576355,576355 60/100/150 Led Med 50k,-- Unbranded --,-- No Unilog Brand --,Philips,Phillips Lighting (5831),Signify Holding,Philips®,,576355,,Electrical>Lighting & Bulbs>Light Bulbs,"Signify Holding Philips, Light Bulb, 576355, 5000 K, LED, Medium Base",BULB 5000K MED LED,"Philips® 576355 Light Bulb, 5000 K, LED, Medium Base","Philips® Light Bulb, 5000 K, LED, Medium Base","Light Bulb, 5000 K, LED, Medium Base",,,,,,,,,,,,,,,,,,,,,,,,,,,Light Bulb,Wattage,,,Color Temperature,5000,K,Bulb Shape,,,Pack Quantity,,,Lamp Type,LED,,Base Type,Medium Base,,,,,,,,,,,,,,,,,,,,,,,,,,,,,,,,,,,,,,,,,,,,,,,,,,,,,,,,,,,,,,,,,,,,,,,,,,,,,,,,,,,,,,,,,,,,,,,,,,,,,,,,,,,,,,,,,,,,,,,,,,,,,,,,,,,,,,,,,39101600,,,,,,,,,,,,,,,,,,,,,,,,,,,,,,,,,,,,,,,,,,,
,,,,,,,Electrical,Lighting,Light Bulbs,,576363,576363 100/150/200 Led Med 27k,-- Unbranded --,-- No Unilog Brand --,Philips,Phillips Lighting (5831),Signify Holding,Philips®,,576363,,Electrical>Lighting & Bulbs>Light Bulbs,"Signify Holding Philips, Light Bulb, 576363, 2700 K, LED, Medium Base",BULB 2700K MED LED,"Philips® 576363 Light Bulb, 2700 K, LED, Medium Base","Philips® Light Bulb, 2700 K, LED, Medium Base","Light Bulb, 2700 K, LED, Medium Base",,,,,,,,,,,,,,,,,,,,,,,,,,,Light Bulb,Wattage,,,Color Temperature,2700,K,Bulb Shape,,,Pack Quantity,,,Lamp Type,LED,,Base Type,Medium Base,,,,,,,,,,,,,,,,,,,,,,,,,,,,,,,,,,,,,,,,,,,,,,,,,,,,,,,,,,,,,,,,,,,,,,,,,,,,,,,,,,,,,,,,,,,,,,,,,,,,,,,,,,,,,,,,,,,,,,,,,,,,,,,,,,,,,,,,,39101600,,,,,,,,,,,,,,,,,,,,,,,,,,,,,,,,,,,,,,,,,,,
,,,,,,,Electrical,Lighting,Light Bulbs,,565374,565374 75W Led A19 Med 27k 4pk,-- Unbranded --,-- No Unilog Brand --,Philips,Phillips Lighting (5831),Signify Holding,Philips®,,565374,,Electrical>Lighting & Bulbs>Light Bulbs,"Signify Holding Philips, Light Bulb, 565374, 75 W, 2700 K, LED",BULB 75W 2700K 4 MED A19 LED,"Philips® 565374 Light Bulb, 75 W, A19, 2700 K, LED","Philips® Light Bulb, 75 W, A19, 2700 K, LED, Medium Base, 4","Light Bulb, 75 W, A19, 2700 K, LED",,,,,,,,,,,,,,,,,,,,,,,,,,,Light Bulb,Wattage,75,W,Color Temperature,2700,K,Bulb Shape,A19,,Pack Quantity,4,,Lamp Type,LED,,Base Type,Medium Base,,,,,,,,,,,,,,,,,,,,,,,,,,,,,,,,,,,,,,,,,,,,,,,,,,,,,,,,,,,,,,,,,,,,,,,,,,,,,,,,,,,,,,,,,,,,,,,,,,,,,,,,,,,,,,,,,,,,,,,,,,,,,,,,,,,,,,,,,39101600,,,,,,,,,,,,,,,,,,,,,,,,,,,,,,,,,,,,,,,,,,,
,,,,,,,Electrical,Lighting,Light Bulbs,,565390,565390 75W Led A19 Med 50k 4pk,-- Unbranded --,-- No Unilog Brand --,Philips,Phillips Lighting (5831),Signify Holding,Philips®,,565390,,Electrical>Lighting & Bulbs>Light Bulbs,"Signify Holding Philips, Light Bulb, 565390, 75 W, 5000 K, LED",BULB 75W 5000K 4 MED A19 LED,"Philips® 565390 Light Bulb, 75 W, A19, 5000 K, LED","Philips® Light Bulb, 75 W, A19, 5000 K, LED, Medium Base, 4","Light Bulb, 75 W, A19, 5000 K, LED",,,,,,,,,,,,,,,,,,,,,,,,,,,Light Bulb,Wattage,75,W,Color Temperature,5000,K,Bulb Shape,A19,,Pack Quantity,4,,Lamp Type,LED,,Base Type,Medium Base,,,,,,,,,,,,,,,,,,,,,,,,,,,,,,,,,,,,,,,,,,,,,,,,,,,,,,,,,,,,,,,,,,,,,,,,,,,,,,,,,,,,,,,,,,,,,,,,,,,,,,,,,,,,,,,,,,,,,,,,,,,,,,,,,,,,,,,,,39101600,,,,,,,,,,,,,,,,,,,,,,,,,,,,,,,,,,,,,,,,,,,
,,,,,,,Electrical,Lighting,Light Bulbs,,576371,576371 100/150/200 Led Med 50k,-- Unbranded --,-- No Unilog Brand --,Philips,Phillips Lighting (5831),Signify Holding,Philips®,,576371,,Electrical>Lighting & Bulbs>Light Bulbs,"Signify Holding Philips, Light Bulb, 576371, 5000 K, LED, Medium Base",BULB 5000K MED LED,"Philips® 576371 Light Bulb, 5000 K, LED, Medium Base","Philips® Light Bulb, 5000 K, LED, Medium Base","Light Bulb, 5000 K, LED, Medium Base",,,,,,,,,,,,,,,,,,,,,,,,,,,Light Bulb,Wattage,,,Color Temperature,5000,K,Bulb Shape,,,Pack Quantity,,,Lamp Type,LED,,Base Type,Medium Base,,,,,,,,,,,,,,,,,,,,,,,,,,,,,,,,,,,,,,,,,,,,,,,,,,,,,,,,,,,,,,,,,,,,,,,,,,,,,,,,,,,,,,,,,,,,,,,,,,,,,,,,,,,,,,,,,,,,,,,,,,,,,,,,,,,,,,,,,39101600,,,,,,,,,,,,,,,,,,,,,,,,,,,,,,,,,,,,,,,,,,,
,,,,,,,Electrical,Lighting,Light Bulbs,,576496,576496 45W Led R20 Med 27k,-- Unbranded --,-- No Unilog Brand --,Philips,Phillips Lighting (5831),Signify Holding,Philips®,,576496,,Electrical>Lighting & Bulbs>Light Bulbs,"Signify Holding Philips, Light Bulb, 576496, 45 W, 2700 K, LED",BULB 45W 2700K MED R20 LED,"Philips® 576496 Light Bulb, 45 W, R20, 2700 K, LED","Philips® Light Bulb, 45 W, R20, 2700 K, LED, Medium Base","Light Bulb, 45 W, R20, 2700 K, LED",,,,,,,,,,,,,,,,,,,,,,,,,,,Light Bulb,Wattage,45,W,Color Temperature,2700,K,Bulb Shape,R20,,Pack Quantity,,,Lamp Type,LED,,Base Type,Medium Base,,,,,,,,,,,,,,,,,,,,,,,,,,,,,,,,,,,,,,,,,,,,,,,,,,,,,,,,,,,,,,,,,,,,,,,,,,,,,,,,,,,,,,,,,,,,,,,,,,,,,,,,,,,,,,,,,,,,,,,,,,,,,,,,,,,,,,,,,39101600,,,,,,,,,,,,,,,,,,,,,,,,,,,,,,,,,,,,,,,,,,,
,,,,,,,Electrical,Lighting,Light Bulbs,,564856,564856 40W Led ST19 27k 2pk,-- Unbranded --,-- No Unilog Brand --,Philips,Phillips Lighting (5831),Signify Holding,Philips®,,564856,,Electrical>Lighting & Bulbs>Light Bulbs,"Signify Holding Philips, Light Bulb, 564856, 40 W, 2700 K, LED",BULB 40W 2700K 2 ST19 LED,"Philips® 564856 Light Bulb, 40 W, ST19, 2700 K, LED","Philips® Light Bulb, 40 W, ST19, 2700 K, LED, 2","Light Bulb, 40 W, ST19, 2700 K, LED",,,,,,,,,,,,,,,,,,,,,,,,,,,Light Bulb,Wattage,40,W,Color Temperature,2700,K,Bulb Shape,ST19,,Pack Quantity,2,,Lamp Type,LED,,,,,,,,,,,,,,,,,,,,,,,,,,,,,,,,,,,,,,,,,,,,,,,,,,,,,,,,,,,,,,,,,,,,,,,,,,,,,,,,,,,,,,,,,,,,,,,,,,,,,,,,,,,,,,,,,,,,,,,,,,,,,,,,,,,,,,,,,,,,39101600,,,,,,,,,,,,,,,,,,,,,,,,,,,,,,,,,,,,,,,,,,,
,,,,,,,Electrical,Lighting,Light Bulbs,,565796,565796 60W Led A19 Med 20k,-- Unbranded --,-- No Unilog Brand --,Philips,Phillips Lighting (5831),Signify Holding,Philips®,,565796,,Electrical>Lighting & Bulbs>Light Bulbs,"Signify Holding Philips, Light Bulb, 565796, 60 W, 2000 K, LED",BULB 60W 2000K MED A19 LED,"Philips® 565796 Light Bulb, 60 W, A19, 2000 K, LED","Philips® Light Bulb, 60 W, A19, 2000 K, LED, Medium Base","Light Bulb, 60 W, A19, 2000 K, LED",,,,,,,,,,,,,,,,,,,,,,,,,,,Light Bulb,Wattage,60,W,Color Temperature,2000,K,Bulb Shape,A19,,Pack Quantity,,,Lamp Type,LED,,Base Type,Medium Base,,,,,,,,,,,,,,,,,,,,,,,,,,,,,,,,,,,,,,,,,,,,,,,,,,,,,,,,,,,,,,,,,,,,,,,,,,,,,,,,,,,,,,,,,,,,,,,,,,,,,,,,,,,,,,,,,,,,,,,,,,,,,,,,,,,,,,,,,39101600,,,,,,,,,,,,,,,,,,,,,,,,,,,,,,,,,,,,,,,,,,,
,,,,,,,Electrical,Lighting,Light Bulbs,,576389,576389 100/200/300 Led Med 27k,-- Unbranded --,-- No Unilog Brand --,Philips,Phillips Lighting (5831),Signify Holding,Philips®,,576389,,Electrical>Lighting & Bulbs>Light Bulbs,"Signify Holding Philips, Light Bulb, 576389, 2700 K, LED, Medium Base",BULB 2700K MED LED,"Philips® 576389 Light Bulb, 2700 K, LED, Medium Base","Philips® Light Bulb, 2700 K, LED, Medium Base","Light Bulb, 2700 K, LED, Medium Base",,,,,,,,,,,,,,,,,,,,,,,,,,,Light Bulb,Wattage,,,Color Temperature,2700,K,Bulb Shape,,,Pack Quantity,,,Lamp Type,LED,,Base Type,Medium Base,,,,,,,,,,,,,,,,,,,,,,,,,,,,,,,,,,,,,,,,,,,,,,,,,,,,,,,,,,,,,,,,,,,,,,,,,,,,,,,,,,,,,,,,,,,,,,,,,,,,,,,,,,,,,,,,,,,,,,,,,,,,,,,,,,,,,,,,,39101600,,,,,,,,,,,,,,,,,,,,,,,,,,,,,,,,,,,,,,,,,,,
,,,,,,,,,,,564492,564492 75W Adj Base 27k 3pk,-- Unbranded --,-- No Unilog Brand --,Philips,Phillips Lighting (5831),Signify Holding,Philips®,,564492,,,"Signify Holding Philips, Adjustable Base, 564492, 75 W, 2700 K",ADJUSTABLE BASE 75W 2700K 3,"Philips® 564492 Adjustable Base, 75 W, 2700 K, 3","Philips® Adjustable Base, 75 W, 2700 K, 3","Adjustable Base, 75 W, 2700 K, 3",,,,,,,,,,,,,,,,,,,,,,,,,,,Adjustable Base,Wattage,75,W,Color Temperature,2700,K,Bulb Shape,,,Base Type,,,Pack Quantity,3,,,,,,,,,,,,,,,,,,,,,,,,,,,,,,,,,,,,,,,,,,,,,,,,,,,,,,,,,,,,,,,,,,,,,,,,,,,,,,,,,,,,,,,,,,,,,,,,,,,,,,,,,,,,,,,,,,,,,,,,,,,,,,,,,,,,,,,,,,,,,,,,,,,,,,,,,,,,,,,,,,,,,,,,,,,,,,,,,,,,,,,
,,,,,,,Electrical,Lighting,Light Bulbs,,603449,603449 Wiz 60W Led Med Clr Ch,-- Unbranded --,-- No Unilog Brand --,Wiz,Phillips Lighting (5831),Wiz,Wiz,,603449,,Electrical>Lighting & Bulbs>Light Bulbs,"Wiz Wiz, Light Bulb, Led Ch, 603449, 60 W, LED, Medium Base, Clear",BULB CLEAR 60W MED LED,"Wiz Led Ch 603449 Light Bulb, 60 W, LED, Medium Base, Clear","Wiz Light Bulb, Led Ch, 60 W, LED, Medium Base, Clear","Led Ch Light Bulb, 60 W, LED, Medium Base, Clear",,,,,,,,,,,,,,,,,,,,,,,,,,,Light Bulb,Wattage,60,W,Color Temperature,,,Bulb Shape,,,Pack Quantity,,,Series,Led Ch,,Lamp Type,LED,,Base Type,Medium Base,,Color,Clear,,,,,,,,,,,,,,,,,,,,,,,,,,,,,,,,,,,,,,,,,,,,,,,,,,,,,,,,,,,,,,,,,,,,,,,,,,,,,,,,,,,,,,,,,,,,,,,,,,,,,,,,,,,,,,,,,,,,,,,,,,,,,,,,,,,39101600,,,,,,,,,,,,,,,,,,,,,,,,,,,,,,,,,,,,,,,,,,,
,,,,,,,Electrical,Lighting,Light Bulbs,,586909,586909 Led 60W Med A19 27K,-- Unbranded --,-- No Unilog Brand --,Philips,Phillips Lighting (5831),Signify Holding,Philips®,,586909,,Electrical>Lighting & Bulbs>Light Bulbs,"Signify Holding Philips, Light Bulb, 586909, 60 W, 2700 K, LED",BULB 60W 2700K MED A19 LED,"Philips® 586909 Light Bulb, 60 W, A19, 2700 K, LED","Philips® Light Bulb, 60 W, A19, 2700 K, LED, Medium Base","Light Bulb, 60 W, A19, 2700 K, LED",,,,,,,,,,,,,,,,,,,,,,,,,,,Light Bulb,Wattage,60,W,Color Temperature,2700,K,Bulb Shape,A19,,Pack Quantity,,,Lamp Type,LED,,Base Type,Medium Base,,,,,,,,,,,,,,,,,,,,,,,,,,,,,,,,,,,,,,,,,,,,,,,,,,,,,,,,,,,,,,,,,,,,,,,,,,,,,,,,,,,,,,,,,,,,,,,,,,,,,,,,,,,,,,,,,,,,,,,,,,,,,,,,,,,,,,,,,39101600,,,,,,,,,,,,,,,,,,,,,,,,,,,,,,,,,,,,,,,,,,,
,,,,,,,Electrical,Lighting,Light Bulbs,,566364,566364 75W Led ST19 27k 4pk,-- Unbranded --,-- No Unilog Brand --,Philips,Phillips Lighting (5831),Signify Holding,Philips®,,566364,,Electrical>Lighting & Bulbs>Light Bulbs,"Signify Holding Philips, Light Bulb, 566364, 75 W, 2700 K, LED",BULB 75W 2700K 4 ST19 LED,"Philips® 566364 Light Bulb, 75 W, ST19, 2700 K, LED","Philips® Light Bulb, 75 W, ST19, 2700 K, LED, 4","Light Bulb, 75 W, ST19, 2700 K, LED",,,,,,,,,,,,,,,,,,,,,,,,,,,Light Bulb,Wattage,75,W,Color Temperature,2700,K,Bulb Shape,ST19,,Pack Quantity,4,,Lamp Type,LED,,,,,,,,,,,,,,,,,,,,,,,,,,,,,,,,,,,,,,,,,,,,,,,,,,,,,,,,,,,,,,,,,,,,,,,,,,,,,,,,,,,,,,,,,,,,,,,,,,,,,,,,,,,,,,,,,,,,,,,,,,,,,,,,,,,,,,,,,,,,39101600,,,,,,,,,,,,,,,,,,,,,,,,,,,,,,,,,,,,,,,,,,,
,,,,,,,Electrical,Lighting,Light Bulbs,,576397,576394 100/200/300 Led A23 50k,-- Unbranded --,-- No Unilog Brand --,Philips,Phillips Lighting (5831),Signify Holding,Philips®,,576397,,Electrical>Lighting & Bulbs>Light Bulbs,"Signify Holding Philips, Light Bulb, 576397, 5000 K, LED, A23",BULB 5000K A23 LED,"Philips® 576397 Light Bulb, A23, 5000 K, LED","Philips® Light Bulb, A23, 5000 K, LED","Light Bulb, A23, 5000 K, LED",,,,,,,,,,,,,,,,,,,,,,,,,,,Light Bulb,Wattage,,,Color Temperature,5000,K,Bulb Shape,A23,,Pack Quantity,,,Lamp Type,LED,,,,,,,,,,,,,,,,,,,,,,,,,,,,,,,,,,,,,,,,,,,,,,,,,,,,,,,,,,,,,,,,,,,,,,,,,,,,,,,,,,,,,,,,,,,,,,,,,,,,,,,,,,,,,,,,,,,,,,,,,,,,,,,,,,,,,,,,,,,,39101600,,,,,,,,,,,,,,,,,,,,,,,,,,,,,,,,,,,,,,,,,,,
,,,,,,,Electrical,Lighting,Light Bulbs,,571497,571497 150W Led Med 27k,-- Unbranded --,-- No Unilog Brand --,Philips,Phillips Lighting (5831),Signify Holding,Philips®,,571497,,Electrical>Lighting & Bulbs>Light Bulbs,"Signify Holding Philips, Light Bulb, 571497, 150 W, 2700 K, LED",BULB 150W 2700K MED LED,"Philips® 571497 Light Bulb, 150 W, 2700 K, LED, Medium Base","Philips® Light Bulb, 150 W, 2700 K, LED, Medium Base","Light Bulb, 150 W, 2700 K, LED, Medium Base",,,,,,,,,,,,,,,,,,,,,,,,,,,Light Bulb,Wattage,150,W,Color Temperature,2700,K,Bulb Shape,,,Pack Quantity,,,Lamp Type,LED,,Base Type,Medium Base,,,,,,,,,,,,,,,,,,,,,,,,,,,,,,,,,,,,,,,,,,,,,,,,,,,,,,,,,,,,,,,,,,,,,,,,,,,,,,,,,,,,,,,,,,,,,,,,,,,,,,,,,,,,,,,,,,,,,,,,,,,,,,,,,,,,,,,,,39101600,,,,,,,,,,,,,,,,,,,,,,,,,,,,,,,,,,,,,,,,,,,
,,,,,,,,,,,576306,576306 40W Led A19 5CCT 4pk,-- Unbranded --,-- No Unilog Brand --,Philips,Phillips Lighting (5831),Signify Holding,Philips®,,576306,,,"Signify Holding Philips, 576306, 40 W, LED, A19, 4",40W 4 A19 LED,"Philips® 576306, 40 W, 4, LED, A19","Philips®, 40 W, 4, LED, A19",", 40 W, 4, LED, A19",,,,,,,,,,,,,,,,,,,,,,,,,,,,Wattage,40,W,Color Temperature,,,Bulb Shape,A19,,Base Type,,,Pack Quantity,4,,Lamp Type,LED,,,,,,,,,,,,,,,,,,,,,,,,,,,,,,,,,,,,,,,,,,,,,,,,,,,,,,,,,,,,,,,,,,,,,,,,,,,,,,,,,,,,,,,,,,,,,,,,,,,,,,,,,,,,,,,,,,,,,,,,,,,,,,,,,,,,,,,,,,,,,,,,,,,,,,,,,,,,,,,,,,,,,,,,,,,,,,,,,,,,
,,,,,,,Electrical,Lighting,Light Bulbs,,588533,588533 40W Led Cand 3pk,-- Unbranded --,-- No Unilog Brand --,Philips,Phillips Lighting (5831),Signify Holding,Philips®,,588533,,Electrical>Lighting & Bulbs>Light Bulbs,"Signify Holding Philips, Light Bulb, 588533, 40 W, LED, Candelabra Base",BULB 40W 3 CAND LED,"Philips® 588533 Light Bulb, 40 W, LED, Candelabra Base, 3","Philips® Light Bulb, 40 W, LED, Candelabra Base, 3","Light Bulb, 40 W, LED, Candelabra Base, 3",,,,,,,,,,,,,,,,,,,,,,,,,,,Light Bulb,Wattage,40,W,Color Temperature,,,Bulb Shape,,,Pack Quantity,3,,Lamp Type,LED,,Base Type,Candelabra Base,,,,,,,,,,,,,,,,,,,,,,,,,,,,,,,,,,,,,,,,,,,,,,,,,,,,,,,,,,,,,,,,,,,,,,,,,,,,,,,,,,,,,,,,,,,,,,,,,,,,,,,,,,,,,,,,,,,,,,,,,,,,,,,,,,,,,,,,,39101600,,,,,,,,,,,,,,,,,,,,,,,,,,,,,,,,,,,,,,,,,,,
,,,,,,,Electrical,Lighting,Light Bulbs,,576520,576520 65W Led Med 27k,-- Unbranded --,-- No Unilog Brand --,Philips,Phillips Lighting (5831),Signify Holding,Philips®,,576520,,Electrical>Lighting & Bulbs>Light Bulbs,"Signify Holding Philips, Light Bulb, 576520, 65 W, 2700 K, LED",BULB 65W 2700K MED LED,"Philips® 576520 Light Bulb, 65 W, 2700 K, LED, Medium Base","Philips® Light Bulb, 65 W, 2700 K, LED, Medium Base","Light Bulb, 65 W, 2700 K, LED, Medium Base",,,,,,,,,,,,,,,,,,,,,,,,,,,Light Bulb,Wattage,65,W,Color Temperature,2700,K,Bulb Shape,,,Pack Quantity,,,Lamp Type,LED,,Base Type,Medium Base,,,,,,,,,,,,,,,,,,,,,,,,,,,,,,,,,,,,,,,,,,,,,,,,,,,,,,,,,,,,,,,,,,,,,,,,,,,,,,,,,,,,,,,,,,,,,,,,,,,,,,,,,,,,,,,,,,,,,,,,,,,,,,,,,,,,,,,,,39101600,,,,,,,,,,,,,,,,,,,,,,,,,,,,,,,,,,,,,,,,,,,
,,,,,,,Electrical,Lighting,Light Bulbs,,574004,574004 75W Led ST19 27k 2pk,-- Unbranded --,-- No Unilog Brand --,Philips,Phillips Lighting (5831),Signify Holding,Philips®,,574004,,Electrical>Lighting & Bulbs>Light Bulbs,"Signify Holding Philips, Light Bulb, 574004, 75 W, 2700 K, LED",BULB 75W 2700K 2 ST19 LED,"Philips® 574004 Light Bulb, 75 W, ST19, 2700 K, LED","Philips® Light Bulb, 75 W, ST19, 2700 K, LED, 2","Light Bulb, 75 W, ST19, 2700 K, LED",,,,,,,,,,,,,,,,,,,,,,,,,,,Light Bulb,Wattage,75,W,Color Temperature,2700,K,Bulb Shape,ST19,,Pack Quantity,2,,Lamp Type,LED,,,,,,,,,,,,,,,,,,,,,,,,,,,,,,,,,,,,,,,,,,,,,,,,,,,,,,,,,,,,,,,,,,,,,,,,,,,,,,,,,,,,,,,,,,,,,,,,,,,,,,,,,,,,,,,,,,,,,,,,,,,,,,,,,,,,,,,,,,,,39101600,,,,,,,,,,,,,,,,,,,,,,,,,,,,,,,,,,,,,,,,,,,
,,,,,,,Electrical,Lighting,Light Bulbs,,574012,574012 75W Led ST19 50k 2pk,-- Unbranded --,-- No Unilog Brand --,Philips,Phillips Lighting (5831),Signify Holding,Philips®,,574012,,Electrical>Lighting & Bulbs>Light Bulbs,"Signify Holding Philips, Light Bulb, 574012, 75 W, 5000 K, LED",BULB 75W 5000K 2 ST19 LED,"Philips® 574012 Light Bulb, 75 W, ST19, 5000 K, LED","Philips® Light Bulb, 75 W, ST19, 5000 K, LED, 2","Light Bulb, 75 W, ST19, 5000 K, LED",,,,,,,,,,,,,,,,,,,,,,,,,,,Light Bulb,Wattage,75,W,Color Temperature,5000,K,Bulb Shape,ST19,,Pack Quantity,2,,Lamp Type,LED,,,,,,,,,,,,,,,,,,,,,,,,,,,,,,,,,,,,,,,,,,,,,,,,,,,,,,,,,,,,,,,,,,,,,,,,,,,,,,,,,,,,,,,,,,,,,,,,,,,,,,,,,,,,,,,,,,,,,,,,,,,,,,,,,,,,,,,,,,,,39101600,,,,,,,,,,,,,,,,,,,,,,,,,,,,,,,,,,,,,,,,,,,
,,,,,,,Electrical,Lighting,Light Bulbs,,573971,573971 75W Led ST19 20k 4pk,-- Unbranded --,-- No Unilog Brand --,Philips,Phillips Lighting (5831),Signify Holding,Philips®,,573971,,Electrical>Lighting & Bulbs>Light Bulbs,"Signify Holding Philips, Light Bulb, 573971, 75 W, 2000 K, LED",BULB 75W 2000K 4 ST19 LED,"Philips® 573971 Light Bulb, 75 W, ST19, 2000 K, LED","Philips® Light Bulb, 75 W, ST19, 2000 K, LED, 4","Light Bulb, 75 W, ST19, 2000 K, LED",,,,,,,,,,,,,,,,,,,,,,,,,,,Light Bulb,Wattage,75,W,Color Temperature,2000,K,Bulb Shape,ST19,,Pack Quantity,4,,Lamp Type,LED,,,,,,,,,,,,,,,,,,,,,,,,,,,,,,,,,,,,,,,,,,,,,,,,,,,,,,,,,,,,,,,,,,,,,,,,,,,,,,,,,,,,,,,,,,,,,,,,,,,,,,,,,,,,,,,,,,,,,,,,,,,,,,,,,,,,,,,,,,,,39101600,,,,,,,,,,,,,,,,,,,,,,,,,,,,,,,,,,,,,,,,,,,
,,,,,,,Electrical,Lighting,Light Bulbs,,573989,573989 40W Led Med 27K 4pk,-- Unbranded --,-- No Unilog Brand --,Philips,Phillips Lighting (5831),Signify Holding,Philips®,,573989,,Electrical>Lighting & Bulbs>Light Bulbs,"Signify Holding Philips, Light Bulb, 573989, 40 W, 2700 K, LED",BULB 40W 2700K 4 MED LED,"Philips® 573989 Light Bulb, 40 W, 2700 K, LED, Medium Base","Philips® Light Bulb, 40 W, 2700 K, LED, Medium Base, 4","Light Bulb, 40 W, 2700 K, LED, Medium Base",,,,,,,,,,,,,,,,,,,,,,,,,,,Light Bulb,Wattage,40,W,Color Temperature,2700,K,Bulb Shape,,,Pack Quantity,4,,Lamp Type,LED,,Base Type,Medium Base,,,,,,,,,,,,,,,,,,,,,,,,,,,,,,,,,,,,,,,,,,,,,,,,,,,,,,,,,,,,,,,,,,,,,,,,,,,,,,,,,,,,,,,,,,,,,,,,,,,,,,,,,,,,,,,,,,,,,,,,,,,,,,,,,,,,,,,,,39101600,,,,,,,,,,,,,,,,,,,,,,,,,,,,,,,,,,,,,,,,,,,
,,,,,,,Electrical,Lighting,Light Bulbs,,576769,576769 65W Led BR30 Med 27k,-- Unbranded --,-- No Unilog Brand --,Philips,Phillips Lighting (5831),Signify Holding,Philips®,,576769,,Electrical>Lighting & Bulbs>Light Bulbs,"Signify Holding Philips, Light Bulb, 576769, 65 W, 2700 K, LED",BULB 65W 2700K MED BR30 LED,"Philips® 576769 Light Bulb, 65 W, BR30, 2700 K, LED","Philips® Light Bulb, 65 W, BR30, 2700 K, LED, Medium Base","Light Bulb, 65 W, BR30, 2700 K, LED",,,,,,,,,,,,,,,,,,,,,,,,,,,Light Bulb,Wattage,65,W,Color Temperature,2700,K,Bulb Shape,BR30,,Pack Quantity,,,Lamp Type,LED,,Base Type,Medium Base,,,,,,,,,,,,,,,,,,,,,,,,,,,,,,,,,,,,,,,,,,,,,,,,,,,,,,,,,,,,,,,,,,,,,,,,,,,,,,,,,,,,,,,,,,,,,,,,,,,,,,,,,,,,,,,,,,,,,,,,,,,,,,,,,,,,,,,,,39101600,,,,,,,,,,,,,,,,,,,,,,,,,,,,,,,,,,,,,,,,,,,
,,,,,,,Electrical,Lighting,Light Bulbs,,567446,567446 60W Led Med 50K 3pk,-- Unbranded --,-- No Unilog Brand --,Philips,Phillips Lighting (5831),Signify Holding,Philips®,,567446,,Electrical>Lighting & Bulbs>Light Bulbs,"Signify Holding Philips, Light Bulb, 567446, 60 W, 5000 K, LED",BULB 60W 5000K 3 MED LED,"Philips® 567446 Light Bulb, 60 W, 5000 K, LED, Medium Base","Philips® Light Bulb, 60 W, 5000 K, LED, Medium Base, 3","Light Bulb, 60 W, 5000 K, LED, Medium Base",,,,,,,,,,,,,,,,,,,,,,,,,,,Light Bulb,Wattage,60,W,Color Temperature,5000,K,Bulb Shape,,,Pack Quantity,3,,Lamp Type,LED,,Base Type,Medium Base,,,,,,,,,,,,,,,,,,,,,,,,,,,,,,,,,,,,,,,,,,,,,,,,,,,,,,,,,,,,,,,,,,,,,,,,,,,,,,,,,,,,,,,,,,,,,,,,,,,,,,,,,,,,,,,,,,,,,,,,,,,,,,,,,,,,,,,,,39101600,,,,,,,,,,,,,,,,,,,,,,,,,,,,,,,,,,,,,,,,,,,
,,,,,,,Electrical,Lighting,Light Bulbs,,573997,573997 40W Led Med 50k 4pk,-- Unbranded --,-- No Unilog Brand --,Philips,Phillips Lighting (5831),Signify Holding,Philips®,,573997,,Electrical>Lighting & Bulbs>Light Bulbs,"Signify Holding Philips, Light Bulb, 573997, 40 W, 5000 K, LED",BULB 40W 5000K 4 MED LED,"Philips® 573997 Light Bulb, 40 W, 5000 K, LED, Medium Base","Philips® Light Bulb, 40 W, 5000 K, LED, Medium Base, 4","Light Bulb, 40 W, 5000 K, LED, Medium Base",,,,,,,,,,,,,,,,,,,,,,,,,,,Light Bulb,Wattage,40,W,Color Temperature,5000,K,Bulb Shape,,,Pack Quantity,4,,Lamp Type,LED,,Base Type,Medium Base,,,,,,,,,,,,,,,,,,,,,,,,,,,,,,,,,,,,,,,,,,,,,,,,,,,,,,,,,,,,,,,,,,,,,,,,,,,,,,,,,,,,,,,,,,,,,,,,,,,,,,,,,,,,,,,,,,,,,,,,,,,,,,,,,,,,,,,,,39101600,,,,,,,,,,,,,,,,,,,,,,,,,,,,,,,,,,,,,,,,,,,
,,,,,,,Electrical,Lighting,Light Bulbs,,571463,571463 100W Led BR30 Med 50k,-- Unbranded --,-- No Unilog Brand --,Philips,Phillips Lighting (5831),Signify Holding,Philips®,,571463,,Electrical>Lighting & Bulbs>Light Bulbs,"Signify Holding Philips, Light Bulb, 571463, 100 W, 5000 K, LED",BULB 100W 5000K MED BR30 LED,"Philips® 571463 Light Bulb, 100 W, BR30, 5000 K, LED","Philips® Light Bulb, 100 W, BR30, 5000 K, LED, Medium Base","Light Bulb, 100 W, BR30, 5000 K, LED",,,,,,,,,,,,,,,,,,,,,,,,,,,Light Bulb,Wattage,100,W,Color Temperature,5000,K,Bulb Shape,BR30,,Pack Quantity,,,Lamp Type,LED,,Base Type,Medium Base,,,,,,,,,,,,,,,,,,,,,,,,,,,,,,,,,,,,,,,,,,,,,,,,,,,,,,,,,,,,,,,,,,,,,,,,,,,,,,,,,,,,,,,,,,,,,,,,,,,,,,,,,,,,,,,,,,,,,,,,,,,,,,,,,,,,,,,,,39101600,,,,,,,,,,,,,,,,,,,,,,,,,,,,,,,,,,,,,,,,,,,
,,,,,,,Electrical,Lighting,Light Bulbs,,576512,576512 65W Led BR40 Med 27k,-- Unbranded --,-- No Unilog Brand --,Philips,Phillips Lighting (5831),Signify Holding,Philips®,,576512,,Electrical>Lighting & Bulbs>Light Bulbs,"Signify Holding Philips, Light Bulb, 576512, 65 W, 2700 K, LED",BULB 65W 2700K MED BR40 LED,"Philips® 576512 Light Bulb, 65 W, BR40, 2700 K, LED","Philips® Light Bulb, 65 W, BR40, 2700 K, LED, Medium Base","Light Bulb, 65 W, BR40, 2700 K, LED",,,,,,,,,,,,,,,,,,,,,,,,,,,Light Bulb,Wattage,65,W,Color Temperature,2700,K,Bulb Shape,BR40,,Pack Quantity,,,Lamp Type,LED,,Base Type,Medium Base,,,,,,,,,,,,,,,,,,,,,,,,,,,,,,,,,,,,,,,,,,,,,,,,,,,,,,,,,,,,,,,,,,,,,,,,,,,,,,,,,,,,,,,,,,,,,,,,,,,,,,,,,,,,,,,,,,,,,,,,,,,,,,,,,,,,,,,,,39101600,,,,,,,,,,,,,,,,,,,,,,,,,,,,,,,,,,,,,,,,,,,
,,,,,,,Electrical,Lighting,Light Bulbs,,581181,581181 40W Led Med 2pk,-- Unbranded --,-- No Unilog Brand --,Philips,Phillips Lighting (5831),Signify Holding,Philips®,,581181,,Electrical>Lighting & Bulbs>Light Bulbs,"Signify Holding Philips, Light Bulb, 581181, 40 W, LED, Medium Base",BULB 40W 2 MED LED,"Philips® 581181 Light Bulb, 40 W, LED, Medium Base, 2","Philips® Light Bulb, 40 W, LED, Medium Base, 2","Light Bulb, 40 W, LED, Medium Base, 2",,,,,,,,,,,,,,,,,,,,,,,,,,,Light Bulb,Wattage,40,W,Color Temperature,,,Bulb Shape,,,Pack Quantity,2,,Lamp Type,LED,,Base Type,Medium Base,,,,,,,,,,,,,,,,,,,,,,,,,,,,,,,,,,,,,,,,,,,,,,,,,,,,,,,,,,,,,,,,,,,,,,,,,,,,,,,,,,,,,,,,,,,,,,,,,,,,,,,,,,,,,,,,,,,,,,,,,,,,,,,,,,,,,,,,,39101600,,,,,,,,,,,,,,,,,,,,,,,,,,,,,,,,,,,,,,,,,,,
,,,,,,,Electrical,Lighting,Light Bulbs,,GT-CB-100C,GTCB100C Led 100W Cob Bulb,-- Unbranded --,-- No Unilog Brand --,GT-Lite,Keystone (5702),GT-Lite,GT-Lite,,GT-CB-100C,,Electrical>Lighting & Bulbs>Light Bulbs,"GT-Lite GT-Lite, Bulb, Led Cob, GT-CB-100C, 100 W, LED",BULB 100W LED,"GT-Lite Led Cob GT-CB-100C Bulb, 100 W, LED","GT-Lite Bulb, Led Cob, 100 W, LED","Led Cob Bulb, 100 W, LED",,,,,,,,,,,,,,,,,,,,,,,,,,,Bulb,Wattage,100,W,Color Temperature,,,Bulb Shape,,,Pack Quantity,,,Series,Led Cob,,Lamp Type,LED,,,,,,,,,,,,,,,,,,,,,,,,,,,,,,,,,,,,,,,,,,,,,,,,,,,,,,,,,,,,,,,,,,,,,,,,,,,,,,,,,,,,,,,,,,,,,,,,,,,,,,,,,,,,,,,,,,,,,,,,,,,,,,,,,,,,,,,,,39101600,,,,,,,,,,,,,,,,,,,,,,,,,,,,,,,,,,,,,,,,,,,
,,,,,,,Electrical,Lighting,Light Bulbs,,566430,566430 75W Led Med 50k 4pk,-- Unbranded --,-- No Unilog Brand --,Philips,Phillips Lighting (5831),Signify Holding,Philips®,,566430,,Electrical>Lighting & Bulbs>Light Bulbs,"Signify Holding Philips, Light Bulb, 566430, 75 W, 5000 K, LED",BULB 75W 5000K 4 MED LED,"Philips® 566430 Light Bulb, 75 W, 5000 K, LED, Medium Base","Philips® Light Bulb, 75 W, 5000 K, LED, Medium Base, 4","Light Bulb, 75 W, 5000 K, LED, Medium Base",,,,,,,,,,,,,,,,,,,,,,,,,,,Light Bulb,Wattage,75,W,Color Temperature,5000,K,Bulb Shape,,,Pack Quantity,4,,Lamp Type,LED,,Base Type,Medium Base,,,,,,,,,,,,,,,,,,,,,,,,,,,,,,,,,,,,,,,,,,,,,,,,,,,,,,,,,,,,,,,,,,,,,,,,,,,,,,,,,,,,,,,,,,,,,,,,,,,,,,,,,,,,,,,,,,,,,,,,,,,,,,,,,,,,,,,,,39101600,,,,,,,,,,,,,,,,,,,,,,,,,,,,,,,,,,,,,,,,,,,
,,,,,,,Electrical,Lighting,Light Bulbs,,568337,568337 120W Led Par38 Med 50k,-- Unbranded --,-- No Unilog Brand --,Philips,Phillips Lighting (5831),Signify Holding,Philips®,,568337,,Electrical>Lighting & Bulbs>Light Bulbs,"Signify Holding Philips, Light Bulb, 568337, 120 W, 5000 K, LED",BULB 120W 5000K MED PAR38 LED,"Philips® 568337 Light Bulb, 120 W, PAR38, 5000 K, LED","Philips® Light Bulb, 120 W, PAR38, 5000 K, LED, Medium Base","Light Bulb, 120 W, PAR38, 5000 K, LED",,,,,,,,,,,,,,,,,,,,,,,,,,,Light Bulb,Wattage,120,W,Color Temperature,5000,K,Bulb Shape,PAR38,,Pack Quantity,,,Lamp Type,LED,,Base Type,Medium Base,,,,,,,,,,,,,,,,,,,,,,,,,,,,,,,,,,,,,,,,,,,,,,,,,,,,,,,,,,,,,,,,,,,,,,,,,,,,,,,,,,,,,,,,,,,,,,,,,,,,,,,,,,,,,,,,,,,,,,,,,,,,,,,,,,,,,,,,,39101600,,,,,,,,,,,,,,,,,,,,,,,,,,,,,,,,,,,,,,,,,,,
,,,,,,,Electrical,Lighting,Light Bulbs,,565788,565788 40W Led A19 Med 27k,-- Unbranded --,-- No Unilog Brand --,Philips,Phillips Lighting (5831),Signify Holding,Philips®,,565788,,Electrical>Lighting & Bulbs>Light Bulbs,"Signify Holding Philips, Light Bulb, 565788, 40 W, 2700 K, LED",BULB 40W 2700K MED A19 LED,"Philips® 565788 Light Bulb, 40 W, A19, 2700 K, LED","Philips® Light Bulb, 40 W, A19, 2700 K, LED, Medium Base","Light Bulb, 40 W, A19, 2700 K, LED",,,,,,,,,,,,,,,,,,,,,,,,,,,Light Bulb,Wattage,40,W,Color Temperature,2700,K,Bulb Shape,A19,,Pack Quantity,,,Lamp Type,LED,,Base Type,Medium Base,,,,,,,,,,,,,,,,,,,,,,,,,,,,,,,,,,,,,,,,,,,,,,,,,,,,,,,,,,,,,,,,,,,,,,,,,,,,,,,,,,,,,,,,,,,,,,,,,,,,,,,,,,,,,,,,,,,,,,,,,,,,,,,,,,,,,,,,,39101600,,,,,,,,,,,,,,,,,,,,,,,,,,,,,,,,,,,,,,,,,,,
,,,,,,,Electrical,Lighting,Light Bulbs,,565770,565770 40W Led A19 Med 50k,-- Unbranded --,-- No Unilog Brand --,Philips,Phillips Lighting (5831),Signify Holding,Philips®,,565770,,Electrical>Lighting & Bulbs>Light Bulbs,"Signify Holding Philips, Light Bulb, 565770, 40 W, 5000 K, LED",BULB 40W 5000K MED A19 LED,"Philips® 565770 Light Bulb, 40 W, A19, 5000 K, LED","Philips® Light Bulb, 40 W, A19, 5000 K, LED, Medium Base","Light Bulb, 40 W, A19, 5000 K, LED",,,,,,,,,,,,,,,,,,,,,,,,,,,Light Bulb,Wattage,40,W,Color Temperature,5000,K,Bulb Shape,A19,,Pack Quantity,,,Lamp Type,LED,,Base Type,Medium Base,,,,,,,,,,,,,,,,,,,,,,,,,,,,,,,,,,,,,,,,,,,,,,,,,,,,,,,,,,,,,,,,,,,,,,,,,,,,,,,,,,,,,,,,,,,,,,,,,,,,,,,,,,,,,,,,,,,,,,,,,,,,,,,,,,,,,,,,,39101600,,,,,,,,,,,,,,,,,,,,,,,,,,,,,,,,,,,,,,,,,,,
,,,,,,,Electrical,Lighting,Light Bulbs,,573436,573436 60W Led A19 Med 27k 2pk,-- Unbranded --,-- No Unilog Brand --,Philips,Phillips Lighting (5831),Signify Holding,Philips®,,573436,,Electrical>Lighting & Bulbs>Light Bulbs,"Signify Holding Philips, Light Bulb, 573436, 60 W, 2700 K, LED",BULB 60W 2700K 2 MED A19 LED,"Philips® 573436 Light Bulb, 60 W, A19, 2700 K, LED","Philips® Light Bulb, 60 W, A19, 2700 K, LED, Medium Base, 2","Light Bulb, 60 W, A19, 2700 K, LED",,,,,,,,,,,,,,,,,,,,,,,,,,,Light Bulb,Wattage,60,W,Color Temperature,2700,K,Bulb Shape,A19,,Pack Quantity,2,,Lamp Type,LED,,Base Type,Medium Base,,,,,,,,,,,,,,,,,,,,,,,,,,,,,,,,,,,,,,,,,,,,,,,,,,,,,,,,,,,,,,,,,,,,,,,,,,,,,,,,,,,,,,,,,,,,,,,,,,,,,,,,,,,,,,,,,,,,,,,,,,,,,,,,,,,,,,,,,39101600,,,,,,,,,,,,,,,,,,,,,,,,,,,,,,,,,,,,,,,,,,,
,,,,,,,Electrical,Lighting,Light Bulbs,,576538,576538 65W Led BR30 Med 50k,-- Unbranded --,-- No Unilog Brand --,Philips,Phillips Lighting (5831),Signify Holding,Philips®,,576538,,Electrical>Lighting & Bulbs>Light Bulbs,"Signify Holding Philips, Light Bulb, 576538, 65 W, 5000 K, LED",BULB 65W 5000K MED BR30 LED,"Philips® 576538 Light Bulb, 65 W, BR30, 5000 K, LED","Philips® Light Bulb, 65 W, BR30, 5000 K, LED, Medium Base","Light Bulb, 65 W, BR30, 5000 K, LED",,,,,,,,,,,,,,,,,,,,,,,,,,,Light Bulb,Wattage,65,W,Color Temperature,5000,K,Bulb Shape,BR30,,Pack Quantity,,,Lamp Type,LED,,Base Type,Medium Base,,,,,,,,,,,,,,,,,,,,,,,,,,,,,,,,,,,,,,,,,,,,,,,,,,,,,,,,,,,,,,,,,,,,,,,,,,,,,,,,,,,,,,,,,,,,,,,,,,,,,,,,,,,,,,,,,,,,,,,,,,,,,,,,,,,,,,,,,39101600,,,,,,,,,,,,,,,,,,,,,,,,,,,,,,,,,,,,,,,,,,,
,,,,,,,Electrical,Lighting,Light Bulbs,,573451,573451 40W Led Med 27k 2pk,-- Unbranded --,-- No Unilog Brand --,Philips,Phillips Lighting (5831),Signify Holding,Philips®,,573451,,Electrical>Lighting & Bulbs>Light Bulbs,"Signify Holding Philips, Light Bulb, 573451, 40 W, 2700 K, LED",BULB 40W 2700K 2 MED LED,"Philips® 573451 Light Bulb, 40 W, 2700 K, LED, Medium Base","Philips® Light Bulb, 40 W, 2700 K, LED, Medium Base, 2","Light Bulb, 40 W, 2700 K, LED, Medium Base",,,,,,,,,,,,,,,,,,,,,,,,,,,Light Bulb,Wattage,40,W,Color Temperature,2700,K,Bulb Shape,,,Pack Quantity,2,,Lamp Type,LED,,Base Type,Medium Base,,,,,,,,,,,,,,,,,,,,,,,,,,,,,,,,,,,,,,,,,,,,,,,,,,,,,,,,,,,,,,,,,,,,,,,,,,,,,,,,,,,,,,,,,,,,,,,,,,,,,,,,,,,,,,,,,,,,,,,,,,,,,,,,,,,,,,,,,39101600,,,,,,,,,,,,,,,,,,,,,,,,,,,,,,,,,,,,,,,,,,,
,,,,,,,,,,,586883,586883 100W Led Multi CCT 2pk,-- Unbranded --,-- No Unilog Brand --,Philips,Phillips Lighting (5831),Signify Holding,Philips®,,586883,,,"Signify Holding Philips, Multi, Led CCT, 586883, 100 W, LED, 2",MULTI 100W 2 LED,"Philips® Led CCT 586883 Multi, 100 W, 2, LED","Philips® Multi, Led CCT, 100 W, 2, LED","Led CCT Multi, 100 W, 2, LED",,,,,,,,,,,,,,,,,,,,,,,,,,,Multi,Wattage,100,W,Color Temperature,,,Bulb Shape,,,Base Type,,,Pack Quantity,2,,Series,Led CCT,,Lamp Type,LED,,,,,,,,,,,,,,,,,,,,,,,,,,,,,,,,,,,,,,,,,,,,,,,,,,,,,,,,,,,,,,,,,,,,,,,,,,,,,,,,,,,,,,,,,,,,,,,,,,,,,,,,,,,,,,,,,,,,,,,,,,,,,,,,,,,,,,,,,,,,,,,,,,,,,,,,,,,,,,,,,,,,,,,,,,,,,,,,,
,,,,,,,,,,,586859,586859 40W Led Med 27K Back Up,-- Unbranded --,-- No Unilog Brand --,Philips,Phillips Lighting (5831),Signify Holding,Philips®,,586859,,,"Signify Holding Philips, Back, Led Up, 586859, 40 W, 2700 K, LED",BACK 40W 2700K MED LED,"Philips® Led Up 586859 Back, 40 W, 2700 K, Medium Base, LED","Philips® Back, Led Up, 40 W, 2700 K, Medium Base, LED","Led Up Back, 40 W, 2700 K, Medium Base, LED",,,,,,,,,,,,,,,,,,,,,,,,,,,Back,Wattage,40,W,Color Temperature,2700,K,Bulb Shape,,,Base Type,Medium Base,,Pack Quantity,,,Series,Led Up,,Lamp Type,LED,,,,,,,,,,,,,,,,,,,,,,,,,,,,,,,,,,,,,,,,,,,,,,,,,,,,,,,,,,,,,,,,,,,,,,,,,,,,,,,,,,,,,,,,,,,,,,,,,,,,,,,,,,,,,,,,,,,,,,,,,,,,,,,,,,,,,,,,,,,,,,,,,,,,,,,,,,,,,,,,,,,,,,,,,,,,,,,,,
,,,,,,,Electrical,Lighting,Light Bulbs,,576488,576488 45W Led R20 Med 50k,-- Unbranded --,-- No Unilog Brand --,Philips,Phillips Lighting (5831),Signify Holding,Philips®,,576488,,Electrical>Lighting & Bulbs>Light Bulbs,"Signify Holding Philips, Light Bulb, 576488, 45 W, 5000 K, LED",BULB 45W 5000K MED R20 LED,"Philips® 576488 Light Bulb, 45 W, R20, 5000 K, LED","Philips® Light Bulb, 45 W, R20, 5000 K, LED, Medium Base","Light Bulb, 45 W, R20, 5000 K, LED",,,,,,,,,,,,,,,,,,,,,,,,,,,Light Bulb,Wattage,45,W,Color Temperature,5000,K,Bulb Shape,R20,,Pack Quantity,,,Lamp Type,LED,,Base Type,Medium Base,,,,,,,,,,,,,,,,,,,,,,,,,,,,,,,,,,,,,,,,,,,,,,,,,,,,,,,,,,,,,,,,,,,,,,,,,,,,,,,,,,,,,,,,,,,,,,,,,,,,,,,,,,,,,,,,,,,,,,,,,,,,,,,,,,,,,,,,,39101600,,,,,,,,,,,,,,,,,,,,,,,,,,,,,,,,,,,,,,,,,,,
,,,,,,,Electrical,Lighting,Light Bulbs,,575217,575217 60W Led Med 50k 2pk,-- Unbranded --,-- No Unilog Brand --,Philips,Phillips Lighting (5831),Signify Holding,Philips®,,575217,,Electrical>Lighting & Bulbs>Light Bulbs,"Signify Holding Philips, Light Bulb, 575217, 60 W, 5000 K, LED",BULB 60W 5000K 2 MED LED,"Philips® 575217 Light Bulb, 60 W, 5000 K, LED, Medium Base","Philips® Light Bulb, 60 W, 5000 K, LED, Medium Base, 2","Light Bulb, 60 W, 5000 K, LED, Medium Base",,,,,,,,,,,,,,,,,,,,,,,,,,,Light Bulb,Wattage,60,W,Color Temperature,5000,K,Bulb Shape,,,Pack Quantity,2,,Lamp Type,LED,,Base Type,Medium Base,,,,,,,,,,,,,,,,,,,,,,,,,,,,,,,,,,,,,,,,,,,,,,,,,,,,,,,,,,,,,,,,,,,,,,,,,,,,,,,,,,,,,,,,,,,,,,,,,,,,,,,,,,,,,,,,,,,,,,,,,,,,,,,,,,,,,,,,,39101600,,,,,,,,,,,,,,,,,,,,,,,,,,,,,,,,,,,,,,,,,,,
,,,,,,,,,,,586479,586479 90W Led Med Multi CCT,-- Unbranded --,-- No Unilog Brand --,Philips,Phillips Lighting (5831),Signify Holding,Philips®,,586479,,,"Signify Holding Philips, Multi, Led CCT, 586479, 90 W, LED, Medium Base",MULTI 90W MED LED,"Philips® Led CCT 586479 Multi, 90 W, Medium Base, LED","Philips® Multi, Led CCT, 90 W, Medium Base, LED","Led CCT Multi, 90 W, Medium Base, LED",,,,,,,,,,,,,,,,,,,,,,,,,,,Multi,Wattage,90,W,Color Temperature,,,Bulb Shape,,,Base Type,Medium Base,,Pack Quantity,,,Series,Led CCT,,Lamp Type,LED,,,,,,,,,,,,,,,,,,,,,,,,,,,,,,,,,,,,,,,,,,,,,,,,,,,,,,,,,,,,,,,,,,,,,,,,,,,,,,,,,,,,,,,,,,,,,,,,,,,,,,,,,,,,,,,,,,,,,,,,,,,,,,,,,,,,,,,,,,,,,,,,,,,,,,,,,,,,,,,,,,,,,,,,,,,,,,,,,
,,,,,,,Electrical,Lighting,Light Bulbs,,571471,571471 100W Led BR30 Med 27k,-- Unbranded --,-- No Unilog Brand --,Philips,Phillips Lighting (5831),Signify Holding,Philips®,,571471,,Electrical>Lighting & Bulbs>Light Bulbs,"Signify Holding Philips, Light Bulb, 571471, 100 W, 2700 K, LED",BULB 100W 2700K MED BR30 LED,"Philips® 571471 Light Bulb, 100 W, BR30, 2700 K, LED","Philips® Light Bulb, 100 W, BR30, 2700 K, LED, Medium Base","Light Bulb, 100 W, BR30, 2700 K, LED",,,,,,,,,,,,,,,,,,,,,,,,,,,Light Bulb,Wattage,100,W,Color Temperature,2700,K,Bulb Shape,BR30,,Pack Quantity,,,Lamp Type,LED,,Base Type,Medium Base,,,,,,,,,,,,,,,,,,,,,,,,,,,,,,,,,,,,,,,,,,,,,,,,,,,,,,,,,,,,,,,,,,,,,,,,,,,,,,,,,,,,,,,,,,,,,,,,,,,,,,,,,,,,,,,,,,,,,,,,,,,,,,,,,,,,,,,,,39101600,,,,,,,,,,,,,,,,,,,,,,,,,,,,,,,,,,,,,,,,,,,
,,,,,,,Electrical,Lighting,Light Bulbs,,570762,570762 50W Led Par16 30k 3pk,-- Unbranded --,-- No Unilog Brand --,Philips,Phillips Lighting (5831),Signify Holding,Philips®,,570762,,Electrical>Lighting & Bulbs>Light Bulbs,"Signify Holding Philips, Light Bulb, 570762, 50 W, 3000 K, LED",BULB 50W 3000K 3 PAR16 LED,"Philips® 570762 Light Bulb, 50 W, PAR16, 3000 K, LED","Philips® Light Bulb, 50 W, PAR16, 3000 K, LED, 3","Light Bulb, 50 W, PAR16, 3000 K, LED",,,,,,,,,,,,,,,,,,,,,,,,,,,Light Bulb,Wattage,50,W,Color Temperature,3000,K,Bulb Shape,PAR16,,Pack Quantity,3,,Lamp Type,LED,,,,,,,,,,,,,,,,,,,,,,,,,,,,,,,,,,,,,,,,,,,,,,,,,,,,,,,,,,,,,,,,,,,,,,,,,,,,,,,,,,,,,,,,,,,,,,,,,,,,,,,,,,,,,,,,,,,,,,,,,,,,,,,,,,,,,,,,,,,,39101600,,,,,,,,,,,,,,,,,,,,,,,,,,,,,,,,,,,,,,,,,,,
,,,,,,,Electrical,Lighting,Light Bulbs,,533352,571505 150W Led Med 50k,-- Unbranded --,-- No Unilog Brand --,Philips,Phillips Lighting (5831),Signify Holding,Philips®,,533352,,Electrical>Lighting & Bulbs>Light Bulbs,"Signify Holding Philips, Light Bulb, 533352, 150 W, 5000 K, LED",BULB 150W 5000K MED LED,"Philips® 533352 Light Bulb, 150 W, 5000 K, LED, Medium Base","Philips® Light Bulb, 150 W, 5000 K, LED, Medium Base","Light Bulb, 150 W, 5000 K, LED, Medium Base",,,,,,,,,,,,,,,,,,,,,,,,,,,Light Bulb,Wattage,150,W,Color Temperature,5000,K,Bulb Shape,,,Pack Quantity,,,Lamp Type,LED,,Base Type,Medium Base,,,,,,,,,,,,,,,,,,,,,,,,,,,,,,,,,,,,,,,,,,,,,,,,,,,,,,,,,,,,,,,,,,,,,,,,,,,,,,,,,,,,,,,,,,,,,,,,,,,,,,,,,,,,,,,,,,,,,,,,,,,,,,,,,,,,,,,,,39101600,,,,,,,,,,,,,,,,,,,,,,,,,,,,,,,,,,,,,,,,,,,
,,,,,,,Electrical,Lighting,Light Bulbs,,573519,573519 100W Led A21 27k 2pk,-- Unbranded --,-- No Unilog Brand --,Philips,Phillips Lighting (5831),Signify Holding,Philips®,,573519,,Electrical>Lighting & Bulbs>Light Bulbs,"Signify Holding Philips, Light Bulb, 573519, 100 W, 2700 K, LED",BULB 100W 2700K 2 A21 LED,"Philips® 573519 Light Bulb, 100 W, A21, 2700 K, LED","Philips® Light Bulb, 100 W, A21, 2700 K, LED, 2","Light Bulb, 100 W, A21, 2700 K, LED",,,,,,,,,,,,,,,,,,,,,,,,,,,Light Bulb,Wattage,100,W,Color Temperature,2700,K,Bulb Shape,A21,,Pack Quantity,2,,Lamp Type,LED,,,,,,,,,,,,,,,,,,,,,,,,,,,,,,,,,,,,,,,,,,,,,,,,,,,,,,,,,,,,,,,,,,,,,,,,,,,,,,,,,,,,,,,,,,,,,,,,,,,,,,,,,,,,,,,,,,,,,,,,,,,,,,,,,,,,,,,,,,,,39101600,,,,,,,,,,,,,,,,,,,,,,,,,,,,,,,,,,,,,,,,,,,
,,,,,,,Electrical,Lighting,Light Bulbs,,573378,573378 60W Led Med 27k 3pk,-- Unbranded --,-- No Unilog Brand --,Philips,Phillips Lighting (5831),Signify Holding,Philips®,,573378,,Electrical>Lighting & Bulbs>Light Bulbs,"Signify Holding Philips, Light Bulb, 573378, 60 W, 2700 K, LED",BULB 60W 2700K 3 MED LED,"Philips® 573378 Light Bulb, 60 W, 2700 K, LED, Medium Base","Philips® Light Bulb, 60 W, 2700 K, LED, Medium Base, 3","Light Bulb, 60 W, 2700 K, LED, Medium Base",,,,,,,,,,,,,,,,,,,,,,,,,,,Light Bulb,Wattage,60,W,Color Temperature,2700,K,Bulb Shape,,,Pack Quantity,3,,Lamp Type,LED,,Base Type,Medium Base,,,,,,,,,,,,,,,,,,,,,,,,,,,,,,,,,,,,,,,,,,,,,,,,,,,,,,,,,,,,,,,,,,,,,,,,,,,,,,,,,,,,,,,,,,,,,,,,,,,,,,,,,,,,,,,,,,,,,,,,,,,,,,,,,,,,,,,,,39101600,,,,,,,,,,,,,,,,,,,,,,,,,,,,,,,,,,,,,,,,,,,
,,,,,,,Electrical,Lighting,Light Bulbs,,565622,565622 60W Led Med 20k,-- Unbranded --,-- No Unilog Brand --,Philips,Phillips Lighting (5831),Signify Holding,Philips®,,565622,,Electrical>Lighting & Bulbs>Light Bulbs,"Signify Holding Philips, Light Bulb, 565622, 60 W, 2000 K, LED",BULB 60W 2000K MED LED,"Philips® 565622 Light Bulb, 60 W, 2000 K, LED, Medium Base","Philips® Light Bulb, 60 W, 2000 K, LED, Medium Base","Light Bulb, 60 W, 2000 K, LED, Medium Base",,,,,,,,,,,,,,,,,,,,,,,,,,,Light Bulb,Wattage,60,W,Color Temperature,2000,K,Bulb Shape,,,Pack Quantity,,,Lamp Type,LED,,Base Type,Medium Base,,,,,,,,,,,,,,,,,,,,,,,,,,,,,,,,,,,,,,,,,,,,,,,,,,,,,,,,,,,,,,,,,,,,,,,,,,,,,,,,,,,,,,,,,,,,,,,,,,,,,,,,,,,,,,,,,,,,,,,,,,,,,,,,,,,,,,,,,39101600,,,,,,,,,,,,,,,,,,,,,,,,,,,,,,,,,,,,,,,,,,,
,,,,,,,Electrical,Lighting,Light Bulbs,,586891,586891 Led 60W Med A19 27k,-- Unbranded --,-- No Unilog Brand --,Philips,Phillips Lighting (5831),Signify Holding,Philips®,,586891,,Electrical>Lighting & Bulbs>Light Bulbs,"Signify Holding Philips, Light Bulb, 586891, 60 W, 2700 K, LED",BULB 60W 2700K MED A19 LED,"Philips® 586891 Light Bulb, 60 W, A19, 2700 K, LED","Philips® Light Bulb, 60 W, A19, 2700 K, LED, Medium Base","Light Bulb, 60 W, A19, 2700 K, LED",,,,,,,,,,,,,,,,,,,,,,,,,,,Light Bulb,Wattage,60,W,Color Temperature,2700,K,Bulb Shape,A19,,Pack Quantity,,,Lamp Type,LED,,Base Type,Medium Base,,,,,,,,,,,,,,,,,,,,,,,,,,,,,,,,,,,,,,,,,,,,,,,,,,,,,,,,,,,,,,,,,,,,,,,,,,,,,,,,,,,,,,,,,,,,,,,,,,,,,,,,,,,,,,,,,,,,,,,,,,,,,,,,,,,,,,,,,39101600,,,,,,,,,,,,,,,,,,,,,,,,,,,,,,,,,,,,,,,,,,,
,,,,,,,Electrical,Lighting,Light Bulbs,,585448,585448 120W Led Motion Bulb,-- Unbranded --,-- No Unilog Brand --,Philips,Phillips Lighting (5831),Signify Holding,Philips®,,585448,,Electrical>Lighting & Bulbs>Light Bulbs,"Signify Holding Philips, Bulb, Led Motion, 585448, 120 W, LED",BULB 120W LED,"Philips® Led Motion 585448 Bulb, 120 W, LED","Philips® Bulb, Led Motion, 120 W, LED","Led Motion Bulb, 120 W, LED",,,,,,,,,,,,,,,,,,,,,,,,,,,Bulb,Wattage,120,W,Color Temperature,,,Bulb Shape,,,Pack Quantity,,,Series,Led Motion,,Lamp Type,LED,,,,,,,,,,,,,,,,,,,,,,,,,,,,,,,,,,,,,,,,,,,,,,,,,,,,,,,,,,,,,,,,,,,,,,,,,,,,,,,,,,,,,,,,,,,,,,,,,,,,,,,,,,,,,,,,,,,,,,,,,,,,,,,,,,,,,,,,,39101600,,,,,,,,,,,,,,,,,,,,,,,,,,,,,,,,,,,,,,,,,,,
,,,,,,,Electrical,Lighting,Light Bulbs,,573444,573444 60W Led A19 Med 50k 2pk,-- Unbranded --,-- No Unilog Brand --,Philips,Phillips Lighting (5831),Signify Holding,Philips®,,573444,,Electrical>Lighting & Bulbs>Light Bulbs,"Signify Holding Philips, Light Bulb, 573444, 60 W, 5000 K, LED",BULB 60W 5000K 2 MED A19 LED,"Philips® 573444 Light Bulb, 60 W, A19, 5000 K, LED","Philips® Light Bulb, 60 W, A19, 5000 K, LED, Medium Base, 2","Light Bulb, 60 W, A19, 5000 K, LED",,,,,,,,,,,,,,,,,,,,,,,,,,,Light Bulb,Wattage,60,W,Color Temperature,5000,K,Bulb Shape,A19,,Pack Quantity,2,,Lamp Type,LED,,Base Type,Medium Base,,,,,,,,,,,,,,,,,,,,,,,,,,,,,,,,,,,,,,,,,,,,,,,,,,,,,,,,,,,,,,,,,,,,,,,,,,,,,,,,,,,,,,,,,,,,,,,,,,,,,,,,,,,,,,,,,,,,,,,,,,,,,,,,,,,,,,,,,39101600,,,,,,,,,,,,,,,,,,,,,,,,,,,,,,,,,,,,,,,,,,,
,,,,,,,Electrical,Lighting,Light Bulbs,,566687,566687 60W Cand Led 27k 3pk,-- Unbranded --,-- No Unilog Brand --,Philips,Phillips Lighting (5831),Signify Holding,Philips®,,566687,,Electrical>Lighting & Bulbs>Light Bulbs,"Signify Holding Philips, Light Bulb, 566687, 60 W, 2700 K, LED",BULB 60W 2700K 3 CAND LED,"Philips® 566687 Light Bulb, 60 W, 2700 K, LED, Candelabra Base","Philips® Light Bulb, 60 W, 2700 K, LED, Candelabra Base, 3","Light Bulb, 60 W, 2700 K, LED, Candelabra Base",,,,,,,,,,,,,,,,,,,,,,,,,,,Light Bulb,Wattage,60,W,Color Temperature,2700,K,Bulb Shape,,,Pack Quantity,3,,Lamp Type,LED,,Base Type,Candelabra Base,,,,,,,,,,,,,,,,,,,,,,,,,,,,,,,,,,,,,,,,,,,,,,,,,,,,,,,,,,,,,,,,,,,,,,,,,,,,,,,,,,,,,,,,,,,,,,,,,,,,,,,,,,,,,,,,,,,,,,,,,,,,,,,,,,,,,,,,,39101600,,,,,,,,,,,,,,,,,,,,,,,,,,,,,,,,,,,,,,,,,,,
,,,,,,,Electrical,Lighting,Light Bulbs,,564385,564385 40w Led Med 27k 2pk,-- Unbranded --,-- No Unilog Brand --,Philips,Phillips Lighting (5831),Signify Holding,Philips®,,564385,,Electrical>Lighting & Bulbs>Light Bulbs,"Signify Holding Philips, Light Bulb, 564385, 40 W, 2700 K, LED",BULB 40W 2700K 2 MED LED,"Philips® 564385 Light Bulb, 40 W, 2700 K, LED, Medium Base","Philips® Light Bulb, 40 W, 2700 K, LED, Medium Base, 2","Light Bulb, 40 W, 2700 K, LED, Medium Base",,,,,,,,,,,,,,,,,,,,,,,,,,,Light Bulb,Wattage,40,W,Color Temperature,2700,K,Bulb Shape,,,Pack Quantity,2,,Lamp Type,LED,,Base Type,Medium Base,,,,,,,,,,,,,,,,,,,,,,,,,,,,,,,,,,,,,,,,,,,,,,,,,,,,,,,,,,,,,,,,,,,,,,,,,,,,,,,,,,,,,,,,,,,,,,,,,,,,,,,,,,,,,,,,,,,,,,,,,,,,,,,,,,,,,,,,,39101600,,,,,,,,,,,,,,,,,,,,,,,,,,,,,,,,,,,,,,,,,,,
,,,,,,,Electrical,Lighting,Light Bulbs,,566661,566661 40W LED Cand 27k 3pk,-- Unbranded --,-- No Unilog Brand --,Philips,Phillips Lighting (5831),Signify Holding,Philips®,,566661,,Electrical>Lighting & Bulbs>Light Bulbs,"Signify Holding Philips, Light Bulb, 566661, 40 W, 2700 K, LED",BULB 40W 2700K 3 CAND LED,"Philips® 566661 Light Bulb, 40 W, 2700 K, LED, Candelabra Base","Philips® Light Bulb, 40 W, 2700 K, LED, Candelabra Base, 3","Light Bulb, 40 W, 2700 K, LED, Candelabra Base",,,,,,,,,,,,,,,,,,,,,,,,,,,Light Bulb,Wattage,40,W,Color Temperature,2700,K,Bulb Shape,,,Pack Quantity,3,,Lamp Type,LED,,Base Type,Candelabra Base,,,,,,,,,,,,,,,,,,,,,,,,,,,,,,,,,,,,,,,,,,,,,,,,,,,,,,,,,,,,,,,,,,,,,,,,,,,,,,,,,,,,,,,,,,,,,,,,,,,,,,,,,,,,,,,,,,,,,,,,,,,,,,,,,,,,,,,,,39101600,,,,,,,,,,,,,,,,,,,,,,,,,,,,,,,,,,,,,,,,,,,
,,,,,,,Electrical,Lighting,Light Bulbs,,564898,564898 60W Cand Led 50k 3pk,-- Unbranded --,-- No Unilog Brand --,Philips,Phillips Lighting (5831),Signify Holding,Philips®,,564898,,Electrical>Lighting & Bulbs>Light Bulbs,"Signify Holding Philips, Light Bulb, 564898, 60 W, 5000 K, LED",BULB 60W 5000K 3 CAND LED,"Philips® 564898 Light Bulb, 60 W, 5000 K, LED, Candelabra Base","Philips® Light Bulb, 60 W, 5000 K, LED, Candelabra Base, 3","Light Bulb, 60 W, 5000 K, LED, Candelabra Base",,,,,,,,,,,,,,,,,,,,,,,,,,,Light Bulb,Wattage,60,W,Color Temperature,5000,K,Bulb Shape,,,Pack Quantity,3,,Lamp Type,LED,,Base Type,Candelabra Base,,,,,,,,,,,,,,,,,,,,,,,,,,,,,,,,,,,,,,,,,,,,,,,,,,,,,,,,,,,,,,,,,,,,,,,,,,,,,,,,,,,,,,,,,,,,,,,,,,,,,,,,,,,,,,,,,,,,,,,,,,,,,,,,,,,,,,,,,39101600,,,,,,,,,,,,,,,,,,,,,,,,,,,,,,,,,,,,,,,,,,,
,,,,,,,Electrical,Lighting,Light Bulbs,,538319,588525 40W Led Cand 3pk,-- Unbranded --,-- No Unilog Brand --,Philips,Phillips Lighting (5831),Signify Holding,Philips®,,538319,,Electrical>Lighting & Bulbs>Light Bulbs,"Signify Holding Philips, Light Bulb, 538319, 40 W, LED, Candelabra Base",BULB 40W 3 CAND LED,"Philips® 538319 Light Bulb, 40 W, LED, Candelabra Base, 3","Philips® Light Bulb, 40 W, LED, Candelabra Base, 3","Light Bulb, 40 W, LED, Candelabra Base, 3",,,,,,,,,,,,,,,,,,,,,,,,,,,Light Bulb,Wattage,40,W,Color Temperature,,,Bulb Shape,,,Pack Quantity,3,,Lamp Type,LED,,Base Type,Candelabra Base,,,,,,,,,,,,,,,,,,,,,,,,,,,,,,,,,,,,,,,,,,,,,,,,,,,,,,,,,,,,,,,,,,,,,,,,,,,,,,,,,,,,,,,,,,,,,,,,,,,,,,,,,,,,,,,,,,,,,,,,,,,,,,,,,,,,,,,,,39101600,,,,,,,,,,,,,,,,,,,,,,,,,,,,,,,,,,,,,,,,,,,
,,,,,,,Electrical,Lighting,Light Bulbs,,576009,576009 100W Led Par30L Med 50k,-- Unbranded --,-- No Unilog Brand --,Philips,Phillips Lighting (5831),Signify Holding,Philips®,,576009,,Electrical>Lighting & Bulbs>Light Bulbs,"Signify Holding Philips, Light Bulb, 576009, 100 W, 5000 K, LED",BULB 100W 5000K MED PAR30 LED,"Philips® 576009 Light Bulb, 100 W, PAR30, 5000 K, LED","Philips® Light Bulb, 100 W, PAR30, 5000 K, LED, Medium Base","Light Bulb, 100 W, PAR30, 5000 K, LED",,,,,,,,,,,,,,,,,,,,,,,,,,,Light Bulb,Wattage,100,W,Color Temperature,5000,K,Bulb Shape,PAR30,,Pack Quantity,,,Lamp Type,LED,,Base Type,Medium Base,,,,,,,,,,,,,,,,,,,,,,,,,,,,,,,,,,,,,,,,,,,,,,,,,,,,,,,,,,,,,,,,,,,,,,,,,,,,,,,,,,,,,,,,,,,,,,,,,,,,,,,,,,,,,,,,,,,,,,,,,,,,,,,,,,,,,,,,,39101600,,,,,,,,,,,,,,,,,,,,,,,,,,,,,,,,,,,,,,,,,,,
,,,,,,,Electrical,Lighting,Light Bulbs,,564450,564450 40W Led Cand 27k 2pk,-- Unbranded --,-- No Unilog Brand --,Philips,Phillips Lighting (5831),Signify Holding,Philips®,,564450,,Electrical>Lighting & Bulbs>Light Bulbs,"Signify Holding Philips, Light Bulb, 564450, 40 W, 2700 K, LED",BULB 40W 2700K 2 CAND LED,"Philips® 564450 Light Bulb, 40 W, 2700 K, LED, Candelabra Base","Philips® Light Bulb, 40 W, 2700 K, LED, Candelabra Base, 2","Light Bulb, 40 W, 2700 K, LED, Candelabra Base",,,,,,,,,,,,,,,,,,,,,,,,,,,Light Bulb,Wattage,40,W,Color Temperature,2700,K,Bulb Shape,,,Pack Quantity,2,,Lamp Type,LED,,Base Type,Candelabra Base,,,,,,,,,,,,,,,,,,,,,,,,,,,,,,,,,,,,,,,,,,,,,,,,,,,,,,,,,,,,,,,,,,,,,,,,,,,,,,,,,,,,,,,,,,,,,,,,,,,,,,,,,,,,,,,,,,,,,,,,,,,,,,,,,,,,,,,,,39101600,,,,,,,,,,,,,,,,,,,,,,,,,,,,,,,,,,,,,,,,,,,
,,,,,,,Electrical,Lighting,Light Bulbs,,572669,572669 60W Led F15 Med 27k,-- Unbranded --,-- No Unilog Brand --,Philips,Phillips Lighting (5831),Signify Holding,Philips®,,572669,,Electrical>Lighting & Bulbs>Light Bulbs,"Signify Holding Philips, Light Bulb, 572669, 60 W, 2700 K, LED",BULB 60W 2700K MED LED,"Philips® 572669 Light Bulb, 60 W, 2700 K, LED, Medium Base","Philips® Light Bulb, 60 W, 2700 K, LED, Medium Base","Light Bulb, 60 W, 2700 K, LED, Medium Base",,,,,,,,,,,,,,,,,,,,,,,,,,,Light Bulb,Wattage,60,W,Color Temperature,2700,K,Bulb Shape,,,Pack Quantity,,,Lamp Type,LED,,Base Type,Medium Base,,,,,,,,,,,,,,,,,,,,,,,,,,,,,,,,,,,,,,,,,,,,,,,,,,,,,,,,,,,,,,,,,,,,,,,,,,,,,,,,,,,,,,,,,,,,,,,,,,,,,,,,,,,,,,,,,,,,,,,,,,,,,,,,,,,,,,,,,39101600,,,,,,,,,,,,,,,,,,,,,,,,,,,,,,,,,,,,,,,,,,,
,,,,,,,Electrical,Lighting,Light Bulbs,,564906,564906 60W Led Med 27k 2pk,-- Unbranded --,-- No Unilog Brand --,Philips,Phillips Lighting (5831),Signify Holding,Philips®,,564906,,Electrical>Lighting & Bulbs>Light Bulbs,"Signify Holding Philips, Light Bulb, 564906, 60 W, 2700 K, LED",BULB 60W 2700K 2 MED LED,"Philips® 564906 Light Bulb, 60 W, 2700 K, LED, Medium Base","Philips® Light Bulb, 60 W, 2700 K, LED, Medium Base, 2","Light Bulb, 60 W, 2700 K, LED, Medium Base",,,,,,,,,,,,,,,,,,,,,,,,,,,Light Bulb,Wattage,60,W,Color Temperature,2700,K,Bulb Shape,,,Pack Quantity,2,,Lamp Type,LED,,Base Type,Medium Base,,,,,,,,,,,,,,,,,,,,,,,,,,,,,,,,,,,,,,,,,,,,,,,,,,,,,,,,,,,,,,,,,,,,,,,,,,,,,,,,,,,,,,,,,,,,,,,,,,,,,,,,,,,,,,,,,,,,,,,,,,,,,,,,,,,,,,,,,39101600,,,,,,,,,,,,,,,,,,,,,,,,,,,,,,,,,,,,,,,,,,,
,,,,,,,Electrical,Lighting,Light Bulbs,,573410,573410 40W Led A19 Med 27k 2pk,-- Unbranded --,-- No Unilog Brand --,Philips,Phillips Lighting (5831),Signify Holding,Philips®,,573410,,Electrical>Lighting & Bulbs>Light Bulbs,"Signify Holding Philips, Light Bulb, 573410, 40 W, 2700 K, LED",BULB 40W 2700K 2 MED A19 LED,"Philips® 573410 Light Bulb, 40 W, A19, 2700 K, LED","Philips® Light Bulb, 40 W, A19, 2700 K, LED, Medium Base, 2","Light Bulb, 40 W, A19, 2700 K, LED",,,,,,,,,,,,,,,,,,,,,,,,,,,Light Bulb,Wattage,40,W,Color Temperature,2700,K,Bulb Shape,A19,,Pack Quantity,2,,Lamp Type,LED,,Base Type,Medium Base,,,,,,,,,,,,,,,,,,,,,,,,,,,,,,,,,,,,,,,,,,,,,,,,,,,,,,,,,,,,,,,,,,,,,,,,,,,,,,,,,,,,,,,,,,,,,,,,,,,,,,,,,,,,,,,,,,,,,,,,,,,,,,,,,,,,,,,,,39101600,,,,,,,,,,,,,,,,,,,,,,,,,,,,,,,,,,,,,,,,,,,
,,,,,,,Electrical,Lighting,Light Bulbs,,576504,576504 65W Led BR40 Med 50k,-- Unbranded --,-- No Unilog Brand --,Philips,Phillips Lighting (5831),Signify Holding,Philips®,,576504,,Electrical>Lighting & Bulbs>Light Bulbs,"Signify Holding Philips, Light Bulb, 576504, 65 W, 5000 K, LED",BULB 65W 5000K MED BR40 LED,"Philips® 576504 Light Bulb, 65 W, BR40, 5000 K, LED","Philips® Light Bulb, 65 W, BR40, 5000 K, LED, Medium Base","Light Bulb, 65 W, BR40, 5000 K, LED",,,,,,,,,,,,,,,,,,,,,,,,,,,Light Bulb,Wattage,65,W,Color Temperature,5000,K,Bulb Shape,BR40,,Pack Quantity,,,Lamp Type,LED,,Base Type,Medium Base,,,,,,,,,,,,,,,,,,,,,,,,,,,,,,,,,,,,,,,,,,,,,,,,,,,,,,,,,,,,,,,,,,,,,,,,,,,,,,,,,,,,,,,,,,,,,,,,,,,,,,,,,,,,,,,,,,,,,,,,,,,,,,,,,,,,,,,,,39101600,,,,,,,,,,,,,,,,,,,,,,,,,,,,,,,,,,,,,,,,,,,
,,,,,,,Electrical,Lighting,Light Bulbs,,576017,576017 100W Led Par30L Med 30k,-- Unbranded --,-- No Unilog Brand --,Philips,Phillips Lighting (5831),Signify Holding,Philips®,,576017,,Electrical>Lighting & Bulbs>Light Bulbs,"Signify Holding Philips, Light Bulb, 576017, 100 W, 3000 K, LED",BULB 100W 3000K MED PAR30 LED,"Philips® 576017 Light Bulb, 100 W, PAR30, 3000 K, LED","Philips® Light Bulb, 100 W, PAR30, 3000 K, LED, Medium Base","Light Bulb, 100 W, PAR30, 3000 K, LED",,,,,,,,,,,,,,,,,,,,,,,,,,,Light Bulb,Wattage,100,W,Color Temperature,3000,K,Bulb Shape,PAR30,,Pack Quantity,,,Lamp Type,LED,,Base Type,Medium Base,,,,,,,,,,,,,,,,,,,,,,,,,,,,,,,,,,,,,,,,,,,,,,,,,,,,,,,,,,,,,,,,,,,,,,,,,,,,,,,,,,,,,,,,,,,,,,,,,,,,,,,,,,,,,,,,,,,,,,,,,,,,,,,,,,,,,,,,,39101600,,,,,,,,,,,,,,,,,,,,,,,,,,,,,,,,,,,,,,,,,,,
,,,,,,,Electrical,Lighting,Light Bulbs,,574392,574392 40W Led B11 Med 27k 3pk,-- Unbranded --,-- No Unilog Brand --,Philips,Phillips Lighting (5831),Signify Holding,Philips®,,574392,,Electrical>Lighting & Bulbs>Light Bulbs,"Signify Holding Philips, Light Bulb, 574392, 40 W, 2700 K, LED",BULB 40W 2700K 3 MED LED,"Philips® 574392 Light Bulb, 40 W, 2700 K, LED, Medium Base","Philips® Light Bulb, 40 W, 2700 K, LED, Medium Base, 3","Light Bulb, 40 W, 2700 K, LED, Medium Base",,,,,,,,,,,,,,,,,,,,,,,,,,,Light Bulb,Wattage,40,W,Color Temperature,2700,K,Bulb Shape,,,Pack Quantity,3,,Lamp Type,LED,,Base Type,Medium Base,,,,,,,,,,,,,,,,,,,,,,,,,,,,,,,,,,,,,,,,,,,,,,,,,,,,,,,,,,,,,,,,,,,,,,,,,,,,,,,,,,,,,,,,,,,,,,,,,,,,,,,,,,,,,,,,,,,,,,,,,,,,,,,,,,,,,,,,,39101600,,,,,,,,,,,,,,,,,,,,,,,,,,,,,,,,,,,,,,,,,,,
,,,,,,,Electrical,Lighting,Light Bulbs,,576751,576751 65W Led BR30 Med 3pk,-- Unbranded --,-- No Unilog Brand --,Philips,Phillips Lighting (5831),Signify Holding,Philips®,,576751,,Electrical>Lighting & Bulbs>Light Bulbs,"Signify Holding Philips, Light Bulb, 576751, 65 W, LED, BR30",BULB 65W 3 MED BR30 LED,"Philips® 576751 Light Bulb, 65 W, BR30, LED, Medium Base","Philips® Light Bulb, 65 W, BR30, LED, Medium Base, 3","Light Bulb, 65 W, BR30, LED, Medium Base",,,,,,,,,,,,,,,,,,,,,,,,,,,Light Bulb,Wattage,65,W,Color Temperature,,,Bulb Shape,BR30,,Pack Quantity,3,,Lamp Type,LED,,Base Type,Medium Base,,,,,,,,,,,,,,,,,,,,,,,,,,,,,,,,,,,,,,,,,,,,,,,,,,,,,,,,,,,,,,,,,,,,,,,,,,,,,,,,,,,,,,,,,,,,,,,,,,,,,,,,,,,,,,,,,,,,,,,,,,,,,,,,,,,,,,,,,39101600,,,,,,,,,,,,,,,,,,,,,,,,,,,,,,,,,,,,,,,,,,,
,,,,,,,Electrical,Lighting,Light Bulbs,,583161,583161 Led 65W Med BR30 3pk,-- Unbranded --,-- No Unilog Brand --,Philips,Phillips Lighting (5831),Signify Holding,Philips®,,583161,,Electrical>Lighting & Bulbs>Light Bulbs,"Signify Holding Philips, Light Bulb, 583161, 65 W, LED, BR30",BULB 65W 3 MED BR30 LED,"Philips® 583161 Light Bulb, 65 W, BR30, LED, Medium Base","Philips® Light Bulb, 65 W, BR30, LED, Medium Base, 3","Light Bulb, 65 W, BR30, LED, Medium Base",,,,,,,,,,,,,,,,,,,,,,,,,,,Light Bulb,Wattage,65,W,Color Temperature,,,Bulb Shape,BR30,,Pack Quantity,3,,Lamp Type,LED,,Base Type,Medium Base,,,,,,,,,,,,,,,,,,,,,,,,,,,,,,,,,,,,,,,,,,,,,,,,,,,,,,,,,,,,,,,,,,,,,,,,,,,,,,,,,,,,,,,,,,,,,,,,,,,,,,,,,,,,,,,,,,,,,,,,,,,,,,,,,,,,,,,,,39101600,,,,,,,,,,,,,,,,,,,,,,,,,,,,,,,,,,,,,,,,,,,
,,,,,,,Electrical,Lighting,Light Bulbs,,566695,566695 60W Led Med 27k 3pk,-- Unbranded --,-- No Unilog Brand --,Philips,Phillips Lighting (5831),Signify Holding,Philips®,,566695,,Electrical>Lighting & Bulbs>Light Bulbs,"Signify Holding Philips, Light Bulb, 566695, 60 W, 2700 K, LED",BULB 60W 2700K 3 MED LED,"Philips® 566695 Light Bulb, 60 W, 2700 K, LED, Medium Base","Philips® Light Bulb, 60 W, 2700 K, LED, Medium Base, 3","Light Bulb, 60 W, 2700 K, LED, Medium Base",,,,,,,,,,,,,,,,,,,,,,,,,,,Light Bulb,Wattage,60,W,Color Temperature,2700,K,Bulb Shape,,,Pack Quantity,3,,Lamp Type,LED,,Base Type,Medium Base,,,,,,,,,,,,,,,,,,,,,,,,,,,,,,,,,,,,,,,,,,,,,,,,,,,,,,,,,,,,,,,,,,,,,,,,,,,,,,,,,,,,,,,,,,,,,,,,,,,,,,,,,,,,,,,,,,,,,,,,,,,,,,,,,,,,,,,,,39101600,,,,,,,,,,,,,,,,,,,,,,,,,,,,,,,,,,,,,,,,,,,
,,,,,,,,,,,577007,577007 125W Led Med 30k Flood,-- Unbranded --,-- No Unilog Brand --,Philips,Phillips Lighting (5831),Signify Holding,Philips®,,577007,,,"Signify Holding Philips, Flood, 577007, 125 W, 3000 K, LED, Medium Base",FLOOD 125W 3000K MED LED,"Philips® 577007 Flood, 125 W, 3000 K, Medium Base, LED","Philips® Flood, 125 W, 3000 K, Medium Base, LED","Flood, 125 W, 3000 K, Medium Base, LED",,,,,,,,,,,,,,,,,,,,,,,,,,,Flood,Wattage,125,W,Color Temperature,3000,K,Bulb Shape,,,Base Type,Medium Base,,Pack Quantity,,,Lamp Type,LED,,,,,,,,,,,,,,,,,,,,,,,,,,,,,,,,,,,,,,,,,,,,,,,,,,,,,,,,,,,,,,,,,,,,,,,,,,,,,,,,,,,,,,,,,,,,,,,,,,,,,,,,,,,,,,,,,,,,,,,,,,,,,,,,,,,,,,,,,,,,,,,,,,,,,,,,,,,,,,,,,,,,,,,,,,,,,,,,,,,,
,,,,,,,Electrical,Lighting,Light Bulbs,,566653,566653 25W Led Cand 27k 3pk,-- Unbranded --,-- No Unilog Brand --,Philips,Phillips Lighting (5831),Signify Holding,Philips®,,566653,,Electrical>Lighting & Bulbs>Light Bulbs,"Signify Holding Philips, Light Bulb, 566653, 25 W, 2700 K, LED",BULB 25W 2700K 3 CAND LED,"Philips® 566653 Light Bulb, 25 W, 2700 K, LED, Candelabra Base","Philips® Light Bulb, 25 W, 2700 K, LED, Candelabra Base, 3","Light Bulb, 25 W, 2700 K, LED, Candelabra Base",,,,,,,,,,,,,,,,,,,,,,,,,,,Light Bulb,Wattage,25,W,Color Temperature,2700,K,Bulb Shape,,,Pack Quantity,3,,Lamp Type,LED,,Base Type,Candelabra Base,,,,,,,,,,,,,,,,,,,,,,,,,,,,,,,,,,,,,,,,,,,,,,,,,,,,,,,,,,,,,,,,,,,,,,,,,,,,,,,,,,,,,,,,,,,,,,,,,,,,,,,,,,,,,,,,,,,,,,,,,,,,,,,,,,,,,,,,,39101600,,,,,,,,,,,,,,,,,,,,,,,,,,,,,,,,,,,,,,,,,,,
,,,,,,,Electrical,Lighting,Light Bulbs,,566679,566679 40W Led Med 27k 3pk,-- Unbranded --,-- No Unilog Brand --,Philips,Phillips Lighting (5831),Signify Holding,Philips®,,566679,,Electrical>Lighting & Bulbs>Light Bulbs,"Signify Holding Philips, Light Bulb, 566679, 40 W, 2700 K, LED",BULB 40W 2700K 3 MED LED,"Philips® 566679 Light Bulb, 40 W, 2700 K, LED, Medium Base","Philips® Light Bulb, 40 W, 2700 K, LED, Medium Base, 3","Light Bulb, 40 W, 2700 K, LED, Medium Base",,,,,,,,,,,,,,,,,,,,,,,,,,,Light Bulb,Wattage,40,W,Color Temperature,2700,K,Bulb Shape,,,Pack Quantity,3,,Lamp Type,LED,,Base Type,Medium Base,,,,,,,,,,,,,,,,,,,,,,,,,,,,,,,,,,,,,,,,,,,,,,,,,,,,,,,,,,,,,,,,,,,,,,,,,,,,,,,,,,,,,,,,,,,,,,,,,,,,,,,,,,,,,,,,,,,,,,,,,,,,,,,,,,,,,,,,,39101600,,,,,,,,,,,,,,,,,,,,,,,,,,,,,,,,,,,,,,,,,,,
,,,,,,,Electrical,Lighting,Light Bulbs,,573311,573311 60W Led Med 27k 2pk,-- Unbranded --,-- No Unilog Brand --,Philips,Phillips Lighting (5831),Signify Holding,Philips®,,573311,,Electrical>Lighting & Bulbs>Light Bulbs,"Signify Holding Philips, Light Bulb, 573311, 60 W, 2700 K, LED",BULB 60W 2700K 2 MED LED,"Philips® 573311 Light Bulb, 60 W, 2700 K, LED, Medium Base","Philips® Light Bulb, 60 W, 2700 K, LED, Medium Base, 2","Light Bulb, 60 W, 2700 K, LED, Medium Base",,,,,,,,,,,,,,,,,,,,,,,,,,,Light Bulb,Wattage,60,W,Color Temperature,2700,K,Bulb Shape,,,Pack Quantity,2,,Lamp Type,LED,,Base Type,Medium Base,,,,,,,,,,,,,,,,,,,,,,,,,,,,,,,,,,,,,,,,,,,,,,,,,,,,,,,,,,,,,,,,,,,,,,,,,,,,,,,,,,,,,,,,,,,,,,,,,,,,,,,,,,,,,,,,,,,,,,,,,,,,,,,,,,,,,,,,,39101600,,,,,,,,,,,,,,,,,,,,,,,,,,,,,,,,,,,,,,,,,,,
,,,,,,,Electrical,Lighting,Light Bulbs,,573394,573394 60W Led Cand 27k 2pk,-- Unbranded --,-- No Unilog Brand --,Philips,Phillips Lighting (5831),Signify Holding,Philips®,,573394,,Electrical>Lighting & Bulbs>Light Bulbs,"Signify Holding Philips, Light Bulb, 573394, 60 W, 2700 K, LED",BULB 60W 2700K 2 CAND LED,"Philips® 573394 Light Bulb, 60 W, 2700 K, LED, Candelabra Base","Philips® Light Bulb, 60 W, 2700 K, LED, Candelabra Base, 2","Light Bulb, 60 W, 2700 K, LED, Candelabra Base",,,,,,,,,,,,,,,,,,,,,,,,,,,Light Bulb,Wattage,60,W,Color Temperature,2700,K,Bulb Shape,,,Pack Quantity,2,,Lamp Type,LED,,Base Type,Candelabra Base,,,,,,,,,,,,,,,,,,,,,,,,,,,,,,,,,,,,,,,,,,,,,,,,,,,,,,,,,,,,,,,,,,,,,,,,,,,,,,,,,,,,,,,,,,,,,,,,,,,,,,,,,,,,,,,,,,,,,,,,,,,,,,,,,,,,,,,,,39101600,,,,,,,,,,,,,,,,,,,,,,,,,,,,,,,,,,,,,,,,,,,
,,,,,,,Electrical,Lighting,Light Bulbs,,573329,573329 60W Cand Led 27k 2pk,-- Unbranded --,-- No Unilog Brand --,Philips,Phillips Lighting (5831),Signify Holding,Philips®,,573329,,Electrical>Lighting & Bulbs>Light Bulbs,"Signify Holding Philips, Light Bulb, 573329, 60 W, 2700 K, LED",BULB 60W 2700K 2 CAND LED,"Philips® 573329 Light Bulb, 60 W, 2700 K, LED, Candelabra Base","Philips® Light Bulb, 60 W, 2700 K, LED, Candelabra Base, 2","Light Bulb, 60 W, 2700 K, LED, Candelabra Base",,,,,,,,,,,,,,,,,,,,,,,,,,,Light Bulb,Wattage,60,W,Color Temperature,2700,K,Bulb Shape,,,Pack Quantity,2,,Lamp Type,LED,,Base Type,Candelabra Base,,,,,,,,,,,,,,,,,,,,,,,,,,,,,,,,,,,,,,,,,,,,,,,,,,,,,,,,,,,,,,,,,,,,,,,,,,,,,,,,,,,,,,,,,,,,,,,,,,,,,,,,,,,,,,,,,,,,,,,,,,,,,,,,,,,,,,,,,39101600,,,,,,,,,,,,,,,,,,,,,,,,,,,,,,,,,,,,,,,,,,,
,,,,,,,Electrical,Lighting,Light Bulbs,,564930,564930 40W Cand Led 50k 3pk,-- Unbranded --,-- No Unilog Brand --,Philips,Phillips Lighting (5831),Signify Holding,Philips®,,564930,,Electrical>Lighting & Bulbs>Light Bulbs,"Signify Holding Philips, Light Bulb, 564930, 40 W, 5000 K, LED",BULB 40W 5000K 3 CAND LED,"Philips® 564930 Light Bulb, 40 W, 5000 K, LED, Candelabra Base","Philips® Light Bulb, 40 W, 5000 K, LED, Candelabra Base, 3","Light Bulb, 40 W, 5000 K, LED, Candelabra Base",,,,,,,,,,,,,,,,,,,,,,,,,,,Light Bulb,Wattage,40,W,Color Temperature,5000,K,Bulb Shape,,,Pack Quantity,3,,Lamp Type,LED,,Base Type,Candelabra Base,,,,,,,,,,,,,,,,,,,,,,,,,,,,,,,,,,,,,,,,,,,,,,,,,,,,,,,,,,,,,,,,,,,,,,,,,,,,,,,,,,,,,,,,,,,,,,,,,,,,,,,,,,,,,,,,,,,,,,,,,,,,,,,,,,,,,,,,,39101600,,,,,,,,,,,,,,,,,,,,,,,,,,,,,,,,,,,,,,,,,,,
,,,,,,,Electrical,Lighting,Light Bulbs,,565000,565000 60W Led Med 27k 2pk,-- Unbranded --,-- No Unilog Brand --,Philips,Phillips Lighting (5831),Signify Holding,Philips®,,565000,,Electrical>Lighting & Bulbs>Light Bulbs,"Signify Holding Philips, Light Bulb, 565000, 60 W, 2700 K, LED",BULB 60W 2700K 2 MED LED,"Philips® 565000 Light Bulb, 60 W, 2700 K, LED, Medium Base","Philips® Light Bulb, 60 W, 2700 K, LED, Medium Base, 2","Light Bulb, 60 W, 2700 K, LED, Medium Base",,,,,,,,,,,,,,,,,,,,,,,,,,,Light Bulb,Wattage,60,W,Color Temperature,2700,K,Bulb Shape,,,Pack Quantity,2,,Lamp Type,LED,,Base Type,Medium Base,,,,,,,,,,,,,,,,,,,,,,,,,,,,,,,,,,,,,,,,,,,,,,,,,,,,,,,,,,,,,,,,,,,,,,,,,,,,,,,,,,,,,,,,,,,,,,,,,,,,,,,,,,,,,,,,,,,,,,,,,,,,,,,,,,,,,,,,,39101600,,,,,,,,,,,,,,,,,,,,,,,,,,,,,,,,,,,,,,,,,,,
,,,,,,,Electrical,Lighting,Light Bulbs,,564922,564922 60W Led BA11 50k 3pk,-- Unbranded --,-- No Unilog Brand --,Philips,Phillips Lighting (5831),Signify Holding,Philips®,,564922,,Electrical>Lighting & Bulbs>Light Bulbs,"Signify Holding Philips, Light Bulb, 564922, 60 W, 5000 K, LED",BULB 60W 5000K 3 BA11 LED,"Philips® 564922 Light Bulb, 60 W, BA11, 5000 K, LED","Philips® Light Bulb, 60 W, BA11, 5000 K, LED, 3","Light Bulb, 60 W, BA11, 5000 K, LED",,,,,,,,,,,,,,,,,,,,,,,,,,,Light Bulb,Wattage,60,W,Color Temperature,5000,K,Bulb Shape,BA11,,Pack Quantity,3,,Lamp Type,LED,,,,,,,,,,,,,,,,,,,,,,,,,,,,,,,,,,,,,,,,,,,,,,,,,,,,,,,,,,,,,,,,,,,,,,,,,,,,,,,,,,,,,,,,,,,,,,,,,,,,,,,,,,,,,,,,,,,,,,,,,,,,,,,,,,,,,,,,,,,,39101600,,,,,,,,,,,,,,,,,,,,,,,,,,,,,,,,,,,,,,,,,,,
,,,,,,,Electrical,Lighting,Light Bulbs,,573295,573295 40W Led Med 27k 2pk,-- Unbranded --,-- No Unilog Brand --,Philips,Phillips Lighting (5831),Signify Holding,Philips®,,573295,,Electrical>Lighting & Bulbs>Light Bulbs,"Signify Holding Philips, Light Bulb, 573295, 40 W, 2700 K, LED",BULB 40W 2700K 2 MED LED,"Philips® 573295 Light Bulb, 40 W, 2700 K, LED, Medium Base","Philips® Light Bulb, 40 W, 2700 K, LED, Medium Base, 2","Light Bulb, 40 W, 2700 K, LED, Medium Base",,,,,,,,,,,,,,,,,,,,,,,,,,,Light Bulb,Wattage,40,W,Color Temperature,2700,K,Bulb Shape,,,Pack Quantity,2,,Lamp Type,LED,,Base Type,Medium Base,,,,,,,,,,,,,,,,,,,,,,,,,,,,,,,,,,,,,,,,,,,,,,,,,,,,,,,,,,,,,,,,,,,,,,,,,,,,,,,,,,,,,,,,,,,,,,,,,,,,,,,,,,,,,,,,,,,,,,,,,,,,,,,,,,,,,,,,,39101600,,,,,,,,,,,,,,,,,,,,,,,,,,,,,,,,,,,,,,,,,,,
,,,,,,,Electrical,Lighting,Light Bulbs,,564914,564914 60W Med Led 50k 2pk,-- Unbranded --,-- No Unilog Brand --,Philips,Phillips Lighting (5831),Signify Holding,Philips®,,564914,,Electrical>Lighting & Bulbs>Light Bulbs,"Signify Holding Philips, Light Bulb, 564914, 60 W, 5000 K, LED",BULB 60W 5000K 2 MED LED,"Philips® 564914 Light Bulb, 60 W, 5000 K, LED, Medium Base","Philips® Light Bulb, 60 W, 5000 K, LED, Medium Base, 2","Light Bulb, 60 W, 5000 K, LED, Medium Base",,,,,,,,,,,,,,,,,,,,,,,,,,,Light Bulb,Wattage,60,W,Color Temperature,5000,K,Bulb Shape,,,Pack Quantity,2,,Lamp Type,LED,,Base Type,Medium Base,,,,,,,,,,,,,,,,,,,,,,,,,,,,,,,,,,,,,,,,,,,,,,,,,,,,,,,,,,,,,,,,,,,,,,,,,,,,,,,,,,,,,,,,,,,,,,,,,,,,,,,,,,,,,,,,,,,,,,,,,,,,,,,,,,,,,,,,,39101600,,,,,,,,,,,,,,,,,,,,,,,,,,,,,,,,,,,,,,,,,,,
,,,,,,,Electrical,Lighting,Light Bulbs,,573485,573485 60W Led A19 Med 50k 2pk,-- Unbranded --,-- No Unilog Brand --,Philips,Phillips Lighting (5831),Signify Holding,Philips®,,573485,,Electrical>Lighting & Bulbs>Light Bulbs,"Signify Holding Philips, Light Bulb, 573485, 60 W, 5000 K, LED",BULB 60W 5000K 2 MED A19 LED,"Philips® 573485 Light Bulb, 60 W, A19, 5000 K, LED","Philips® Light Bulb, 60 W, A19, 5000 K, LED, Medium Base, 2","Light Bulb, 60 W, A19, 5000 K, LED",,,,,,,,,,,,,,,,,,,,,,,,,,,Light Bulb,Wattage,60,W,Color Temperature,5000,K,Bulb Shape,A19,,Pack Quantity,2,,Lamp Type,LED,,Base Type,Medium Base,,,,,,,,,,,,,,,,,,,,,,,,,,,,,,,,,,,,,,,,,,,,,,,,,,,,,,,,,,,,,,,,,,,,,,,,,,,,,,,,,,,,,,,,,,,,,,,,,,,,,,,,,,,,,,,,,,,,,,,,,,,,,,,,,,,,,,,,,39101600,,,,,,,,,,,,,,,,,,,,,,,,,,,,,,,,,,,,,,,,,,,
,,,,,,,Electrical,Lighting,Light Bulbs,,573337,573337 40W Led G25 Med 50k 2pk,-- Unbranded --,-- No Unilog Brand --,Philips,Phillips Lighting (5831),Signify Holding,Philips®,,573337,,Electrical>Lighting & Bulbs>Light Bulbs,"Signify Holding Philips, Light Bulb, 573337, 40 W, 5000 K, LED",BULB 40W 5000K 2 MED G25 LED,"Philips® 573337 Light Bulb, 40 W, G25, 5000 K, LED","Philips® Light Bulb, 40 W, G25, 5000 K, LED, Medium Base, 2","Light Bulb, 40 W, G25, 5000 K, LED",,,,,,,,,,,,,,,,,,,,,,,,,,,Light Bulb,Wattage,40,W,Color Temperature,5000,K,Bulb Shape,G25,,Pack Quantity,2,,Lamp Type,LED,,Base Type,Medium Base,,,,,,,,,,,,,,,,,,,,,,,,,,,,,,,,,,,,,,,,,,,,,,,,,,,,,,,,,,,,,,,,,,,,,,,,,,,,,,,,,,,,,,,,,,,,,,,,,,,,,,,,,,,,,,,,,,,,,,,,,,,,,,,,,,,,,,,,,39101600,,,,,,,,,,,,,,,,,,,,,,,,,,,,,,,,,,,,,,,,,,,
,,,,,,,,,,,544874,544874 32W Led T8 UBulb 40k,-- Unbranded --,-- No Unilog Brand --,Philips,Phillips Lighting (5831),Signify Holding,Philips®,,544874,,,"Signify Holding Philips, Ubulb, 544874, 32 W, 4000 K, LED, T8",UBULB 32W 4000K T8 LED,"Philips® 544874 Ubulb, 32 W, 4000 K, LED, T8","Philips® Ubulb, 32 W, 4000 K, LED, T8","Ubulb, 32 W, 4000 K, LED, T8",,,,,,,,,,,,,,,,,,,,,,,,,,,Ubulb,Wattage,32,W,Color Temperature,4000,K,Bulb Shape,T8,,Base Type,,,Pack Quantity,,,Lamp Type,LED,,,,,,,,,,,,,,,,,,,,,,,,,,,,,,,,,,,,,,,,,,,,,,,,,,,,,,,,,,,,,,,,,,,,,,,,,,,,,,,,,,,,,,,,,,,,,,,,,,,,,,,,,,,,,,,,,,,,,,,,,,,,,,,,,,,,,,,,,,,,,,,,,,,,,,,,,,,,,,,,,,,,,,,,,,,,,,,,,,,,
,,,,,,,Electrical,Lighting,Light Bulbs,,570846,570846 50W Led Med 22K 2pk,-- Unbranded --,-- No Unilog Brand --,Philips,Phillips Lighting (5831),Signify Holding,Philips®,,570846,,Electrical>Lighting & Bulbs>Light Bulbs,"Signify Holding Philips, Light Bulb, 570846, 50 W, 2200 K, LED",BULB 50W 2200K 2 MED LED,"Philips® 570846 Light Bulb, 50 W, 2200 K, LED, Medium Base","Philips® Light Bulb, 50 W, 2200 K, LED, Medium Base, 2","Light Bulb, 50 W, 2200 K, LED, Medium Base",,,,,,,,,,,,,,,,,,,,,,,,,,,Light Bulb,Wattage,50,W,Color Temperature,2200,K,Bulb Shape,,,Pack Quantity,2,,Lamp Type,LED,,Base Type,Medium Base,,,,,,,,,,,,,,,,,,,,,,,,,,,,,,,,,,,,,,,,,,,,,,,,,,,,,,,,,,,,,,,,,,,,,,,,,,,,,,,,,,,,,,,,,,,,,,,,,,,,,,,,,,,,,,,,,,,,,,,,,,,,,,,,,,,,,,,,,39101600,,,,,,,,,,,,,,,,,,,,,,,,,,,,,,,,,,,,,,,,,,,
,,,,,,,Electrical,Lighting,Light Bulbs,,565473,565473 60W Led A19 Bulb 2pk,-- Unbranded --,-- No Unilog Brand --,Philips,Phillips Lighting (5831),Signify Holding,Philips®,,565473,,Electrical>Lighting & Bulbs>Light Bulbs,"Signify Holding Philips, LED Bulb, 565473, 60 W, LED, A19, 2",LED BULB 60W 2 A19 LED,"Philips® 565473 LED Bulb, 60 W, A19, LED, 2","Philips® LED Bulb, 60 W, A19, LED, 2","LED Bulb, 60 W, A19, LED, 2",,,,,,,,,,,,,,,,,,,,,,,,,,,LED Bulb,Wattage,60,W,Color Temperature,,,Bulb Shape,A19,,Pack Quantity,2,,Lamp Type,LED,,,,,,,,,,,,,,,,,,,,,,,,,,,,,,,,,,,,,,,,,,,,,,,,,,,,,,,,,,,,,,,,,,,,,,,,,,,,,,,,,,,,,,,,,,,,,,,,,,,,,,,,,,,,,,,,,,,,,,,,,,,,,,,,,,,,,,,,,,,,39101600,,,,,,,,,,,,,,,,,,,,,,,,,,,,,,,,,,,,,,,,,,,
,,,,,,,Electrical,Lighting,Light Bulbs,,573402,573402 60W Led Med 50k 2pk,-- Unbranded --,-- No Unilog Brand --,Philips,Phillips Lighting (5831),Signify Holding,Philips®,,573402,,Electrical>Lighting & Bulbs>Light Bulbs,"Signify Holding Philips, Light Bulb, 573402, 60 W, 5000 K, LED",BULB 60W 5000K 2 MED LED,"Philips® 573402 Light Bulb, 60 W, 5000 K, LED, Medium Base","Philips® Light Bulb, 60 W, 5000 K, LED, Medium Base, 2","Light Bulb, 60 W, 5000 K, LED, Medium Base",,,,,,,,,,,,,,,,,,,,,,,,,,,Light Bulb,Wattage,60,W,Color Temperature,5000,K,Bulb Shape,,,Pack Quantity,2,,Lamp Type,LED,,Base Type,Medium Base,,,,,,,,,,,,,,,,,,,,,,,,,,,,,,,,,,,,,,,,,,,,,,,,,,,,,,,,,,,,,,,,,,,,,,,,,,,,,,,,,,,,,,,,,,,,,,,,,,,,,,,,,,,,,,,,,,,,,,,,,,,,,,,,,,,,,,,,,39101600,,,,,,,,,,,,,,,,,,,,,,,,,,,,,,,,,,,,,,,,,,,
,,,,,,,Electrical,Lighting,Light Bulbs,,573352,573352 40W Led Med 27k 2pk,-- Unbranded --,-- No Unilog Brand --,Philips,Phillips Lighting (5831),Signify Holding,Philips®,,573352,,Electrical>Lighting & Bulbs>Light Bulbs,"Signify Holding Philips, Light Bulb, 573352, 40 W, 2700 K, LED",BULB 40W 2700K 2 MED LED,"Philips® 573352 Light Bulb, 40 W, 2700 K, LED, Medium Base","Philips® Light Bulb, 40 W, 2700 K, LED, Medium Base, 2","Light Bulb, 40 W, 2700 K, LED, Medium Base",,,,,,,,,,,,,,,,,,,,,,,,,,,Light Bulb,Wattage,40,W,Color Temperature,2700,K,Bulb Shape,,,Pack Quantity,2,,Lamp Type,LED,,Base Type,Medium Base,,,,,,,,,,,,,,,,,,,,,,,,,,,,,,,,,,,,,,,,,,,,,,,,,,,,,,,,,,,,,,,,,,,,,,,,,,,,,,,,,,,,,,,,,,,,,,,,,,,,,,,,,,,,,,,,,,,,,,,,,,,,,,,,,,,,,,,,,39101600,,,,,,,,,,,,,,,,,,,,,,,,,,,,,,,,,,,,,,,,,,,
,,,,,,,Electrical,Lighting,Light Bulbs,,573428,573428 40W Med Led 50k 2pk,-- Unbranded --,-- No Unilog Brand --,Philips,Phillips Lighting (5831),Signify Holding,Philips®,,573428,,Electrical>Lighting & Bulbs>Light Bulbs,"Signify Holding Philips, Light Bulb, 573428, 40 W, 5000 K, LED",BULB 40W 5000K 2 MED LED,"Philips® 573428 Light Bulb, 40 W, 5000 K, LED, Medium Base","Philips® Light Bulb, 40 W, 5000 K, LED, Medium Base, 2","Light Bulb, 40 W, 5000 K, LED, Medium Base",,,,,,,,,,,,,,,,,,,,,,,,,,,Light Bulb,Wattage,40,W,Color Temperature,5000,K,Bulb Shape,,,Pack Quantity,2,,Lamp Type,LED,,Base Type,Medium Base,,,,,,,,,,,,,,,,,,,,,,,,,,,,,,,,,,,,,,,,,,,,,,,,,,,,,,,,,,,,,,,,,,,,,,,,,,,,,,,,,,,,,,,,,,,,,,,,,,,,,,,,,,,,,,,,,,,,,,,,,,,,,,,,,,,,,,,,,39101600,,,,,,,,,,,,,,,,,,,,,,,,,,,,,,,,,,,,,,,,,,,
,,,,,,,Electrical,Lighting,Light Bulbs,,573386,573386 60W Led Med 27k 2pk,-- Unbranded --,-- No Unilog Brand --,Philips,Phillips Lighting (5831),Signify Holding,Philips®,,573386,,Electrical>Lighting & Bulbs>Light Bulbs,"Signify Holding Philips, Light Bulb, 573386, 60 W, 2700 K, LED",BULB 60W 2700K 2 MED LED,"Philips® 573386 Light Bulb, 60 W, 2700 K, LED, Medium Base","Philips® Light Bulb, 60 W, 2700 K, LED, Medium Base, 2","Light Bulb, 60 W, 2700 K, LED, Medium Base",,,,,,,,,,,,,,,,,,,,,,,,,,,Light Bulb,Wattage,60,W,Color Temperature,2700,K,Bulb Shape,,,Pack Quantity,2,,Lamp Type,LED,,Base Type,Medium Base,,,,,,,,,,,,,,,,,,,,,,,,,,,,,,,,,,,,,,,,,,,,,,,,,,,,,,,,,,,,,,,,,,,,,,,,,,,,,,,,,,,,,,,,,,,,,,,,,,,,,,,,,,,,,,,,,,,,,,,,,,,,,,,,,,,,,,,,,39101600,,,,,,,,,,,,,,,,,,,,,,,,,,,,,,,,,,,,,,,,,,,
,,,,,,,Electrical,Lighting,Light Bulbs,,564948,564948 40W Led Med 50k 3pk,-- Unbranded --,-- No Unilog Brand --,Philips,Phillips Lighting (5831),Signify Holding,Philips®,,564948,,Electrical>Lighting & Bulbs>Light Bulbs,"Signify Holding Philips, Light Bulb, 564948, 40 W, 5000 K, LED",BULB 40W 5000K 3 MED LED,"Philips® 564948 Light Bulb, 40 W, 5000 K, LED, Medium Base","Philips® Light Bulb, 40 W, 5000 K, LED, Medium Base, 3","Light Bulb, 40 W, 5000 K, LED, Medium Base",,,,,,,,,,,,,,,,,,,,,,,,,,,Light Bulb,Wattage,40,W,Color Temperature,5000,K,Bulb Shape,,,Pack Quantity,3,,Lamp Type,LED,,Base Type,Medium Base,,,,,,,,,,,,,,,,,,,,,,,,,,,,,,,,,,,,,,,,,,,,,,,,,,,,,,,,,,,,,,,,,,,,,,,,,,,,,,,,,,,,,,,,,,,,,,,,,,,,,,,,,,,,,,,,,,,,,,,,,,,,,,,,,,,,,,,,,39101600,,,,,,,,,,,,,,,,,,,,,,,,,,,,,,,,,,,,,,,,,,,
,,,,,,,Electrical,Lighting,Light Bulbs,,573303,573303 40W Led Cand 27k 2pk,-- Unbranded --,-- No Unilog Brand --,Philips,Phillips Lighting (5831),Signify Holding,Philips®,,573303,,Electrical>Lighting & Bulbs>Light Bulbs,"Signify Holding Philips, Light Bulb, 573303, 40 W, 2700 K, LED",BULB 40W 2700K 2 CAND LED,"Philips® 573303 Light Bulb, 40 W, 2700 K, LED, Candelabra Base","Philips® Light Bulb, 40 W, 2700 K, LED, Candelabra Base, 2","Light Bulb, 40 W, 2700 K, LED, Candelabra Base",,,,,,,,,,,,,,,,,,,,,,,,,,,Light Bulb,Wattage,40,W,Color Temperature,2700,K,Bulb Shape,,,Pack Quantity,2,,Lamp Type,LED,,Base Type,Candelabra Base,,,,,,,,,,,,,,,,,,,,,,,,,,,,,,,,,,,,,,,,,,,,,,,,,,,,,,,,,,,,,,,,,,,,,,,,,,,,,,,,,,,,,,,,,,,,,,,,,,,,,,,,,,,,,,,,,,,,,,,,,,,,,,,,,,,,,,,,,39101600,,,,,,,,,,,,,,,,,,,,,,,,,,,,,,,,,,,,,,,,,,,
,,,,,,,Electrical,Lighting,Light Bulbs,,573188,573188 250W Led Par38 Med 50k,-- Unbranded --,-- No Unilog Brand --,Philips,Phillips Lighting (5831),Signify Holding,Philips®,,573188,,Electrical>Lighting & Bulbs>Light Bulbs,"Signify Holding Philips, Light Bulb, 573188, 250 W, 5000 K, LED",BULB 250W 5000K MED PAR38 LED,"Philips® 573188 Light Bulb, 250 W, PAR38, 5000 K, LED","Philips® Light Bulb, 250 W, PAR38, 5000 K, LED, Medium Base","Light Bulb, 250 W, PAR38, 5000 K, LED",,,,,,,,,,,,,,,,,,,,,,,,,,,Light Bulb,Wattage,250,W,Color Temperature,5000,K,Bulb Shape,PAR38,,Pack Quantity,,,Lamp Type,LED,,Base Type,Medium Base,,,,,,,,,,,,,,,,,,,,,,,,,,,,,,,,,,,,,,,,,,,,,,,,,,,,,,,,,,,,,,,,,,,,,,,,,,,,,,,,,,,,,,,,,,,,,,,,,,,,,,,,,,,,,,,,,,,,,,,,,,,,,,,,,,,,,,,,,39101600,,,,,,,,,,,,,,,,,,,,,,,,,,,,,,,,,,,,,,,,,,,
,,,,,,,Electrical,Lighting,Light Bulbs,,573469,573469 40W Led A19 Med 50k 2pk,-- Unbranded --,-- No Unilog Brand --,Philips,Phillips Lighting (5831),Signify Holding,Philips®,,573469,,Electrical>Lighting & Bulbs>Light Bulbs,"Signify Holding Philips, Light Bulb, 573469, 40 W, 5000 K, LED",BULB 40W 5000K 2 MED A19 LED,"Philips® 573469 Light Bulb, 40 W, A19, 5000 K, LED","Philips® Light Bulb, 40 W, A19, 5000 K, LED, Medium Base, 2","Light Bulb, 40 W, A19, 5000 K, LED",,,,,,,,,,,,,,,,,,,,,,,,,,,Light Bulb,Wattage,40,W,Color Temperature,5000,K,Bulb Shape,A19,,Pack Quantity,2,,Lamp Type,LED,,Base Type,Medium Base,,,,,,,,,,,,,,,,,,,,,,,,,,,,,,,,,,,,,,,,,,,,,,,,,,,,,,,,,,,,,,,,,,,,,,,,,,,,,,,,,,,,,,,,,,,,,,,,,,,,,,,,,,,,,,,,,,,,,,,,,,,,,,,,,,,,,,,,,39101600,,,,,,,,,,,,,,,,,,,,,,,,,,,,,,,,,,,,,,,,,,,
,,,,,,,Electrical,Lighting,Light Bulbs,,565671,565671 25W Led Med 20K,-- Unbranded --,-- No Unilog Brand --,Philips,Phillips Lighting (5831),Signify Holding,Philips®,,565671,,Electrical>Lighting & Bulbs>Light Bulbs,"Signify Holding Philips, Light Bulb, 565671, 25 W, 2000 K, LED",BULB 25W 2000K MED LED,"Philips® 565671 Light Bulb, 25 W, 2000 K, LED, Medium Base","Philips® Light Bulb, 25 W, 2000 K, LED, Medium Base","Light Bulb, 25 W, 2000 K, LED, Medium Base",,,,,,,,,,,,,,,,,,,,,,,,,,,Light Bulb,Wattage,25,W,Color Temperature,2000,K,Bulb Shape,,,Pack Quantity,,,Lamp Type,LED,,Base Type,Medium Base,,,,,,,,,,,,,,,,,,,,,,,,,,,,,,,,,,,,,,,,,,,,,,,,,,,,,,,,,,,,,,,,,,,,,,,,,,,,,,,,,,,,,,,,,,,,,,,,,,,,,,,,,,,,,,,,,,,,,,,,,,,,,,,,,,,,,,,,,39101600,,,,,,,,,,,,,,,,,,,,,,,,,,,,,,,,,,,,,,,,,,,
,,,,,,,Electrical,Lighting,Light Bulbs,,573204,573204 75W Led Par20 Med 50k,-- Unbranded --,-- No Unilog Brand --,Philips,Phillips Lighting (5831),Signify Holding,Philips®,,573204,,Electrical>Lighting & Bulbs>Light Bulbs,"Signify Holding Philips, Light Bulb, 573204, 75 W, 5000 K, LED",BULB 75W 5000K MED PAR20 LED,"Philips® 573204 Light Bulb, 75 W, PAR20, 5000 K, LED","Philips® Light Bulb, 75 W, PAR20, 5000 K, LED, Medium Base","Light Bulb, 75 W, PAR20, 5000 K, LED",,,,,,,,,,,,,,,,,,,,,,,,,,,Light Bulb,Wattage,75,W,Color Temperature,5000,K,Bulb Shape,PAR20,,Pack Quantity,,,Lamp Type,LED,,Base Type,Medium Base,,,,,,,,,,,,,,,,,,,,,,,,,,,,,,,,,,,,,,,,,,,,,,,,,,,,,,,,,,,,,,,,,,,,,,,,,,,,,,,,,,,,,,,,,,,,,,,,,,,,,,,,,,,,,,,,,,,,,,,,,,,,,,,,,,,,,,,,,39101600,,,,,,,,,,,,,,,,,,,,,,,,,,,,,,,,,,,,,,,,,,,
,,,,,,,Electrical,Lighting,Light Bulbs,,581199,581199 60W Led Med 2pk,-- Unbranded --,-- No Unilog Brand --,Philips,Phillips Lighting (5831),Signify Holding,Philips®,,581199,,Electrical>Lighting & Bulbs>Light Bulbs,"Signify Holding Philips, Light Bulb, 581199, 60 W, LED, Medium Base",BULB 60W 2 MED LED,"Philips® 581199 Light Bulb, 60 W, LED, Medium Base, 2","Philips® Light Bulb, 60 W, LED, Medium Base, 2","Light Bulb, 60 W, LED, Medium Base, 2",,,,,,,,,,,,,,,,,,,,,,,,,,,Light Bulb,Wattage,60,W,Color Temperature,,,Bulb Shape,,,Pack Quantity,2,,Lamp Type,LED,,Base Type,Medium Base,,,,,,,,,,,,,,,,,,,,,,,,,,,,,,,,,,,,,,,,,,,,,,,,,,,,,,,,,,,,,,,,,,,,,,,,,,,,,,,,,,,,,,,,,,,,,,,,,,,,,,,,,,,,,,,,,,,,,,,,,,,,,,,,,,,,,,,,,39101600,,,,,,,,,,,,,,,,,,,,,,,,,,,,,,,,,,,,,,,,,,,
,,,,,,,Electrical,Lighting,Light Bulbs,,565887,565887 60W Led Med 20k,-- Unbranded --,-- No Unilog Brand --,Philips,Phillips Lighting (5831),Signify Holding,Philips®,,565887,,Electrical>Lighting & Bulbs>Light Bulbs,"Signify Holding Philips, Light Bulb, 565887, 60 W, 2000 K, LED",BULB 60W 2000K MED LED,"Philips® 565887 Light Bulb, 60 W, 2000 K, LED, Medium Base","Philips® Light Bulb, 60 W, 2000 K, LED, Medium Base","Light Bulb, 60 W, 2000 K, LED, Medium Base",,,,,,,,,,,,,,,,,,,,,,,,,,,Light Bulb,Wattage,60,W,Color Temperature,2000,K,Bulb Shape,,,Pack Quantity,,,Lamp Type,LED,,Base Type,Medium Base,,,,,,,,,,,,,,,,,,,,,,,,,,,,,,,,,,,,,,,,,,,,,,,,,,,,,,,,,,,,,,,,,,,,,,,,,,,,,,,,,,,,,,,,,,,,,,,,,,,,,,,,,,,,,,,,,,,,,,,,,,,,,,,,,,,,,,,,,39101600,,,,,,,,,,,,,,,,,,,,,,,,,,,,,,,,,,,,,,,,,,,
,,,,,,,Electrical,Lighting,Light Bulbs,,586867,586867 60W Led Med 27K,-- Unbranded --,-- No Unilog Brand --,Philips,Phillips Lighting (5831),Signify Holding,Philips®,,586867,,Electrical>Lighting & Bulbs>Light Bulbs,"Signify Holding Philips, Light Bulb, 586867, 60 W, 2700 K, LED",BULB 60W 2700K MED LED,"Philips® 586867 Light Bulb, 60 W, 2700 K, LED, Medium Base","Philips® Light Bulb, 60 W, 2700 K, LED, Medium Base","Light Bulb, 60 W, 2700 K, LED, Medium Base",,,,,,,,,,,,,,,,,,,,,,,,,,,Light Bulb,Wattage,60,W,Color Temperature,2700,K,Bulb Shape,,,Pack Quantity,,,Lamp Type,LED,,Base Type,Medium Base,,,,,,,,,,,,,,,,,,,,,,,,,,,,,,,,,,,,,,,,,,,,,,,,,,,,,,,,,,,,,,,,,,,,,,,,,,,,,,,,,,,,,,,,,,,,,,,,,,,,,,,,,,,,,,,,,,,,,,,,,,,,,,,,,,,,,,,,,39101600,,,,,,,,,,,,,,,,,,,,,,,,,,,,,,,,,,,,,,,,,,,
,,,,,,,Electrical,Lighting,Light Bulbs,,568451,5686451 50W Led Med 50k 2pk,-- Unbranded --,-- No Unilog Brand --,Philips,Phillips Lighting (5831),Signify Holding,Philips®,,568451,,Electrical>Lighting & Bulbs>Light Bulbs,"Signify Holding Philips, Light Bulb, 568451, 50 W, 5000 K, LED",BULB 50W 5000K 2 MED LED,"Philips® 568451 Light Bulb, 50 W, 5000 K, LED, Medium Base","Philips® Light Bulb, 50 W, 5000 K, LED, Medium Base, 2","Light Bulb, 50 W, 5000 K, LED, Medium Base",,,,,,,,,,,,,,,,,,,,,,,,,,,Light Bulb,Wattage,50,W,Color Temperature,5000,K,Bulb Shape,,,Pack Quantity,2,,Lamp Type,LED,,Base Type,Medium Base,,,,,,,,,,,,,,,,,,,,,,,,,,,,,,,,,,,,,,,,,,,,,,,,,,,,,,,,,,,,,,,,,,,,,,,,,,,,,,,,,,,,,,,,,,,,,,,,,,,,,,,,,,,,,,,,,,,,,,,,,,,,,,,,,,,,,,,,,39101600,,,,,,,,,,,,,,,,,,,,,,,,,,,,,,,,,,,,,,,,,,,
,,,,,,,Electrical,Lighting,Light Bulbs,,568444,568444 90W Led Par38 50k 2pk,-- Unbranded --,-- No Unilog Brand --,Philips,Phillips Lighting (5831),Signify Holding,Philips®,,568444,,Electrical>Lighting & Bulbs>Light Bulbs,"Signify Holding Philips, Light Bulb, 568444, 90 W, 5000 K, LED",BULB 90W 5000K 2 PAR38 LED,"Philips® 568444 Light Bulb, 90 W, PAR38, 5000 K, LED","Philips® Light Bulb, 90 W, PAR38, 5000 K, LED, 2","Light Bulb, 90 W, PAR38, 5000 K, LED",,,,,,,,,,,,,,,,,,,,,,,,,,,Light Bulb,Wattage,90,W,Color Temperature,5000,K,Bulb Shape,PAR38,,Pack Quantity,2,,Lamp Type,LED,,,,,,,,,,,,,,,,,,,,,,,,,,,,,,,,,,,,,,,,,,,,,,,,,,,,,,,,,,,,,,,,,,,,,,,,,,,,,,,,,,,,,,,,,,,,,,,,,,,,,,,,,,,,,,,,,,,,,,,,,,,,,,,,,,,,,,,,,,,,39101600,,,,,,,,,,,,,,,,,,,,,,,,,,,,,,,,,,,,,,,,,,,
,,,,,,,Electrical,Lighting,Light Bulbs,,573196,573196 75W Led Med 30K,-- Unbranded --,-- No Unilog Brand --,Philips,Phillips Lighting (5831),Signify Holding,Philips®,,573196,,Electrical>Lighting & Bulbs>Light Bulbs,"Signify Holding Philips, Light Bulb, 573196, 75 W, 3000 K, LED",BULB 75W 3000K MED LED,"Philips® 573196 Light Bulb, 75 W, 3000 K, LED, Medium Base","Philips® Light Bulb, 75 W, 3000 K, LED, Medium Base","Light Bulb, 75 W, 3000 K, LED, Medium Base",,,,,,,,,,,,,,,,,,,,,,,,,,,Light Bulb,Wattage,75,W,Color Temperature,3000,K,Bulb Shape,,,Pack Quantity,,,Lamp Type,LED,,Base Type,Medium Base,,,,,,,,,,,,,,,,,,,,,,,,,,,,,,,,,,,,,,,,,,,,,,,,,,,,,,,,,,,,,,,,,,,,,,,,,,,,,,,,,,,,,,,,,,,,,,,,,,,,,,,,,,,,,,,,,,,,,,,,,,,,,,,,,,,,,,,,,39101600,,,,,,,,,,,,,,,,,,,,,,,,,,,,,,,,,,,,,,,,,,,
,,,,,,,,,,,564500,564500 75W Adj Base 50k 3pk,-- Unbranded --,-- No Unilog Brand --,Philips,Phillips Lighting (5831),Signify Holding,Philips®,,564500,,,"Signify Holding Philips, Adjustable Base, 564500, 75 W, 5000 K",ADJUSTABLE BASE 75W 5000K 3,"Philips® 564500 Adjustable Base, 75 W, 5000 K, 3","Philips® Adjustable Base, 75 W, 5000 K, 3","Adjustable Base, 75 W, 5000 K, 3",,,,,,,,,,,,,,,,,,,,,,,,,,,Adjustable Base,Wattage,75,W,Color Temperature,5000,K,Bulb Shape,,,Base Type,,,Pack Quantity,3,,,,,,,,,,,,,,,,,,,,,,,,,,,,,,,,,,,,,,,,,,,,,,,,,,,,,,,,,,,,,,,,,,,,,,,,,,,,,,,,,,,,,,,,,,,,,,,,,,,,,,,,,,,,,,,,,,,,,,,,,,,,,,,,,,,,,,,,,,,,,,,,,,,,,,,,,,,,,,,,,,,,,,,,,,,,,,,,,,,,,,,
,,,,,,,Electrical,Lighting,Light Bulbs,,571513,571513 40/60/100 Led Med 27k,-- Unbranded --,-- No Unilog Brand --,Philips,Phillips Lighting (5831),Signify Holding,Philips®,,571513,,Electrical>Lighting & Bulbs>Light Bulbs,"Signify Holding Philips, Light Bulb, 571513, 2700 K, LED, Medium Base",BULB 2700K MED LED,"Philips® 571513 Light Bulb, 2700 K, LED, Medium Base","Philips® Light Bulb, 2700 K, LED, Medium Base","Light Bulb, 2700 K, LED, Medium Base",,,,,,,,,,,,,,,,,,,,,,,,,,,Light Bulb,Wattage,,,Color Temperature,2700,K,Bulb Shape,,,Pack Quantity,,,Lamp Type,LED,,Base Type,Medium Base,,,,,,,,,,,,,,,,,,,,,,,,,,,,,,,,,,,,,,,,,,,,,,,,,,,,,,,,,,,,,,,,,,,,,,,,,,,,,,,,,,,,,,,,,,,,,,,,,,,,,,,,,,,,,,,,,,,,,,,,,,,,,,,,,,,,,,,,,39101600,,,,,,,,,,,,,,,,,,,,,,,,,,,,,,,,,,,,,,,,,,,
,,,,,,,Electrical,Lighting,Light Bulbs,,588566,588566 40W Led Med 55k 3pk,-- Unbranded --,-- No Unilog Brand --,Philips,Phillips Lighting (5831),Signify Holding,Philips®,,588566,,Electrical>Lighting & Bulbs>Light Bulbs,"Signify Holding Philips, Light Bulb, 588566, 40 W, 5500 K, LED",BULB 40W 5500K 3 MED LED,"Philips® 588566 Light Bulb, 40 W, 5500 K, LED, Medium Base","Philips® Light Bulb, 40 W, 5500 K, LED, Medium Base, 3","Light Bulb, 40 W, 5500 K, LED, Medium Base",,,,,,,,,,,,,,,,,,,,,,,,,,,Light Bulb,Wattage,40,W,Color Temperature,5500,K,Bulb Shape,,,Pack Quantity,3,,Lamp Type,LED,,Base Type,Medium Base,,,,,,,,,,,,,,,,,,,,,,,,,,,,,,,,,,,,,,,,,,,,,,,,,,,,,,,,,,,,,,,,,,,,,,,,,,,,,,,,,,,,,,,,,,,,,,,,,,,,,,,,,,,,,,,,,,,,,,,,,,,,,,,,,,,,,,,,,39101600,,,,,,,,,,,,,,,,,,,,,,,,,,,,,,,,,,,,,,,,,,,
,,,,,,,Electrical,Lighting,Light Bulbs,,565655,565655 25W Led A15 Med 20k,-- Unbranded --,-- No Unilog Brand --,Philips,Phillips Lighting (5831),Signify Holding,Philips®,,565655,,Electrical>Lighting & Bulbs>Light Bulbs,"Signify Holding Philips, Light Bulb, 565655, 25 W, 2000 K, LED",BULB 25W 2000K MED A15 LED,"Philips® 565655 Light Bulb, 25 W, A15, 2000 K, LED","Philips® Light Bulb, 25 W, A15, 2000 K, LED, Medium Base","Light Bulb, 25 W, A15, 2000 K, LED",,,,,,,,,,,,,,,,,,,,,,,,,,,Light Bulb,Wattage,25,W,Color Temperature,2000,K,Bulb Shape,A15,,Pack Quantity,,,Lamp Type,LED,,Base Type,Medium Base,,,,,,,,,,,,,,,,,,,,,,,,,,,,,,,,,,,,,,,,,,,,,,,,,,,,,,,,,,,,,,,,,,,,,,,,,,,,,,,,,,,,,,,,,,,,,,,,,,,,,,,,,,,,,,,,,,,,,,,,,,,,,,,,,,,,,,,,,39101600,,,,,,,,,,,,,,,,,,,,,,,,,,,,,,,,,,,,,,,,,,,
,,,,,,,Electrical,Lighting,Light Bulbs,,565812,565812 60W Med Led 50k,-- Unbranded --,-- No Unilog Brand --,Philips,Phillips Lighting (5831),Signify Holding,Philips®,,565812,,Electrical>Lighting & Bulbs>Light Bulbs,"Signify Holding Philips, Light Bulb, 565812, 60 W, 5000 K, LED",BULB 60W 5000K MED LED,"Philips® 565812 Light Bulb, 60 W, 5000 K, LED, Medium Base","Philips® Light Bulb, 60 W, 5000 K, LED, Medium Base","Light Bulb, 60 W, 5000 K, LED, Medium Base",,,,,,,,,,,,,,,,,,,,,,,,,,,Light Bulb,Wattage,60,W,Color Temperature,5000,K,Bulb Shape,,,Pack Quantity,,,Lamp Type,LED,,Base Type,Medium Base,,,,,,,,,,,,,,,,,,,,,,,,,,,,,,,,,,,,,,,,,,,,,,,,,,,,,,,,,,,,,,,,,,,,,,,,,,,,,,,,,,,,,,,,,,,,,,,,,,,,,,,,,,,,,,,,,,,,,,,,,,,,,,,,,,,,,,,,,39101600,,,,,,,,,,,,,,,,,,,,,,,,,,,,,,,,,,,,,,,,,,,
,,,,,,,Electrical,Lighting,Light Bulbs,,586917,586917 40W Led Cand 27K 2pk,-- Unbranded --,-- No Unilog Brand --,Philips,Phillips Lighting (5831),Signify Holding,Philips®,,586917,,Electrical>Lighting & Bulbs>Light Bulbs,"Signify Holding Philips, Light Bulb, 586917, 40 W, 2700 K, LED",BULB 40W 2700K 2 CAND LED,"Philips® 586917 Light Bulb, 40 W, 2700 K, LED, Candelabra Base","Philips® Light Bulb, 40 W, 2700 K, LED, Candelabra Base, 2","Light Bulb, 40 W, 2700 K, LED, Candelabra Base",,,,,,,,,,,,,,,,,,,,,,,,,,,Light Bulb,Wattage,40,W,Color Temperature,2700,K,Bulb Shape,,,Pack Quantity,2,,Lamp Type,LED,,Base Type,Candelabra Base,,,,,,,,,,,,,,,,,,,,,,,,,,,,,,,,,,,,,,,,,,,,,,,,,,,,,,,,,,,,,,,,,,,,,,,,,,,,,,,,,,,,,,,,,,,,,,,,,,,,,,,,,,,,,,,,,,,,,,,,,,,,,,,,,,,,,,,,,39101600,,,,,,,,,,,,,,,,,,,,,,,,,,,,,,,,,,,,,,,,,,,
,,,,,,,Electrical,Lighting,Wall Lights,,46719,49719 Wall Light Motion Wh,-- Unbranded --,-- No Unilog Brand --,-- No DIB Brand --,Maxsa Innovations (MAXIN),MAXSA Innovations,MAXSA®,,46719,,Electrical>Lighting & Bulbs>Wall Lighting,"MAXSA Innovations MAXSA, Wall Light, 46719, White",WALL LIGHT WH,"MAXSA® 46719 Wall Light, White","MAXSA® Wall Light, White","Wall Light, White",,,,,,,,,,,,,,,,,,,,,,,,,,,Wall Light,Color,White,,,,,,,,,,,,,,,,,,,,,,,,,,,,,,,,,,,,,,,,,,,,,,,,,,,,,,,,,,,,,,,,,,,,,,,,,,,,,,,,,,,,,,,,,,,,,,,,,,,,,,,,,,,,,,,,,,,,,,,,,,,,,,,,,,,,,,,,,,,,,,,,,,,,,,,,39111524,,,,,,,,,,,,,,,,,,,,,,,,,,,,,,,,,,,,,,,,,,,
,,,,,,,Electrical,Lighting,Outdoor Lighting,,59061BSL,59061BSL Kichler Ext Wall Lt,-- Unbranded --,-- No Unilog Brand --,-- No DIB Brand --,Kichler Lighting (KICLI),Kichler Lighting LLC,Kichler®,,59061BSL,,Electrical>Lighting & Bulbs>Outdoor Lighting,"Kichler Lighting LLC Kichler, Exterior Wall Light, Ext Lt, 59061BSL",EXTERIOR WALL LIGHT,Kichler® Ext Lt 59061BSL Exterior Wall Light,"Kichler® Exterior Wall Light, Ext Lt",Ext Lt Exterior Wall Light,,,,,,,,,,,,,,,,,,,,,,,,,,,Exterior Wall Light,Series,Ext Lt,,,,,,,,,,,,,,,,,,,,,,,,,,,,,,,,,,,,,,,,,,,,,,,,,,,,,,,,,,,,,,,,,,,,,,,,,,,,,,,,,,,,,,,,,,,,,,,,,,,,,,,,,,,,,,,,,,,,,,,,,,,,,,,,,,,,,,,,,,,,,,,,,,,,,,,,39111500,,,,,,,,,,,,,,,,,,,,,,,,,,,,,,,,,,,,,,,,,,,
,,,,,,,Electrical,Lighting,Outdoor Lighting,,59062BSL,59062BSL Kichler Ext Wall Lt,-- Unbranded --,-- No Unilog Brand --,-- No DIB Brand --,Kichler Lighting (KICLI),Kichler Lighting LLC,Kichler®,,59062BSL,,Electrical>Lighting & Bulbs>Outdoor Lighting,"Kichler Lighting LLC Kichler, Exterior Wall Light, Ext Lt, 59062BSL",EXTERIOR WALL LIGHT,Kichler® Ext Lt 59062BSL Exterior Wall Light,"Kichler® Exterior Wall Light, Ext Lt",Ext Lt Exterior Wall Light,,,,,,,,,,,,,,,,,,,,,,,,,,,Exterior Wall Light,Series,Ext Lt,,,,,,,,,,,,,,,,,,,,,,,,,,,,,,,,,,,,,,,,,,,,,,,,,,,,,,,,,,,,,,,,,,,,,,,,,,,,,,,,,,,,,,,,,,,,,,,,,,,,,,,,,,,,,,,,,,,,,,,,,,,,,,,,,,,,,,,,,,,,,,,,,,,,,,,,39111500,,,,,,,,,,,,,,,,,,,,,,,,,,,,,,,,,,,,,,,,,,,
,,,,,,,Electrical,Lighting,Outdoor Lighting,,59124BKT,59124BKT Kichler Ext Wall Lt,-- Unbranded --,-- No Unilog Brand --,-- No DIB Brand --,Kichler Lighting (KICLI),Kichler Lighting LLC,Kichler®,,59124BKT,,Electrical>Lighting & Bulbs>Outdoor Lighting,"Kichler Lighting LLC Kichler, Exterior Wall Light, Ext Lt, 59124BKT",EXTERIOR WALL LIGHT,Kichler® Ext Lt 59124BKT Exterior Wall Light,"Kichler® Exterior Wall Light, Ext Lt",Ext Lt Exterior Wall Light,,,,,,,,,,,,,,,,,,,,,,,,,,,Exterior Wall Light,Series,Ext Lt,,,,,,,,,,,,,,,,,,,,,,,,,,,,,,,,,,,,,,,,,,,,,,,,,,,,,,,,,,,,,,,,,,,,,,,,,,,,,,,,,,,,,,,,,,,,,,,,,,,,,,,,,,,,,,,,,,,,,,,,,,,,,,,,,,,,,,,,,,,,,,,,,,,,,,,,39111500,,,,,,,,,,,,,,,,,,,,,,,,,,,,,,,,,,,,,,,,,,,
,,,,,,,Electrical,Lighting,Light Fixtures,,59025BK,59025BK Kichler Post Lt,-- Unbranded --,-- No Unilog Brand --,-- No DIB Brand --,Kichler Lighting (KICLI),Kichler Lighting LLC,Kichler®,,59025BK,,Electrical>Lighting & Bulbs>Light Fixtures,"Kichler Lighting LLC Kichler, Light, Post Lt, 59025BK",LIGHT 59025BK,Kichler® Post Lt 59025BK Light,"Kichler® Light, Post Lt",Post Lt Light,,,,,,,,,,,,,,,,,,,,,,,,,,,Light,Size,,,Series,Post Lt,,,,,,,,,,,,,,,,,,,,,,,,,,,,,,,,,,,,,,,,,,,,,,,,,,,,,,,,,,,,,,,,,,,,,,,,,,,,,,,,,,,,,,,,,,,,,,,,,,,,,,,,,,,,,,,,,,,,,,,,,,,,,,,,,,,,,,,,,,,,,,,,,,,,,39111500,,,,,,,,,,,,,,,,,,,,,,,,,,,,,,,,,,,,,,,,,,,
,,,,,,,Electrical,Lighting,Light Fixtures,,DCL183,Dewalt DCL183 Light - Rechargeable,-- Unbranded --,-- No Unilog Brand --,DEWALT,Black & Decker/dewlt (2585),Stanley Black & Decker,DEWALT®,,DCL183,,Electrical>Lighting & Bulbs>Light Fixtures,"Stanley Black & Decker DEWALT, Light, DCL183",LIGHT DCL183,DEWALT® DCL183 Light,DEWALT® Light,Light,,,,,,,,,,,,,,,,,,,,,,,,,,,Light,Size,,,,,,,,,,,,,,,,,,,,,,,,,,,,,,,,,,,,,,,,,,,,,,,,,,,,,,,,,,,,,,,,,,,,,,,,,,,,,,,,,,,,,,,,,,,,,,,,,,,,,,,,,,,,,,,,,,,,,,,,,,,,,,,,,,,,,,,,,,,,,,,,,,,,,,,,,39111500,,,,,,,,,,,,,,,,,,,,,,,,,,,,,,,,,,,,,,,,,,,
,,,,,,,Electrical,Lighting,Light Fixtures,,73020,73020 Nano Clip Light Bk,-- Unbranded --,-- No Unilog Brand --,-- No DIB Brand --,Streamlight (7277),"Streamlight, Inc.",Streamlight®,,73020,,Electrical>Lighting & Bulbs>Light Fixtures,"Streamlight, Inc. Streamlight, Light, Nano Clip, 73020, Black",LIGHT BK 73020,"Streamlight® Nano Clip 73020 Light, Black","Streamlight® Light, Nano Clip, Black","Nano Clip Light, Black",,,,,,,,,,,,,,,,,,,,,,,,,,,Light,Size,,,Series,Nano Clip,,Color,Black,,,,,,,,,,,,,,,,,,,,,,,,,,,,,,,,,,,,,,,,,,,,,,,,,,,,,,,,,,,,,,,,,,,,,,,,,,,,,,,,,,,,,,,,,,,,,,,,,,,,,,,,,,,,,,,,,,,,,,,,,,,,,,,,,,,,,,,,,,,,,,,,,,39111500,,,,,,,,,,,,,,,,,,,,,,,,,,,,,,,,,,,,,,,,,,,
,,,,,,,,,,,NEB-FLT-1021,NEBFLT1021 Slyde King FlashLt,-- Unbranded --,-- No Unilog Brand --,-- No DIB Brand --,ACG Brands (1154),ACG Brands,ACG Brands,,NEB-FLT-1021,,,"ACG Brands ACG Brands, King Flashlt, NEB-FLT-1021",KING FLASHLT NEB-FLT-1021,ACG Brands NEB-FLT-1021 King Flashlt,ACG Brands King Flashlt,King Flashlt,,,,,,,,,,,,,,,,,,,,,,,,,,,King Flashlt,Wattage,,,Color Temperature,,,Bulb Shape,,,Base Type,,,Pack Quantity,,,,,,,,,,,,,,,,,,,,,,,,,,,,,,,,,,,,,,,,,,,,,,,,,,,,,,,,,,,,,,,,,,,,,,,,,,,,,,,,,,,,,,,,,,,,,,,,,,,,,,,,,,,,,,,,,,,,,,,,,,,,,,,,,,,,,,,,,,,,,,,,,,,,,,,,,,,,,,,,,,,,,,,,,,,,,,,,,,,,,,,,
,,,,,,,Tools,Hand Tools,Flashlights,,NEB-FLT-0053,NEBFLT0053 2600L Flash Light,-- Unbranded --,-- No Unilog Brand --,-- No DIB Brand --,ACG Brands (1154),ACG Brands,ACG Brands,,NEB-FLT-0053,,Tools & Equipment>Portable Lighting>Flashlights,"ACG Brands ACG Brands, Flash Light, NEB-FLT-0053, 2600 lm",FLASH LIGHT 2600LM,"ACG Brands NEB-FLT-0053 Flash Light, 2600 lm","ACG Brands Flash Light, 2600 lm","Flash Light, 2600 lm",,,,,,,,,,,,,,,,,,,,,,,,,,,Flash Light,Light Output,2600,lm,,,,,,,,,,,,,,,,,,,,,,,,,,,,,,,,,,,,,,,,,,,,,,,,,,,,,,,,,,,,,,,,,,,,,,,,,,,,,,,,,,,,,,,,,,,,,,,,,,,,,,,,,,,,,,,,,,,,,,,,,,,,,,,,,,,,,,,,,,,,,,,,,,,,,,,39111610,,,,,,,,,,,,,,,,,,,,,,,,,,,,,,,,,,,,,,,,,,,
,,,,,,,,,,,97708,97708 Police 800L Headlight,-- Unbranded --,-- No Unilog Brand --,Police Security,Police Security (9470),Police Security,Police Security,,97708,,,"Police Security Police Security, Police Headlight, 97708, 800 lm",POLICE HEADLIGHT 800LM,"Police Security 97708 Headlight, 800 lm","Police Security Police Headlight, 800 lm","Police Headlight, 800 lm",,,,,,,,,,,,,,,,,,,,,,,,,,,Police Headlight,Wattage,,,Color Temperature,,,Bulb Shape,,,Base Type,,,Pack Quantity,,,Light Output,800,lm,,,,,,,,,,,,,,,,,,,,,,,,,,,,,,,,,,,,,,,,,,,,,,,,,,,,,,,,,,,,,,,,,,,,,,,,,,,,,,,,,,,,,,,,,,,,,,,,,,,,,,,,,,,,,,,,,,,,,,,,,,,,,,,,,,,,,,,,,,,,,,,,,,,,,,,,,,,,,,,,,,,,,,,,,,,,,,,,,,,
,,,,,,,Electrical,Lighting,Light Fixtures,,WORK6000XLTPPLUG,6000L Twin Head Work Light,-- Unbranded --,-- No Unilog Brand --,Feit Electric,Feit Electric (3468),"Feit Electric Company, Inc.",Feit Electric®,,WORK6000XLTPPLUG,,Electrical>Lighting & Bulbs>Light Fixtures,"Feit Electric, Work Light, Twin Head, WORK6000XLTPPLUG, 6000 lm",WORK LIGHT 6000LM,"Feit Electric® Twin Head WORK6000XLTPPLUG Work Light, 6000 lm","Feit Electric® Work Light, Twin Head, 6000 lm","Twin Head Work Light, 6000 lm",,,,,,,,,,,,,,,,,,,,,,,,,,,Work Light,Size,,,Series,Twin Head,,Light Output,6000,lm,,,,,,,,,,,,,,,,,,,,,,,,,,,,,,,,,,,,,,,,,,,,,,,,,,,,,,,,,,,,,,,,,,,,,,,,,,,,,,,,,,,,,,,,,,,,,,,,,,,,,,,,,,,,,,,,,,,,,,,,,,,,,,,,,,,,,,,,,,,,,,,,,39111500,,,,,,,,,,,,,,,,,,,,,,,,,,,,,,,,,,,,,,,,,,,
,,,,,,,,,,,HOM2040M200PRB,HOM2040M200PRB 200A Load Cntr,-- Unbranded --,-- No Unilog Brand --,-- No DIB Brand --,Square D Con Prod Dv (6825),Schneider Electric,Square D®,,HOM2040M200PRB,,,"Schneider Electric Square D, Load, HOM2040M200PRB, 200 A",LOAD 200A HOM2040M200PRB,"Square D® HOM2040M200PRB Load, 200 A","Square D® Load, 200 A","Load, 200 A",,,,,,,,,,,,,,,,,,,,,,,,,,,Load,Wattage,,,Color Temperature,,,Bulb Shape,,,Base Type,,,Pack Quantity,,,Amperage Rating,200,A,,,,,,,,,,,,,,,,,,,,,,,,,,,,,,,,,,,,,,,,,,,,,,,,,,,,,,,,,,,,,,,,,,,,,,,,,,,,,,,,,,,,,,,,,,,,,,,,,,,,,,,,,,,,,,,,,,,,,,,,,,,,,,,,,,,,,,,,,,,,,,,,,,,,,,,,,,,,,,,,,,,,,,,,,,,,,,,,,,,
,,,,,,,Electrical,Power Distribution,Load Centers,,HOM3060L225PGC,HOM3060L225PGC 225 Load Center,-- Unbranded --,-- No Unilog Brand --,Square D,Square D Con Prod Dv (6825),Schneider Electric,Square D®,,HOM3060L225PGC,,Electrical>Power Distribution>Load Centers,"Schneider Electric Square D, Load Center, HOM3060L225PGC",LOAD CENTER HOM3060L225PGC,Square D® HOM3060L225PGC Load Center,Square D® Load Center,Load Center,,,,,,,,,,,,,,,,,,,,,,,,,,,Load Center,,,,,,,,,,,,,,,,,,,,,,,,,,,,,,,,,,,,,,,,,,,,,,,,,,,,,,,,,,,,,,,,,,,,,,,,,,,,,,,,,,,,,,,,,,,,,,,,,,,,,,,,,,,,,,,,,,,,,,,,,,,,,,,,,,,,,,,,,,,,,,,,,,,,,,,,,,39121000,,,,,,,,,,,,,,,,,,,,,,,,,,,,,,,,,,,,,,,,,,,
,,,,,,,Electrical,Power Distribution,Load Centers,,QO612L100RBCP,QO612L100RBCP 100A Load Center,-- Unbranded --,-- No Unilog Brand --,Square D,Square D Con Prod Dv (6825),Schneider Electric,Square D®,,QO612L100RBCP,,Electrical>Power Distribution>Load Centers,"Schneider Electric Square D, Load Center, QO612L100RBCP, 100 A",LOAD CENTER 100A,"Square D® QO612L100RBCP Load Center, 100 A","Square D® Load Center, 100 A","Load Center, 100 A",,,,,,,,,,,,,,,,,,,,,,,,,,,Load Center,Amperage Rating,100,A,,,,,,,,,,,,,,,,,,,,,,,,,,,,,,,,,,,,,,,,,,,,,,,,,,,,,,,,,,,,,,,,,,,,,,,,,,,,,,,,,,,,,,,,,,,,,,,,,,,,,,,,,,,,,,,,,,,,,,,,,,,,,,,,,,,,,,,,,,,,,,,,,,,,,,,39121000,,,,,,,,,,,,,,,,,,,,,,,,,,,,,,,,,,,,,,,,,,,
,,,,,,,Electrical,Wire & Cable,Building Wire,,13093005,4/0 Aluminum Entrance Cable (Linear Foot),-- Unbranded --,-- No Unilog Brand --,-- No DIB Brand --,Southwire/g Turner (6603),"Southwire Company, LLC",Southwire®,,13093005,,Electrical>Wire & Cable>Building Wire,"Southwire Company, LLC Southwire, Cable, 13093005, Aluminum, FT",CABLE ALUM FT,"Southwire® 13093005 Cable, FT, Aluminum","Southwire® Cable, FT, Aluminum","Cable, FT, Aluminum",,,,,,,,,,,,,,,,,,,,,,,,,,,Cable,Selling UOM,FT,,Application,Aluminum,,,,,,,,,,,,,,,,,,,,,,,,,,,,,,,,,,,,,,,,,,,,,,,,,,,,,,,,,,,,,,,,,,,,,,,,,,,,,,,,,,,,,,,,,,,,,,,,,,,,,,,,,,,,,,,,,,,,,,,,,,,,,,,,,,,,,,,,,,,,,,,,,,,,,26121600,,,,FT,,,,,,,,,,,,,,,,,,,,,,,,,,,,,,,,,,,,,,,
,,,,,,,Electrical,Wire & Cable,Building Wire,,12-4 SO,12-4 SO Cord (Linear Foot),-- Unbranded --,-- No Unilog Brand --,-- No DIB Brand --,-,,,,12-4 SO,,Electrical>Wire & Cable>Building Wire,"Cord, 12-4 SO, FT",CORD FT 12-4 SO,"12-4 SO Cord, FT","Cord, FT","Cord, FT",,,,,,,,,,,,,,,,,,,,,,,,,,,Cord,Selling UOM,FT,,,,,,,,,,,,,,,,,,,,,,,,,,,,,,,,,,,,,,,,,,,,,,,,,,,,,,,,,,,,,,,,,,,,,,,,,,,,,,,,,,,,,,,,,,,,,,,,,,,,,,,,,,,,,,,,,,,,,,,,,,,,,,,,,,,,,,,,,,,,,,,,,,,,,,,,26121600,,,,FT,,,,,,,,,,,,,,,,,,,,,,,,,,,,,,,,,,,,,,,
,,,,,,,Electrical,Wire & Cable,Building Wire,,96263-46-06,96263-46-06 CAT5E Wire (Linear Foot),-- Unbranded --,-- No Unilog Brand --,-- No DIB Brand --,Woods Wire Southwire (7579),"Southwire Company, LLC",Southwire®,,96263-46-06,,Electrical>Wire & Cable>Building Wire,"Southwire Company, LLC Southwire, Wire, 96263-46-06, FT",WIRE FT 96263-46-06,"Southwire® 96263-46-06 Wire, FT","Southwire® Wire, FT","Wire, FT",,,,,,,,,,,,,,,,,,,,,,,,,,,Wire,Selling UOM,FT,,,,,,,,,,,,,,,,,,,,,,,,,,,,,,,,,,,,,,,,,,,,,,,,,,,,,,,,,,,,,,,,,,,,,,,,,,,,,,,,,,,,,,,,,,,,,,,,,,,,,,,,,,,,,,,,,,,,,,,,,,,,,,,,,,,,,,,,,,,,,,,,,,,,,,,,26121600,,,,FT,,,,,,,,,,,,,,,,,,,,,,,,,,,,,,,,,,,,,,,
,,,,,,,Electrical,Wire & Cable,Building Wire,,R50003-ID,16-2 Stranded Wire CL3 500' (Linear Foot),-- Unbranded --,-- No Unilog Brand --,-- No DIB Brand --,Southwire/g Turner (6603),"Southwire Company, LLC",Southwire®,,R50003-ID,,Electrical>Wire & Cable>Building Wire,"Southwire Company, LLC Southwire, Wire, R50003-ID, 500 ft, FT",WIRE 500FT FT,"Southwire® R50003-ID Wire, FT, 500 ft","Southwire® Wire, FT, 500 ft","Wire, FT, 500 ft",,,,,,,,,,,,,,,,,,,,,,,,,,,Wire,Selling UOM,FT,,Size,500,ft,,,,,,,,,,,,,,,,,,,,,,,,,,,,,,,,,,,,,,,,,,,,,,,,,,,,,,,,,,,,,,,,,,,,,,,,,,,,,,,,,,,,,,,,,,,,,,,,,,,,,,,,,,,,,,,,,,,,,,,,,,,,,,,,,,,,,,,,,,,,,,,,,,,,26121600,,,,FT,,,,,,,,,,,,,,,,,,,,,,,,,,,,,,,,,,,,,,,
,,,,,,,Electrical,Wire & Cable,Building Wire,,10-4 SO,10-4 SO Cord (Linear Foot),-- Unbranded --,-- No Unilog Brand --,-- No DIB Brand --,Southwire/g Turner (6603),"Southwire Company, LLC",Southwire®,,10-4 SO,,Electrical>Wire & Cable>Building Wire,"Southwire Company, LLC Southwire, Cord, 10-4 SO, FT",CORD FT 10-4 SO,"Southwire® 10-4 SO Cord, FT","Southwire® Cord, FT","Cord, FT",,,,,,,,,,,,,,,,,,,,,,,,,,,Cord,Selling UOM,FT,,,,,,,,,,,,,,,,,,,,,,,,,,,,,,,,,,,,,,,,,,,,,,,,,,,,,,,,,,,,,,,,,,,,,,,,,,,,,,,,,,,,,,,,,,,,,,,,,,,,,,,,,,,,,,,,,,,,,,,,,,,,,,,,,,,,,,,,,,,,,,,,,,,,,,,,26121600,,,,FT,,,,,,,,,,,,,,,,,,,,,,,,,,,,,,,,,,,,,,,
,,,,,,,Electrical,Wire & Cable,Building Wire,,23346-0408,23346-0408 Wire 16/3 SJEWA 250 (Linear Foot),-- Unbranded --,-- No Unilog Brand --,-- No DIB Brand --,-,Milwaukee Tool,Milwaukee®,,23346-0408,,Electrical>Wire & Cable>Building Wire,"Milwaukee Tool Milwaukee, Wire, 23346-0408, FT",WIRE FT 23346-0408,"Milwaukee® 23346-0408 Wire, FT","Milwaukee® Wire, FT","Wire, FT",,,,,,,,,,,,,,,,,,,,,,,,,,,Wire,Selling UOM,FT,,,,,,,,,,,,,,,,,,,,,,,,,,,,,,,,,,,,,,,,,,,,,,,,,,,,,,,,,,,,,,,,,,,,,,,,,,,,,,,,,,,,,,,,,,,,,,,,,,,,,,,,,,,,,,,,,,,,,,,,,,,,,,,,,,,,,,,,,,,,,,,,,,,,,,,,26121600,,,,FT,,,,,,,,,,,,,,,,,,,,,,,,,,,,,,,,,,,,,,,
,,,,,,,Electrical,Wire & Cable,Building Wire,,2/2/4 UD ALUM,2/2/4 UD Aluminum Triplex Wire (Linear Foot),-- Unbranded --,-- No Unilog Brand --,-- No DIB Brand --,Southwire/g Turner (6603),"Southwire Company, LLC",Southwire®,,2/2/4 UD ALUM,,Electrical>Wire & Cable>Building Wire,"Southwire Company, LLC Southwire, Wire, 2/2/4 UD ALUM, FT",WIRE FT 2/2/4 UD ALUM,"Southwire® 2/2/4 UD ALUM Wire, FT","Southwire® Wire, FT","Wire, FT",,,,,,,,,,,,,,,,,,,,,,,,,,,Wire,Selling UOM,FT,,,,,,,,,,,,,,,,,,,,,,,,,,,,,,,,,,,,,,,,,,,,,,,,,,,,,,,,,,,,,,,,,,,,,,,,,,,,,,,,,,,,,,,,,,,,,,,,,,,,,,,,,,,,,,,,,,,,,,,,,,,,,,,,,,,,,,,,,,,,,,,,,,,,,,,,26121600,,,,FT,,,,,,,,,,,,,,,,,,,,,,,,,,,,,,,,,,,,,,,
,,,,,,,Electrical,Wire & Cable,Building Wire,,55418901,6/6/6 UD Triplex Aluminum Wire,-- Unbranded --,-- No Unilog Brand --,-- No DIB Brand --,Southwire/g Turner (6603),"Southwire Company, LLC",Southwire®,,55418901,,Electrical>Wire & Cable>Building Wire,"Southwire Company, LLC Southwire, Wire, 55418901, 6/6/6, UD, Aluminum",WIRE 6/6/6 UD ALUM,"Southwire® 55418901 Wire, 6/6/6, UD, Aluminum","Southwire® Wire, 6/6/6, UD, Aluminum","Wire, 6/6/6, UD, Aluminum",,,,,,,,,,,,,,,,,,,,,,,,,,,Wire,Selling UOM,,,Conductor Configuration,6/6/6,,Cable Type,UD,,Application,Aluminum,,,,,,,,,,,,,,,,,,,,,,,,,,,,,,,,,,,,,,,,,,,,,,,,,,,,,,,,,,,,,,,,,,,,,,,,,,,,,,,,,,,,,,,,,,,,,,,,,,,,,,,,,,,,,,,,,,,,,,,,,,,,,,,,,,,,,,,,,,,,,,,26121600,,,,,,,,,,,,,,,,,,,,,,,,,,,,,,,,,,,,,,,,,,,
,,,,,,,Electrical,Wire & Cable,Building Wire,,CG50K,"CG50K 1/2"" Cord Grip Kit",-- Unbranded --,-- No Unilog Brand --,-- No DIB Brand --,Fenton Bros Electric Inc (FENBR),,,,CG50K,,Electrical>Wire & Cable>Building Wire,"Cord, CG50K, 1/2 in, Kit",CORD 1/2IN KIT,"CG50K Cord, 1/2 in, Kit","Cord, 1/2 in, Kit","Cord, 1/2 in, Kit",,,,,,,,,,,,,,,,,,,,,,,,,,,Cord,Selling UOM,,,Size,1/2,in,Configuration,Kit,,,,,,,,,,,,,,,,,,,,,,,,,,,,,,,,,,,,,,,,,,,,,,,,,,,,,,,,,,,,,,,,,,,,,,,,,,,,,,,,,,,,,,,,,,,,,,,,,,,,,,,,,,,,,,,,,,,,,,,,,,,,,,,,,,,,,,,,,,,,,,,,,,26121600,,,,,,,,,,,,,,,,,,,,,,,,,,,,,,,,,,,,,,,,,,,
,,,,,,,Electrical,Wiring Devices,Receptacles,,R02-D215P-1RW,R02D215P1RW 15A Mini Outlet Wh,-- Unbranded --,-- No Unilog Brand --,Leviton,Leviton Mfg Co (4927),"Leviton Manufacturing Co., Inc.",Leviton®,,R02-D215P-1RW,,Electrical>Wiring Devices>Receptacles,"Leviton Manufacturing Co., Inc. Leviton, Outlet, R02-D215P-1RW",OUTLET WH 15A,"Leviton® R02-D215P-1RW Outlet, 15 A, White","Leviton® Outlet, 15 A, White","Outlet, 15 A, White",,,,,,,,,,,,,,,,,,,,,,,,,,,Outlet,Amperage Rating,15,A,Color,White,,,,,,,,,,,,,,,,,,,,,,,,,,,,,,,,,,,,,,,,,,,,,,,,,,,,,,,,,,,,,,,,,,,,,,,,,,,,,,,,,,,,,,,,,,,,,,,,,,,,,,,,,,,,,,,,,,,,,,,,,,,,,,,,,,,,,,,,,,,,,,,,,,,,,39121600,,,,,,,,,,,,,,,,,,,,,,,,,,,,,,,,,,,,,,,,,,,
,,,,,,,Electrical,Wiring Devices,Power Strips & Taps,,PBUC013,PBUC013 15A Wall Tap w/USB,-- Unbranded --,-- No Unilog Brand --,Prime,Prime Wire & Cable (3562),Prime,Prime,,PBUC013,,Electrical>Wiring Devices>Power Strips & Surge Protectors,"Prime Prime, Wall Tap, PBUC013, 15 A",WALL TAP 15A PBUC013,"Prime PBUC013 Wall Tap, 15 A","Prime Wall Tap, 15 A","Wall Tap, 15 A",,,,,,,,,,,,,,,,,,,,,,,,,,,Wall Tap,Amperage Rating,15,A,,,,,,,,,,,,,,,,,,,,,,,,,,,,,,,,,,,,,,,,,,,,,,,,,,,,,,,,,,,,,,,,,,,,,,,,,,,,,,,,,,,,,,,,,,,,,,,,,,,,,,,,,,,,,,,,,,,,,,,,,,,,,,,,,,,,,,,,,,,,,,,,,,,,,,,39121300,,,,,,,,,,,,,,,,,,,,,,,,,,,,,,,,,,,,,,,,,,,
,,,,,,,Electrical,Wiring Devices,Receptacles,,R00-GFNT1-00K,R00GFNT100K 15A Outlet Br,-- Unbranded --,-- No Unilog Brand --,Leviton,Leviton Mfg Co (4927),"Leviton Manufacturing Co., Inc.",Leviton®,,R00-GFNT1-00K,,Electrical>Wiring Devices>Receptacles,"Leviton Manufacturing Co., Inc. Leviton, Outlet, R00-GFNT1-00K",OUTLET 15A R00-GFNT1-00K,"Leviton® R00-GFNT1-00K Outlet, 15 A","Leviton® Outlet, 15 A","Outlet, 15 A",,,,,,,,,,,,,,,,,,,,,,,,,,,Outlet,Amperage Rating,15,A,Color,,,,,,,,,,,,,,,,,,,,,,,,,,,,,,,,,,,,,,,,,,,,,,,,,,,,,,,,,,,,,,,,,,,,,,,,,,,,,,,,,,,,,,,,,,,,,,,,,,,,,,,,,,,,,,,,,,,,,,,,,,,,,,,,,,,,,,,,,,,,,,,,,,,,,,39121600,,,,,,,,,,,,,,,,,,,,,,,,,,,,,,,,,,,,,,,,,,,
,,,,,,,Electrical,Wiring Devices,Receptacles,,R92-GFWT1-0KW,R92GFWT10KW 15A GFCI Outlet Wh,-- Unbranded --,-- No Unilog Brand --,Leviton,Leviton Mfg Co (4927),"Leviton Manufacturing Co., Inc.",Leviton®,,R92-GFWT1-0KW,,Electrical>Wiring Devices>Receptacles,"Leviton Manufacturing Co., Inc. Leviton, Kw GFCI Outlet, R92-GFWT1-0KW",KW GFCI OUTLET WH 15A,"Leviton® R92-GFWT1-0KW Kw GFCI Outlet, 15 A, White","Leviton® Kw GFCI Outlet, 15 A, White","Kw GFCI Outlet, 15 A, White",,,,,,,,,,,,,,,,,,,,,,,,,,,Kw GFCI Outlet,Amperage Rating,15,A,Color,White,,,,,,,,,,,,,,,,,,,,,,,,,,,,,,,,,,,,,,,,,,,,,,,,,,,,,,,,,,,,,,,,,,,,,,,,,,,,,,,,,,,,,,,,,,,,,,,,,,,,,,,,,,,,,,,,,,,,,,,,,,,,,,,,,,,,,,,,,,,,,,,,,,,,,39121600,,,,,,,,,,,,,,,,,,,,,,,,,,,,,,,,,,,,,,,,,,,
,,,,,,,,,,,R12-AGTR1-0KW,R12AGTR10KW 15A GFCI Outler Wh,-- Unbranded --,-- No Unilog Brand --,Leviton,Leviton Mfg Co (4927),"Leviton Manufacturing Co., Inc.",Leviton®,,R12-AGTR1-0KW,,,"Leviton Manufacturing Co., Inc. Leviton, GFCI Outler, R12-AGTR1-0KW",GFCI OUTLER WH 15A,"Leviton® R12-AGTR1-0KW GFCI Outler, 15 A, White","Leviton® GFCI Outler, 15 A, White","GFCI Outler, 15 A, White",,,,,,,,,,,,,,,,,,,,,,,,,,,GFCI Outler,Wattage,,,Color Temperature,,,Bulb Shape,,,Base Type,,,Pack Quantity,,,Amperage Rating,15,A,Color,White,,,,,,,,,,,,,,,,,,,,,,,,,,,,,,,,,,,,,,,,,,,,,,,,,,,,,,,,,,,,,,,,,,,,,,,,,,,,,,,,,,,,,,,,,,,,,,,,,,,,,,,,,,,,,,,,,,,,,,,,,,,,,,,,,,,,,,,,,,,,,,,,,,,,,,,,,,,,,,,,,,,,,,,,,,,,,,,,,
,,,,,,,Electrical,Wiring Devices,Receptacles,,R62-GFTA1-0KW,R92GFTA10KW 15A GFCI Outlet Wh,-- Unbranded --,-- No Unilog Brand --,Leviton,Leviton Mfg Co (4927),"Leviton Manufacturing Co., Inc.",Leviton®,,R62-GFTA1-0KW,,Electrical>Wiring Devices>Receptacles,"Leviton Manufacturing Co., Inc. Leviton, Kw GFCI Outlet, R62-GFTA1-0KW",KW GFCI OUTLET WH 15A,"Leviton® R62-GFTA1-0KW Kw GFCI Outlet, 15 A, White","Leviton® Kw GFCI Outlet, 15 A, White","Kw GFCI Outlet, 15 A, White",,,,,,,,,,,,,,,,,,,,,,,,,,,Kw GFCI Outlet,Amperage Rating,15,A,Color,White,,,,,,,,,,,,,,,,,,,,,,,,,,,,,,,,,,,,,,,,,,,,,,,,,,,,,,,,,,,,,,,,,,,,,,,,,,,,,,,,,,,,,,,,,,,,,,,,,,,,,,,,,,,,,,,,,,,,,,,,,,,,,,,,,,,,,,,,,,,,,,,,,,,,,39121600,,,,,,,,,,,,,,,,,,,,,,,,,,,,,,,,,,,,,,,,,,,
,,,,,,,Electrical,Wire & Cable,Building Wire,,165-04729-00C,1650472900C 15A 125V Cord Conn,-- Unbranded --,-- No Unilog Brand --,Leviton,Leviton Mfg Co (4927),"Leviton Manufacturing Co., Inc.",Leviton®,,165-04729-00C,,Electrical>Wire & Cable>Building Wire,"Leviton Manufacturing Co., Inc. Leviton, Cord, 165-04729-00C",CORD 125V 15A,"Leviton® 165-04729-00C Cord, 125 V, 15 A","Leviton® Cord, 125 V, 15 A","Cord, 125 V, 15 A",,,,,,,,,,,,,,,,,,,,,,,,,,,Cord,Selling UOM,,,Voltage Rating,125,V,Amperage Rating,15,A,,,,,,,,,,,,,,,,,,,,,,,,,,,,,,,,,,,,,,,,,,,,,,,,,,,,,,,,,,,,,,,,,,,,,,,,,,,,,,,,,,,,,,,,,,,,,,,,,,,,,,,,,,,,,,,,,,,,,,,,,,,,,,,,,,,,,,,,,,,,,,,,,26121600,,,,,,,,,,,,,,,,,,,,,,,,,,,,,,,,,,,,,,,,,,,
,,,,,,,Electrical,Wire & Cable,Building Wire,,161-04720-00C,1610472000C 15A 125V Cord Conn,-- Unbranded --,-- No Unilog Brand --,Leviton,Leviton Mfg Co (4927),"Leviton Manufacturing Co., Inc.",Leviton®,,161-04720-00C,,Electrical>Wire & Cable>Building Wire,"Leviton Manufacturing Co., Inc. Leviton, Cord, 161-04720-00C",CORD 125V 15A,"Leviton® 161-04720-00C Cord, 125 V, 15 A","Leviton® Cord, 125 V, 15 A","Cord, 125 V, 15 A",,,,,,,,,,,,,,,,,,,,,,,,,,,Cord,Selling UOM,,,Voltage Rating,125,V,Amperage Rating,15,A,,,,,,,,,,,,,,,,,,,,,,,,,,,,,,,,,,,,,,,,,,,,,,,,,,,,,,,,,,,,,,,,,,,,,,,,,,,,,,,,,,,,,,,,,,,,,,,,,,,,,,,,,,,,,,,,,,,,,,,,,,,,,,,,,,,,,,,,,,,,,,,,,26121600,,,,,,,,,,,,,,,,,,,,,,,,,,,,,,,,,,,,,,,,,,,
,,,,,,,Electrical,Wiring Devices,Receptacles,,R02-GUAC1-0BW,R02GUAC10BW 15A/USB Outlet Wh,-- Unbranded --,-- No Unilog Brand --,Leviton,Leviton Mfg Co (4927),"Leviton Manufacturing Co., Inc.",Leviton®,,R02-GUAC1-0BW,,Electrical>Wiring Devices>Receptacles,"Leviton Manufacturing Co., Inc. Leviton, Outlet, R02-GUAC1-0BW",OUTLET WH 15A,"Leviton® R02-GUAC1-0BW Outlet, 15 A, White","Leviton® Outlet, 15 A, White","Outlet, 15 A, White",,,,,,,,,,,,,,,,,,,,,,,,,,,Outlet,Amperage Rating,15,A,Color,White,,,,,,,,,,,,,,,,,,,,,,,,,,,,,,,,,,,,,,,,,,,,,,,,,,,,,,,,,,,,,,,,,,,,,,,,,,,,,,,,,,,,,,,,,,,,,,,,,,,,,,,,,,,,,,,,,,,,,,,,,,,,,,,,,,,,,,,,,,,,,,,,,,,,,39121600,,,,,,,,,,,,,,,,,,,,,,,,,,,,,,,,,,,,,,,,,,,
,,,,,,,Electrical,Wiring Devices,Receptacles,,R56-CBR15-00T,R56CBR1500T 15A Outlet LA,-- Unbranded --,-- No Unilog Brand --,Leviton,Leviton Mfg Co (4927),"Leviton Manufacturing Co., Inc.",Leviton®,,R56-CBR15-00T,,Electrical>Wiring Devices>Receptacles,"Leviton Manufacturing Co., Inc. Leviton, Outlet, R56-CBR15-00T",OUTLET 15A R56-CBR15-00T,"Leviton® R56-CBR15-00T Outlet, 15 A","Leviton® Outlet, 15 A","Outlet, 15 A",,,,,,,,,,,,,,,,,,,,,,,,,,,Outlet,Amperage Rating,15,A,Color,,,,,,,,,,,,,,,,,,,,,,,,,,,,,,,,,,,,,,,,,,,,,,,,,,,,,,,,,,,,,,,,,,,,,,,,,,,,,,,,,,,,,,,,,,,,,,,,,,,,,,,,,,,,,,,,,,,,,,,,,,,,,,,,,,,,,,,,,,,,,,,,,,,,,,39121600,,,,,,,,,,,,,,,,,,,,,,,,,,,,,,,,,,,,,,,,,,,
,,,,,,,,,,,R20-05378-P00,R2005378P00 6-50R Welder Outet,-- Unbranded --,-- No Unilog Brand --,Leviton,Leviton Mfg Co (4927),"Leviton Manufacturing Co., Inc.",Leviton®,,R20-05378-P00,,,"Leviton Manufacturing Co., Inc. Leviton, Welder Outet, R20-05378-P00",WELDER OUTET R20-05378-P00,Leviton® R20-05378-P00 Welder Outet,Leviton® Welder Outet,Welder Outet,,,,,,,,,,,,,,,,,,,,,,,,,,,Welder Outet,Wattage,,,Color Temperature,,,Bulb Shape,,,Base Type,,,Pack Quantity,,,,,,,,,,,,,,,,,,,,,,,,,,,,,,,,,,,,,,,,,,,,,,,,,,,,,,,,,,,,,,,,,,,,,,,,,,,,,,,,,,,,,,,,,,,,,,,,,,,,,,,,,,,,,,,,,,,,,,,,,,,,,,,,,,,,,,,,,,,,,,,,,,,,,,,,,,,,,,,,,,,,,,,,,,,,,,,,,,,,,,,,
,,,,,,,Electrical,Wiring Devices,Wall Plates & Covers,,WC1V12W-SG-UPC,WC1V12WSGUPC 1G Cover Wh,-- Unbranded --,-- No Unilog Brand --,Southwire,Southwire/g Turner (6603),"Southwire Company, LLC",Southwire®,,WC1V12W-SG-UPC,,Electrical>Wiring Devices>Wall Plates,"Southwire Company, LLC Southwire, Cover, WC1V12W-SG-UPC, White",COVER WH WC1V12W-SG-UPC,"Southwire® WC1V12W-SG-UPC Cover, White","Southwire® Cover, White","Cover, White",,,,,,,,,,,,,,,,,,,,,,,,,,,Cover,Size,,,Color,White,,,,,,,,,,,,,,,,,,,,,,,,,,,,,,,,,,,,,,,,,,,,,,,,,,,,,,,,,,,,,,,,,,,,,,,,,,,,,,,,,,,,,,,,,,,,,,,,,,,,,,,,,,,,,,,,,,,,,,,,,,,,,,,,,,,,,,,,,,,,,,,,,,,,,39131700,,,,,,,,,,,,,,,,,,,,,,,,,,,,,,,,,,,,,,,,,,,
,,,,,,,,,,,R51-GSRA1-THD,R5GSRA1THD 15A GFCI Plug,-- Unbranded --,-- No Unilog Brand --,Leviton,Leviton Mfg Co (4927),"Leviton Manufacturing Co., Inc.",Leviton®,,R51-GSRA1-THD,,,"Leviton Manufacturing Co., Inc. Leviton, GFCI Plug, R51-GSRA1-THD",GFCI PLUG 15A,"Leviton® R51-GSRA1-THD GFCI Plug, 15 A","Leviton® GFCI Plug, 15 A","GFCI Plug, 15 A",,,,,,,,,,,,,,,,,,,,,,,,,,,GFCI Plug,Wattage,,,Color Temperature,,,Bulb Shape,,,Base Type,,,Pack Quantity,,,Amperage Rating,15,A,,,,,,,,,,,,,,,,,,,,,,,,,,,,,,,,,,,,,,,,,,,,,,,,,,,,,,,,,,,,,,,,,,,,,,,,,,,,,,,,,,,,,,,,,,,,,,,,,,,,,,,,,,,,,,,,,,,,,,,,,,,,,,,,,,,,,,,,,,,,,,,,,,,,,,,,,,,,,,,,,,,,,,,,,,,,,,,,,,,
,,,,,,,Electrical,Wiring Devices,Receptacles,,R62-CBR15-00W,R62CBR1500W 15A Outlet Wh,-- Unbranded --,-- No Unilog Brand --,Leviton,Leviton Mfg Co (4927),"Leviton Manufacturing Co., Inc.",Leviton®,,R62-CBR15-00W,,Electrical>Wiring Devices>Receptacles,"Leviton Manufacturing Co., Inc. Leviton, Outlet, R62-CBR15-00W",OUTLET WH 15A,"Leviton® R62-CBR15-00W Outlet, 15 A, White","Leviton® Outlet, 15 A, White","Outlet, 15 A, White",,,,,,,,,,,,,,,,,,,,,,,,,,,Outlet,Amperage Rating,15,A,Color,White,,,,,,,,,,,,,,,,,,,,,,,,,,,,,,,,,,,,,,,,,,,,,,,,,,,,,,,,,,,,,,,,,,,,,,,,,,,,,,,,,,,,,,,,,,,,,,,,,,,,,,,,,,,,,,,,,,,,,,,,,,,,,,,,,,,,,,,,,,,,,,,,,,,,,39121600,,,,,,,,,,,,,,,,,,,,,,,,,,,,,,,,,,,,,,,,,,,
,,,,,,,Electrical,Wiring Devices,Switches,,S03-05226-IS,S0305226IS IV Switch / Pilot,-- Unbranded --,-- No Unilog Brand --,Leviton,Leviton Mfg Co (4927),"Leviton Manufacturing Co., Inc.",Leviton®,,S03-05226-IS,,Electrical>Wiring Devices>Switches,"Leviton Manufacturing Co., Inc. Leviton, Switch, IV Pilot, S03-05226-IS",SWITCH S03-05226-IS,Leviton® IV Pilot S03-05226-IS Switch,"Leviton® Switch, IV Pilot",IV Pilot Switch,,,,,,,,,,,,,,,,,,,,,,,,,,,Switch,Series,IV Pilot,,,,,,,,,,,,,,,,,,,,,,,,,,,,,,,,,,,,,,,,,,,,,,,,,,,,,,,,,,,,,,,,,,,,,,,,,,,,,,,,,,,,,,,,,,,,,,,,,,,,,,,,,,,,,,,,,,,,,,,,,,,,,,,,,,,,,,,,,,,,,,,,,,,,,,,,39121500,,,,,,,,,,,,,,,,,,,,,,,,,,,,,,,,,,,,,,,,,,,
,,,,,,,Electrical,Wiring Devices,Switches,,174-0CSB3-15W,174-OCSB3-15A Toggle 3-Way Switch Wh,-- Unbranded --,-- No Unilog Brand --,-- No DIB Brand --,Leviton Mfg Co (4927),"Leviton Manufacturing Co., Inc.",Leviton®,,174-0CSB3-15W,,Electrical>Wiring Devices>Switches,"Leviton Manufacturing Co., Inc. Leviton, Switch, 174-0CSB3-15W",SWITCH WH 15A,"Leviton® 174-0CSB3-15W Switch, 15 A, White","Leviton® Switch, 15 A, White","Switch, 15 A, White",,,,,,,,,,,,,,,,,,,,,,,,,,,Switch,Amperage Rating,15,A,Color,White,,,,,,,,,,,,,,,,,,,,,,,,,,,,,,,,,,,,,,,,,,,,,,,,,,,,,,,,,,,,,,,,,,,,,,,,,,,,,,,,,,,,,,,,,,,,,,,,,,,,,,,,,,,,,,,,,,,,,,,,,,,,,,,,,,,,,,,,,,,,,,,,,,,,,39121500,,,,,,,,,,,,,,,,,,,,,,,,,,,,,,,,,,,,,,,,,,,
,,,,,,,,,,,R50-0SL13-000,T50-0SL13000 1G Wallplate SS - Blank,-- Unbranded --,-- No Unilog Brand --,Leviton,Leviton Mfg Co (4927),"Leviton Manufacturing Co., Inc.",Leviton®,,R50-0SL13-000,,,"Leviton Manufacturing Co., Inc. Leviton, G Wallplate Blank, R50-0SL13-000",G WALLPLATE BLANK SST T50,"Leviton® R50-0SL13-000 G Wallplate Blank, T50, Stainless Steel","Leviton® G Wallplate Blank, T50, Stainless Steel","G Wallplate Blank, T50, Stainless Steel",,,,,,,,,,,,,,,,,,,,,,,,,,,G Wallplate Blank,Wattage,,,Color Temperature,,,Bulb Shape,T50,,Base Type,,,Pack Quantity,,,Color,Stainless Steel,,,,,,,,,,,,,,,,,,,,,,,,,,,,,,,,,,,,,,,,,,,,,,,,,,,,,,,,,,,,,,,,,,,,,,,,,,,,,,,,,,,,,,,,,,,,,,,,,,,,,,,,,,,,,,,,,,,,,,,,,,,,,,,,,,,,,,,,,,,,,,,,,,,,,,,,,,,,,,,,,,,,,,,,,,,,,,,,,,,,
,,,,,,,,,,,R52-0PJ13-00W,R520PJ1300W 1G Wallplate Wh - Blank,-- Unbranded --,-- No Unilog Brand --,Leviton,Leviton Mfg Co (4927),"Leviton Manufacturing Co., Inc.",Leviton®,,R52-0PJ13-00W,,,"Leviton Manufacturing Co., Inc. Leviton, G Wallplate Blank, R52-0PJ13-00W",G WALLPLATE BLANK WH,"Leviton® R52-0PJ13-00W G Wallplate Blank, White","Leviton® G Wallplate Blank, White","G Wallplate Blank, White",,,,,,,,,,,,,,,,,,,,,,,,,,,G Wallplate Blank,Wattage,,,Color Temperature,,,Bulb Shape,,,Base Type,,,Pack Quantity,,,Color,White,,,,,,,,,,,,,,,,,,,,,,,,,,,,,,,,,,,,,,,,,,,,,,,,,,,,,,,,,,,,,,,,,,,,,,,,,,,,,,,,,,,,,,,,,,,,,,,,,,,,,,,,,,,,,,,,,,,,,,,,,,,,,,,,,,,,,,,,,,,,,,,,,,,,,,,,,,,,,,,,,,,,,,,,,,,,,,,,,,,,
,,,,,,,Appliances,Small Appliances,Countertop Appliances,,XOU2470BCGS,XOU2470BCGS Tall Beverage Center SS,-- Unbranded --,-- No Unilog Brand --,-- No DIB Brand --,Appliance Dealers Cooperative (APPDE),,,,XOU2470BCGS,,Appliances & Consumer Electronics>Small Appliances>Countertop Appliances,"Beverage Center, XOU2470BCGS, Stainless Steel",BEVERAGE CENTER SST,"XOU2470BCGS Beverage Center, Stainless Steel","Beverage Center, Stainless Steel","Beverage Center, Stainless Steel",,,,,,,,,,,,,,,,,,,,,,,,,,,Beverage Center,Color,Stainless Steel,,,,,,,,,,,,,,,,,,,,,,,,,,,,,,,,,,,,,,,,,,,,,,,,,,,,,,,,,,,,,,,,,,,,,,,,,,,,,,,,,,,,,,,,,,,,,,,,,,,,,,,,,,,,,,,,,,,,,,,,,,,,,,,,,,,,,,,,,,,,,,,,,,,,,,,,52141700,,,,,,,,,,,,,,,,,,,,,,,,,,,,,,,,,,,,,,,,,,,
,,,,,,,Appliances,Small Appliances,Countertop Appliances,,XOU24BCGSR,XOU24BCGSR Beverage Center SS,-- Unbranded --,-- No Unilog Brand --,-- No DIB Brand --,Appliance Dealers Cooperative (APPDE),,,,XOU24BCGSR,,Appliances & Consumer Electronics>Small Appliances>Countertop Appliances,"Beverage Center, XOU24BCGSR, Stainless Steel",BEVERAGE CENTER SST,"XOU24BCGSR Beverage Center, Stainless Steel","Beverage Center, Stainless Steel","Beverage Center, Stainless Steel",,,,,,,,,,,,,,,,,,,,,,,,,,,Beverage Center,Color,Stainless Steel,,,,,,,,,,,,,,,,,,,,,,,,,,,,,,,,,,,,,,,,,,,,,,,,,,,,,,,,,,,,,,,,,,,,,,,,,,,,,,,,,,,,,,,,,,,,,,,,,,,,,,,,,,,,,,,,,,,,,,,,,,,,,,,,,,,,,,,,,,,,,,,,,,,,,,,,52141700,,,,,,,,,,,,,,,,,,,,,,,,,,,,,,,,,,,,,,,,,,,
,,,,,,,Appliances,Small Appliances,Countertop Appliances,,XOU24WDZGBR,XOU24WDZGBR Beverage Center Bk,-- Unbranded --,-- No Unilog Brand --,-- No DIB Brand --,Appliance Dealers Cooperative (APPDE),,,,XOU24WDZGBR,,Appliances & Consumer Electronics>Small Appliances>Countertop Appliances,"Beverage Center, XOU24WDZGBR, Black",BEVERAGE CENTER BK,"XOU24WDZGBR Beverage Center, Black","Beverage Center, Black","Beverage Center, Black",,,,,,,,,,,,,,,,,,,,,,,,,,,Beverage Center,Color,Black,,,,,,,,,,,,,,,,,,,,,,,,,,,,,,,,,,,,,,,,,,,,,,,,,,,,,,,,,,,,,,,,,,,,,,,,,,,,,,,,,,,,,,,,,,,,,,,,,,,,,,,,,,,,,,,,,,,,,,,,,,,,,,,,,,,,,,,,,,,,,,,,,,,,,,,,52141700,,,,,,,,,,,,,,,,,,,,,,,,,,,,,,,,,,,,,,,,,,,
,,,,,,,Appliances,Small Appliances,Countertop Appliances,,C7CDAAS3PD3,C7CDAAS3PD3 Café Drip Coffee Maker MB,-- Unbranded --,-- No Unilog Brand --,-- No DIB Brand --,Appliance Dealers Cooperative (APPDE),GE Appliances,Café®,,C7CDAAS3PD3,,Appliances & Consumer Electronics>Small Appliances>Countertop Appliances,"GE Appliances Café, Coffee Maker, C7CDAAS3PD3, Matte Black",COFFEE MAKER MATTE BLACK,"Café® C7CDAAS3PD3 Coffee Maker, Matte Black","Café® Coffee Maker, Matte Black","Coffee Maker, Matte Black",,,,,,,,,,,,,,,,,,,,,,,,,,,Coffee Maker,Color,Matte Black,,,,,,,,,,,,,,,,,,,,,,,,,,,,,,,,,,,,,,,,,,,,,,,,,,,,,,,,,,,,,,,,,,,,,,,,,,,,,,,,,,,,,,,,,,,,,,,,,,,,,,,,,,,,,,,,,,,,,,,,,,,,,,,,,,,,,,,,,,,,,,,,,,,,,,,,52141700,,,,,,,,,,,,,,,,,,,,,,,,,,,,,,,,,,,,,,,,,,,
,,,,,,,Appliances,Small Appliances,Countertop Appliances,,C7CDAAS4PW3,C7CDAAS4PW3 Café Drip Coffee Maker MW,-- Unbranded --,-- No Unilog Brand --,-- No DIB Brand --,Appliance Dealers Cooperative (APPDE),GE Appliances,Café®,,C7CDAAS4PW3,,Appliances & Consumer Electronics>Small Appliances>Countertop Appliances,"GE Appliances Café, Coffee Maker, Drip MW, C7CDAAS4PW3",COFFEE MAKER C7CDAAS4PW3,Café® Drip MW C7CDAAS4PW3 Coffee Maker,"Café® Coffee Maker, Drip MW",Drip MW Coffee Maker,,,,,,,,,,,,,,,,,,,,,,,,,,,Coffee Maker,Color,,,Series,Drip MW,,,,,,,,,,,,,,,,,,,,,,,,,,,,,,,,,,,,,,,,,,,,,,,,,,,,,,,,,,,,,,,,,,,,,,,,,,,,,,,,,,,,,,,,,,,,,,,,,,,,,,,,,,,,,,,,,,,,,,,,,,,,,,,,,,,,,,,,,,,,,,,,,,,,,52141700,,,,,,,,,,,,,,,,,,,,,,,,,,,,,,,,,,,,,,,,,,,
,,,,,,,Appliances,Small Appliances,Countertop Appliances,,C7CDABS2RS3,C7CDABS2RS3 Cafe Coffee Maker,-- Unbranded --,-- No Unilog Brand --,-- No DIB Brand --,Appliance Dealers Cooperative (APPDE),,,,C7CDABS2RS3,,Appliances & Consumer Electronics>Small Appliances>Countertop Appliances,"Coffee Maker, C7CDABS2RS3",COFFEE MAKER C7CDABS2RS3,C7CDABS2RS3 Coffee Maker,Coffee Maker,Coffee Maker,,,,,,,,,,,,,,,,,,,,,,,,,,,Coffee Maker,Color,,,,,,,,,,,,,,,,,,,,,,,,,,,,,,,,,,,,,,,,,,,,,,,,,,,,,,,,,,,,,,,,,,,,,,,,,,,,,,,,,,,,,,,,,,,,,,,,,,,,,,,,,,,,,,,,,,,,,,,,,,,,,,,,,,,,,,,,,,,,,,,,,,,,,,,,,52141700,,,,,,,,,,,,,,,,,,,,,,,,,,,,,,,,,,,,,,,,,,,
,,,,,,,Appliances,Small Appliances,Countertop Appliances,,C7CDABS3RD3,C7CDABS3RD3 Café Coffee Maker MB,-- Unbranded --,-- No Unilog Brand --,-- No DIB Brand --,Appliance Dealers Cooperative (APPDE),GE Appliances,Café®,,C7CDABS3RD3,,Appliances & Consumer Electronics>Small Appliances>Countertop Appliances,"GE Appliances Café, Coffee Maker, C7CDABS3RD3, Matte Black",COFFEE MAKER MATTE BLACK,"Café® C7CDABS3RD3 Coffee Maker, Matte Black","Café® Coffee Maker, Matte Black","Coffee Maker, Matte Black",,,,,,,,,,,,,,,,,,,,,,,,,,,Coffee Maker,Color,Matte Black,,,,,,,,,,,,,,,,,,,,,,,,,,,,,,,,,,,,,,,,,,,,,,,,,,,,,,,,,,,,,,,,,,,,,,,,,,,,,,,,,,,,,,,,,,,,,,,,,,,,,,,,,,,,,,,,,,,,,,,,,,,,,,,,,,,,,,,,,,,,,,,,,,,,,,,,52141700,,,,,,,,,,,,,,,,,,,,,,,,,,,,,,,,,,,,,,,,,,,
,,,,,,,Appliances,Small Appliances,Countertop Appliances,,C7CDABS4RW3,C7CDABS4RW3 Café Coffee Maker MW,-- Unbranded --,-- No Unilog Brand --,-- No DIB Brand --,Appliance Dealers Cooperative (APPDE),GE Appliances,Café®,,C7CDABS4RW3,,Appliances & Consumer Electronics>Small Appliances>Countertop Appliances,"GE Appliances Café, Coffee Maker, C7CDABS4RW3",COFFEE MAKER C7CDABS4RW3,Café® C7CDABS4RW3 Coffee Maker,Café® Coffee Maker,Coffee Maker,,,,,,,,,,,,,,,,,,,,,,,,,,,Coffee Maker,Color,,,,,,,,,,,,,,,,,,,,,,,,,,,,,,,,,,,,,,,,,,,,,,,,,,,,,,,,,,,,,,,,,,,,,,,,,,,,,,,,,,,,,,,,,,,,,,,,,,,,,,,,,,,,,,,,,,,,,,,,,,,,,,,,,,,,,,,,,,,,,,,,,,,,,,,,,52141700,,,,,,,,,,,,,,,,,,,,,,,,,,,,,,,,,,,,,,,,,,,
,,,,,,,Appliances,Small Appliances,Countertop Appliances,,C7CEBBS2RS3,C7CEBBS2RS3 Cafe Auto Espresso Machine SS,-- Unbranded --,-- No Unilog Brand --,-- No DIB Brand --,Appliance Dealers Cooperative (APPDE),,,,C7CEBBS2RS3,,Appliances & Consumer Electronics>Small Appliances>Countertop Appliances,"Auto Espresso Machine, C7CEBBS2RS3, Stainless Steel",AUTO ESPRESSO MACHINE SST,"C7CEBBS2RS3 Auto Espresso Machine, Stainless Steel","Auto Espresso Machine, Stainless Steel","Auto Espresso Machine, Stainless Steel",,,,,,,,,,,,,,,,,,,,,,,,,,,Auto Espresso Machine,Color,Stainless Steel,,,,,,,,,,,,,,,,,,,,,,,,,,,,,,,,,,,,,,,,,,,,,,,,,,,,,,,,,,,,,,,,,,,,,,,,,,,,,,,,,,,,,,,,,,,,,,,,,,,,,,,,,,,,,,,,,,,,,,,,,,,,,,,,,,,,,,,,,,,,,,,,,,,,,,,,52141700,,,,,,,,,,,,,,,,,,,,,,,,,,,,,,,,,,,,,,,,,,,
,,,,,,,Appliances,Small Appliances,Countertop Appliances,,C7CEBBS4RW3,C7CEBBS4RW3 Café Auto Espresso Machine Wh,-- Unbranded --,-- No Unilog Brand --,-- No DIB Brand --,Appliance Dealers Cooperative (APPDE),GE Appliances,Café®,,C7CEBBS4RW3,,Appliances & Consumer Electronics>Small Appliances>Countertop Appliances,"GE Appliances Café, Auto Espresso Machine, C7CEBBS4RW3, White",AUTO ESPRESSO MACHINE WH,"Café® C7CEBBS4RW3 Auto Espresso Machine, White","Café® Auto Espresso Machine, White","Auto Espresso Machine, White",,,,,,,,,,,,,,,,,,,,,,,,,,,Auto Espresso Machine,Color,White,,,,,,,,,,,,,,,,,,,,,,,,,,,,,,,,,,,,,,,,,,,,,,,,,,,,,,,,,,,,,,,,,,,,,,,,,,,,,,,,,,,,,,,,,,,,,,,,,,,,,,,,,,,,,,,,,,,,,,,,,,,,,,,,,,,,,,,,,,,,,,,,,,,,,,,,52141700,,,,,,,,,,,,,,,,,,,,,,,,,,,,,,,,,,,,,,,,,,,
,,,,,,,Appliances,Small Appliances,Countertop Appliances,,C7CESAS2RS3,C7CESAS2RS3 Café Espresso SS,-- Unbranded --,-- No Unilog Brand --,-- No DIB Brand --,Appliance Dealers Cooperative (APPDE),GE Appliances,Café®,,C7CESAS2RS3,,Appliances & Consumer Electronics>Small Appliances>Countertop Appliances,"GE Appliances Café, Espresso, C7CESAS2RS3, Stainless Steel",ESPRESSO SST C7CESAS2RS3,"Café® C7CESAS2RS3 Espresso, Stainless Steel","Café® Espresso, Stainless Steel","Espresso, Stainless Steel",,,,,,,,,,,,,,,,,,,,,,,,,,,Espresso,Color,Stainless Steel,,,,,,,,,,,,,,,,,,,,,,,,,,,,,,,,,,,,,,,,,,,,,,,,,,,,,,,,,,,,,,,,,,,,,,,,,,,,,,,,,,,,,,,,,,,,,,,,,,,,,,,,,,,,,,,,,,,,,,,,,,,,,,,,,,,,,,,,,,,,,,,,,,,,,,,,52141700,,,,,,,,,,,,,,,,,,,,,,,,,,,,,,,,,,,,,,,,,,,
,,,,,,,Appliances,Small Appliances,Countertop Appliances,,C7CESAS3RD3,C7CESAS3RD3 Café Espresso Machine MB,-- Unbranded --,-- No Unilog Brand --,-- No DIB Brand --,Appliance Dealers Cooperative (APPDE),GE Appliances,Café®,,C7CESAS3RD3,,Appliances & Consumer Electronics>Small Appliances>Countertop Appliances,"GE Appliances Café, Espresso Machine, C7CESAS3RD3, Matte Black",ESPRESSO MACHINE MATTE BLACK,"Café® C7CESAS3RD3 Espresso Machine, Matte Black","Café® Espresso Machine, Matte Black","Espresso Machine, Matte Black",,,,,,,,,,,,,,,,,,,,,,,,,,,Espresso Machine,Color,Matte Black,,,,,,,,,,,,,,,,,,,,,,,,,,,,,,,,,,,,,,,,,,,,,,,,,,,,,,,,,,,,,,,,,,,,,,,,,,,,,,,,,,,,,,,,,,,,,,,,,,,,,,,,,,,,,,,,,,,,,,,,,,,,,,,,,,,,,,,,,,,,,,,,,,,,,,,,52141700,,,,,,,,,,,,,,,,,,,,,,,,,,,,,,,,,,,,,,,,,,,
,,,,,,,Appliances,Small Appliances,Countertop Appliances,,C7CESAS4RW3,C7CESAS4RW3 Cafe Espresso Wh,-- Unbranded --,-- No Unilog Brand --,-- No DIB Brand --,Appliance Dealers Cooperative (APPDE),,,,C7CESAS4RW3,,Appliances & Consumer Electronics>Small Appliances>Countertop Appliances,"Cafe Espresso, C7CESAS4RW3, White",CAFE ESPRESSO WH,"C7CESAS4RW3 Cafe Espresso, White","Cafe Espresso, White","Cafe Espresso, White",,,,,,,,,,,,,,,,,,,,,,,,,,,Cafe Espresso,Color,White,,,,,,,,,,,,,,,,,,,,,,,,,,,,,,,,,,,,,,,,,,,,,,,,,,,,,,,,,,,,,,,,,,,,,,,,,,,,,,,,,,,,,,,,,,,,,,,,,,,,,,,,,,,,,,,,,,,,,,,,,,,,,,,,,,,,,,,,,,,,,,,,,,,,,,,,52141700,,,,,,,,,,,,,,,,,,,,,,,,,,,,,,,,,,,,,,,,,,,
,,,,,,,Appliances,Large Appliances,Ranges & Ovens,,WOSP30100SS,WOSP30100SS Beko Wall Oven SS,-- Unbranded --,-- No Unilog Brand --,-- No DIB Brand --,Appliance Dealers Cooperative (APPDE),,,,WOSP30100SS,,Appliances & Consumer Electronics>Kitchen Appliances>Ranges,"Wall Oven, WOSP30100SS, Stainless Steel",WALL OVEN SST,"WOSP30100SS Wall Oven, Stainless Steel","Wall Oven, Stainless Steel","Wall Oven, Stainless Steel",,,,,,,,,,,,,,,,,,,,,,,,,,,Wall Oven,Size,,,Color,Stainless Steel,,Display Only,,,Fuel Type,,,,,,,,,,,,,,,,,,,,,,,,,,,,,,,,,,,,,,,,,,,,,,,,,,,,,,,,,,,,,,,,,,,,,,,,,,,,,,,,,,,,,,,,,,,,,,,,,,,,,,,,,,,,,,,,,,,,,,,,,,,,,,,,,,,,,,,,,,,,,,,,52141502,,,,,,,,,,,,,,,,,,,,,,,,,,,,,,,,,,,,,,,,,,,
,,,,,,,Appliances,Large Appliances,Microwaves,,MSER2090S,MSER2090S LG Microwave SS,-- Unbranded --,-- No Unilog Brand --,-- No DIB Brand --,Appliance Dealers Cooperative (APPDE),LG Electronics,LG®,,MSER2090S,,Appliances & Consumer Electronics>Kitchen Appliances>Microwave Ovens,"LG Electronics LG, Microwave, MSER2090S, Stainless Steel",MICROWAVE SST,"LG® MSER2090S Microwave, Stainless Steel","LG® Microwave, Stainless Steel","Microwave, Stainless Steel",,,,,,,,,,,,,,,,,,,,,,,,,,,Microwave,Color,Stainless Steel,,Display Only,,,,,,,,,,,,,,,,,,,,,,,,,,,,,,,,,,,,,,,,,,,,,,,,,,,,,,,,,,,,,,,,,,,,,,,,,,,,,,,,,,,,,,,,,,,,,,,,,,,,,,,,,,,,,,,,,,,,,,,,,,,,,,,,,,,,,,,,,,,,,,,,,,,,,,52141520,,,,,,,,,,,,,,,,,,,,,,,,,,,,,,,,,,,,,,,,,,,
,,,,,,,Appliances,Large Appliances,Microwaves,,GCST16S1WSS,GCST16S1WSS GE Microwave SS,-- Unbranded --,-- No Unilog Brand --,-- No DIB Brand --,Appliance Dealers Cooperative (APPDE),GE Appliances,GE®,,GCST16S1WSS,,Appliances & Consumer Electronics>Kitchen Appliances>Microwave Ovens,"GE Appliances GE, Microwave, GCST16S1WSS, Stainless Steel",MICROWAVE SST,"GE® GCST16S1WSS Microwave, Stainless Steel","GE® Microwave, Stainless Steel","Microwave, Stainless Steel",,,,,,,,,,,,,,,,,,,,,,,,,,,Microwave,Color,Stainless Steel,,Display Only,,,,,,,,,,,,,,,,,,,,,,,,,,,,,,,,,,,,,,,,,,,,,,,,,,,,,,,,,,,,,,,,,,,,,,,,,,,,,,,,,,,,,,,,,,,,,,,,,,,,,,,,,,,,,,,,,,,,,,,,,,,,,,,,,,,,,,,,,,,,,,,,,,,,,,52141520,,,,,,,,,,,,,,,,,,,,,,,,,,,,,,,,,,,,,,,,,,,
,,,,,,,Appliances,Large Appliances,Microwaves,,PCWK15C1WSS,PCWK15C1WSS GE Microwave,-- Unbranded --,-- No Unilog Brand --,-- No DIB Brand --,Appliance Dealers Cooperative (APPDE),GE Appliances,GE®,,PCWK15C1WSS,,Appliances & Consumer Electronics>Kitchen Appliances>Microwave Ovens,"GE Appliances GE, Microwave, PCWK15C1WSS",MICROWAVE PCWK15C1WSS,GE® PCWK15C1WSS Microwave,GE® Microwave,Microwave,,,,,,,,,,,,,,,,,,,,,,,,,,,Microwave,Color,,,Display Only,,,,,,,,,,,,,,,,,,,,,,,,,,,,,,,,,,,,,,,,,,,,,,,,,,,,,,,,,,,,,,,,,,,,,,,,,,,,,,,,,,,,,,,,,,,,,,,,,,,,,,,,,,,,,,,,,,,,,,,,,,,,,,,,,,,,,,,,,,,,,,,,,,,,,,52141520,,,,,,,,,,,,,,,,,,,,,,,,,,,,,,,,,,,,,,,,,,,
,,,,,,,Appliances,Large Appliances,Microwaves,,SMC2266KS,SMC2266KS Microwave SS Display Only,-- Unbranded --,-- No Unilog Brand --,-- No DIB Brand --,Appliance Dealers Cooperative (APPDE),,,,SMC2266KS,,Appliances & Consumer Electronics>Kitchen Appliances>Microwave Ovens,"Microwave, SMC2266KS, Stainless Steel",MICROWAVE SST,"SMC2266KS Microwave, Stainless Steel","Microwave, Stainless Steel","Microwave, Stainless Steel",,,,,,,,,,,,,,,,,,,,,,,,,,,Microwave,Color,Stainless Steel,,Display Only,Yes,,,,,,,,,,,,,,,,,,,,,,,,,,,,,,,,,,,,,,,,,,,,,,,,,,,,,,,,,,,,,,,,,,,,,,,,,,,,,,,,,,,,,,,,,,,,,,,,,,,,,,,,,,,,,,,,,,,,,,,,,,,,,,,,,,,,,,,,,,,,,,,,,,,,,52141520,,,,,,,,,,,,,,,,,,,,,,,,,,,,,,,,,,,,,,,,,,,
,,,,,,,Appliances,Large Appliances,Microwaves,,SMD2479JS,SMD2479JS Microwave Drawer SS Display Only,-- Unbranded --,-- No Unilog Brand --,-- No DIB Brand --,Appliance Dealers Cooperative (APPDE),,,,SMD2479JS,,Appliances & Consumer Electronics>Kitchen Appliances>Microwave Ovens,"Microwave, SMD2479JS, Stainless Steel",MICROWAVE SST,"SMD2479JS Microwave, Stainless Steel","Microwave, Stainless Steel","Microwave, Stainless Steel",,,,,,,,,,,,,,,,,,,,,,,,,,,Microwave,Color,Stainless Steel,,Display Only,Yes,,,,,,,,,,,,,,,,,,,,,,,,,,,,,,,,,,,,,,,,,,,,,,,,,,,,,,,,,,,,,,,,,,,,,,,,,,,,,,,,,,,,,,,,,,,,,,,,,,,,,,,,,,,,,,,,,,,,,,,,,,,,,,,,,,,,,,,,,,,,,,,,,,,,,52141520,,,,,,,,,,,,,,,,,,,,,,,,,,,,,,,,,,,,,,,,,,,
,,,,,,,Appliances,Large Appliances,Ranges & Ovens,,PEP9030DTBB,"PEP9030DTBB 30"" GE Cooktop Bk",-- Unbranded --,-- No Unilog Brand --,-- No DIB Brand --,Appliance Dealers Cooperative (APPDE),GE Appliances,GE®,,PEP9030DTBB,,Appliances & Consumer Electronics>Kitchen Appliances>Ranges,"GE Appliances GE, Cooktop, PEP9030DTBB, 30 in, Black",COOKTOP BK 30IN,"GE® PEP9030DTBB Cooktop, 30 in, Black","GE® Cooktop, 30 in, Black","Cooktop, 30 in, Black",,,,,,,,,,,,,,,,,,,,,,,,,,,Cooktop,Size,30,in,Color,Black,,Display Only,,,Fuel Type,,,,,,,,,,,,,,,,,,,,,,,,,,,,,,,,,,,,,,,,,,,,,,,,,,,,,,,,,,,,,,,,,,,,,,,,,,,,,,,,,,,,,,,,,,,,,,,,,,,,,,,,,,,,,,,,,,,,,,,,,,,,,,,,,,,,,,,,,,,,,,,,52141502,,,,,,,,,,,,,,,,,,,,,,,,,,,,,,,,,,,,,,,,,,,
,,,,,,,Appliances,Large Appliances,Ranges & Ovens,,CES700P3MD1,"CES700P3MD1 Cafe 30"" Range Bk - Display",-- Unbranded --,-- No Unilog Brand --,-- No DIB Brand --,Appliance Dealers Cooperative (APPDE),,,,CES700P3MD1,,Appliances & Consumer Electronics>Kitchen Appliances>Ranges,"Range, CES700P3MD1, 30 in, Black",RANGE BK 30IN,"CES700P3MD1 Range, 30 in, Black","Range, 30 in, Black","Range, 30 in, Black",,,,,,,,,,,,,,,,,,,,,,,,,,,Range,Size,30,in,Color,Black,,Display Only,,,Fuel Type,,,,,,,,,,,,,,,,,,,,,,,,,,,,,,,,,,,,,,,,,,,,,,,,,,,,,,,,,,,,,,,,,,,,,,,,,,,,,,,,,,,,,,,,,,,,,,,,,,,,,,,,,,,,,,,,,,,,,,,,,,,,,,,,,,,,,,,,,,,,,,,,52141502,,,,,,,,,,,,,,,,,,,,,,,,,,,,,,,,,,,,,,,,,,,
,,,,,,,Appliances,Large Appliances,Ranges & Ovens,,PS960YPFS,"PS960YPFS 30"" GE Electric Range SS - Display Only",-- Unbranded --,-- No Unilog Brand --,-- No DIB Brand --,Appliance Dealers Cooperative (APPDE),GE Appliances,GE®,,PS960YPFS,,Appliances & Consumer Electronics>Kitchen Appliances>Ranges,"GE Appliances GE, Range, PS960YPFS, 30 in, Electric, Stainless Steel",RANGE SST 30IN ELECTRIC,"GE® PS960YPFS Range, 30 in, Stainless Steel, Electric","GE® Range, 30 in, Stainless Steel, Electric","Range, 30 in, Stainless Steel, Electric",,,,,,,,,,,,,,,,,,,,,,,,,,,Range,Size,30,in,Color,Stainless Steel,,Display Only,Yes,,Fuel Type,Electric,,,,,,,,,,,,,,,,,,,,,,,,,,,,,,,,,,,,,,,,,,,,,,,,,,,,,,,,,,,,,,,,,,,,,,,,,,,,,,,,,,,,,,,,,,,,,,,,,,,,,,,,,,,,,,,,,,,,,,,,,,,,,,,,,,,,,,,,,,,,,,,52141502,,,,,,,,,,,,,,,,,,,,,,,,,,,,,,,,,,,,,,,,,,,
,,,,,,,Appliances,Large Appliances,Ranges & Ovens,,PB900YVFS,"PB900YVFS Elect 30"" Range SS",-- Unbranded --,-- No Unilog Brand --,-- No DIB Brand --,Appliance Dealers Cooperative (APPDE),,,,PB900YVFS,,Appliances & Consumer Electronics>Kitchen Appliances>Ranges,"Range, PB900YVFS, 30 in, Electric, Stainless Steel",RANGE SST 30IN ELECTRIC,"PB900YVFS Range, 30 in, Stainless Steel, Electric","Range, 30 in, Stainless Steel, Electric","Range, 30 in, Stainless Steel, Electric",,,,,,,,,,,,,,,,,,,,,,,,,,,Range,Size,30,in,Color,Stainless Steel,,Display Only,,,Fuel Type,Electric,,,,,,,,,,,,,,,,,,,,,,,,,,,,,,,,,,,,,,,,,,,,,,,,,,,,,,,,,,,,,,,,,,,,,,,,,,,,,,,,,,,,,,,,,,,,,,,,,,,,,,,,,,,,,,,,,,,,,,,,,,,,,,,,,,,,,,,,,,,,,,,52141502,,,,,,,,,,,,,,,,,,,,,,,,,,,,,,,,,,,,,,,,,,,
,,,,,,,Appliances,Large Appliances,Ranges & Ovens,,PCFE3080AF,"PCFE3080AF 30"" Elect Range SS - Display Only",-- Unbranded --,-- No Unilog Brand --,-- No DIB Brand --,Appliance Dealers Cooperative (APPDE),Electrolux Home Products,FRIGIDAIRE®,,PCFE3080AF,,Appliances & Consumer Electronics>Kitchen Appliances>Ranges,"Electrolux Home Products FRIGIDAIRE, Range, PCFE3080AF, 30 in",RANGE SST 30IN ELECTRIC,"FRIGIDAIRE® PCFE3080AF Range, 30 in, Stainless Steel, Electric","FRIGIDAIRE® Range, 30 in, Stainless Steel, Electric","Range, 30 in, Stainless Steel, Electric",,,,,,,,,,,,,,,,,,,,,,,,,,,Range,Size,30,in,Color,Stainless Steel,,Display Only,Yes,,Fuel Type,Electric,,,,,,,,,,,,,,,,,,,,,,,,,,,,,,,,,,,,,,,,,,,,,,,,,,,,,,,,,,,,,,,,,,,,,,,,,,,,,,,,,,,,,,,,,,,,,,,,,,,,,,,,,,,,,,,,,,,,,,,,,,,,,,,,,,,,,,,,,,,,,,,52141502,,,,,,,,,,,,,,,,,,,,,,,,,,,,,,,,,,,,,,,,,,,
,,,,,,,Appliances,Large Appliances,Ranges & Ovens,,SLER30524SS,"SLER30524SS 30"" Elect Range SS",-- Unbranded --,-- No Unilog Brand --,-- No DIB Brand --,Appliance Dealers Cooperative (APPDE),,,,SLER30524SS,,Appliances & Consumer Electronics>Kitchen Appliances>Ranges,"Range, SLER30524SS, 30 in, Electric, Stainless Steel",RANGE SST 30IN ELECTRIC,"SLER30524SS Range, 30 in, Stainless Steel, Electric","Range, 30 in, Stainless Steel, Electric","Range, 30 in, Stainless Steel, Electric",,,,,,,,,,,,,,,,,,,,,,,,,,,Range,Size,30,in,Color,Stainless Steel,,Display Only,,,Fuel Type,Electric,,,,,,,,,,,,,,,,,,,,,,,,,,,,,,,,,,,,,,,,,,,,,,,,,,,,,,,,,,,,,,,,,,,,,,,,,,,,,,,,,,,,,,,,,,,,,,,,,,,,,,,,,,,,,,,,,,,,,,,,,,,,,,,,,,,,,,,,,,,,,,,52141502,,,,,,,,,,,,,,,,,,,,,,,,,,,,,,,,,,,,,,,,,,,
,,,,,,,Appliances,Large Appliances,Ranges & Ovens,,LSEL6333ZE,"LSEL6333ZE LG 30"" Elec Range BS-Display Only",-- Unbranded --,-- No Unilog Brand --,-- No DIB Brand --,Appliance Dealers Cooperative (APPDE),LG Electronics,LG®,,LSEL6333ZE,,Appliances & Consumer Electronics>Kitchen Appliances>Ranges,"LG Electronics LG, Range, Elec BS, LSEL6333ZE, 30 in",RANGE 30IN LSEL6333ZE,"LG® Elec BS LSEL6333ZE Range, 30 in","LG® Range, Elec BS, 30 in","Elec BS Range, 30 in",,,,,,,,,,,,,,,,,,,,,,,,,,,Range,Size,30,in,Color,,,Display Only,Yes,,Fuel Type,,,Series,Elec BS,,,,,,,,,,,,,,,,,,,,,,,,,,,,,,,,,,,,,,,,,,,,,,,,,,,,,,,,,,,,,,,,,,,,,,,,,,,,,,,,,,,,,,,,,,,,,,,,,,,,,,,,,,,,,,,,,,,,,,,,,,,,,,,,,,,,,,,,,,,,52141502,,,,,,,,,,,,,,,,,,,,,,,,,,,,,,,,,,,,,,,,,,,
,,,,,,,Appliances,Large Appliances,Ranges & Ovens,,KSES530SBE,"KSES530SBE 30"" Elect Range BO Display Only",-- Unbranded --,-- No Unilog Brand --,-- No DIB Brand --,Appliance Dealers Cooperative (APPDE),Whirlpool Corporation,KitchenAid®,,KSES530SBE,,Appliances & Consumer Electronics>Kitchen Appliances>Ranges,"Whirlpool Corporation KitchenAid, Range, KSES530SBE, 30 in, Electric",RANGE BK 30IN ELECTRIC,"KitchenAid® KSES530SBE Range, 30 in, Black, Electric","KitchenAid® Range, 30 in, Black, Electric","Range, 30 in, Black, Electric",,,,,,,,,,,,,,,,,,,,,,,,,,,Range,Size,30,in,Color,Black,,Display Only,Yes,,Fuel Type,Electric,,,,,,,,,,,,,,,,,,,,,,,,,,,,,,,,,,,,,,,,,,,,,,,,,,,,,,,,,,,,,,,,,,,,,,,,,,,,,,,,,,,,,,,,,,,,,,,,,,,,,,,,,,,,,,,,,,,,,,,,,,,,,,,,,,,,,,,,,,,,,,,52141502,,,,,,,,,,,,,,,,,,,,,,,,,,,,,,,,,,,,,,,,,,,
,,,,,,,Appliances,Large Appliances,Ranges & Ovens,,GCFG3661AF,"GCFG3661AF 36"" Frigidaire Gas Range SS",-- Unbranded --,-- No Unilog Brand --,-- No DIB Brand --,Appliance Dealers Cooperative (APPDE),Electrolux Home Products,FRIGIDAIRE®,,GCFG3661AF,,Appliances & Consumer Electronics>Kitchen Appliances>Ranges,"Electrolux Home Products FRIGIDAIRE, Range, GCFG3661AF, 36 in",RANGE SST 36IN GAS,"FRIGIDAIRE® GCFG3661AF Range, 36 in, Stainless Steel, Gas","FRIGIDAIRE® Range, 36 in, Stainless Steel, Gas","Range, 36 in, Stainless Steel, Gas",,,,,,,,,,,,,,,,,,,,,,,,,,,Range,Size,36,in,Color,Stainless Steel,,Display Only,,,Fuel Type,Gas,,,,,,,,,,,,,,,,,,,,,,,,,,,,,,,,,,,,,,,,,,,,,,,,,,,,,,,,,,,,,,,,,,,,,,,,,,,,,,,,,,,,,,,,,,,,,,,,,,,,,,,,,,,,,,,,,,,,,,,,,,,,,,,,,,,,,,,,,,,,,,,52141502,,,,,,,,,,,,,,,,,,,,,,,,,,,,,,,,,,,,,,,,,,,
,,,,,,,Appliances,Large Appliances,Ranges & Ovens,,WSGS7530RZ,"WSGS7530RZ 30"" Gas Range SS - Display Only",-- Unbranded --,-- No Unilog Brand --,-- No DIB Brand --,Appliance Dealers Cooperative (APPDE),,,,WSGS7530RZ,,Appliances & Consumer Electronics>Kitchen Appliances>Ranges,"Range, WSGS7530RZ, 30 in, Gas, Stainless Steel",RANGE SST 30IN GAS,"WSGS7530RZ Range, 30 in, Stainless Steel, Gas","Range, 30 in, Stainless Steel, Gas","Range, 30 in, Stainless Steel, Gas",,,,,,,,,,,,,,,,,,,,,,,,,,,Range,Size,30,in,Color,Stainless Steel,,Display Only,Yes,,Fuel Type,Gas,,,,,,,,,,,,,,,,,,,,,,,,,,,,,,,,,,,,,,,,,,,,,,,,,,,,,,,,,,,,,,,,,,,,,,,,,,,,,,,,,,,,,,,,,,,,,,,,,,,,,,,,,,,,,,,,,,,,,,,,,,,,,,,,,,,,,,,,,,,,,,,52141502,,,,,,,,,,,,,,,,,,,,,,,,,,,,,,,,,,,,,,,,,,,
,,,,,,,Appliances,Large Appliances,Ranges & Ovens,,CHP90301TBB,CHP90301TBB Café Cooktop Bk,-- Unbranded --,-- No Unilog Brand --,-- No DIB Brand --,Appliance Dealers Cooperative (APPDE),GE Appliances,Café®,,CHP90301TBB,,Appliances & Consumer Electronics>Kitchen Appliances>Ranges,"GE Appliances Café, Cooktop, CHP90301TBB, Black",COOKTOP BK CHP90301TBB,"Café® CHP90301TBB Cooktop, Black","Café® Cooktop, Black","Cooktop, Black",,,,,,,,,,,,,,,,,,,,,,,,,,,Cooktop,Size,,,Color,Black,,Display Only,,,Fuel Type,,,,,,,,,,,,,,,,,,,,,,,,,,,,,,,,,,,,,,,,,,,,,,,,,,,,,,,,,,,,,,,,,,,,,,,,,,,,,,,,,,,,,,,,,,,,,,,,,,,,,,,,,,,,,,,,,,,,,,,,,,,,,,,,,,,,,,,,,,,,,,,,52141502,,,,,,,,,,,,,,,,,,,,,,,,,,,,,,,,,,,,,,,,,,,
,,,,,,,Appliances,Large Appliances,Microwaves,,CVM517P3RD1,CVM517P3RD1 Cafe Microwave Bk - Display,-- Unbranded --,-- No Unilog Brand --,-- No DIB Brand --,Appliance Dealers Cooperative (APPDE),,,,CVM517P3RD1,,Appliances & Consumer Electronics>Kitchen Appliances>Microwave Ovens,"Microwave, CVM517P3RD1, Black",MICROWAVE BK CVM517P3RD1,"CVM517P3RD1 Microwave, Black","Microwave, Black","Microwave, Black",,,,,,,,,,,,,,,,,,,,,,,,,,,Microwave,Color,Black,,Display Only,,,,,,,,,,,,,,,,,,,,,,,,,,,,,,,,,,,,,,,,,,,,,,,,,,,,,,,,,,,,,,,,,,,,,,,,,,,,,,,,,,,,,,,,,,,,,,,,,,,,,,,,,,,,,,,,,,,,,,,,,,,,,,,,,,,,,,,,,,,,,,,,,,,,,,52141520,,,,,,,,,,,,,,,,,,,,,,,,,,,,,,,,,,,,,,,,,,,
,,,,,,,Appliances,Large Appliances,Microwaves,,PMOS1980AF,PMOS1980AF OTR Microwave SS - Display Only,-- Unbranded --,-- No Unilog Brand --,-- No DIB Brand --,Appliance Dealers Cooperative (APPDE),,,,PMOS1980AF,,Appliances & Consumer Electronics>Kitchen Appliances>Microwave Ovens,"Microwave, PMOS1980AF, Stainless Steel",MICROWAVE SST,"PMOS1980AF Microwave, Stainless Steel","Microwave, Stainless Steel","Microwave, Stainless Steel",,,,,,,,,,,,,,,,,,,,,,,,,,,Microwave,Color,Stainless Steel,,Display Only,Yes,,,,,,,,,,,,,,,,,,,,,,,,,,,,,,,,,,,,,,,,,,,,,,,,,,,,,,,,,,,,,,,,,,,,,,,,,,,,,,,,,,,,,,,,,,,,,,,,,,,,,,,,,,,,,,,,,,,,,,,,,,,,,,,,,,,,,,,,,,,,,,,,,,,,,52141520,,,,,,,,,,,,,,,,,,,,,,,,,,,,,,,,,,,,,,,,,,,
,,,,,,,,,,,WMMS3330RZ,WMMS3330RZ OTR Mocrowave SS - Display Only,-- Unbranded --,-- No Unilog Brand --,-- No DIB Brand --,Appliance Dealers Cooperative (APPDE),LG Electronics,LG®,,WMMS3330RZ,,,"LG Electronics LG, Otr Mocrowave, WMMS3330RZ, Stainless Steel",OTR MOCROWAVE SST,"LG® WMMS3330RZ Otr Mocrowave, Stainless Steel","LG® Otr Mocrowave, Stainless Steel","Otr Mocrowave, Stainless Steel",,,,,,,,,,,,,,,,,,,,,,,,,,,Otr Mocrowave,Wattage,,,Color Temperature,,,Bulb Shape,,,Base Type,,,Pack Quantity,,,Color,Stainless Steel,,Display Only,Yes,,,,,,,,,,,,,,,,,,,,,,,,,,,,,,,,,,,,,,,,,,,,,,,,,,,,,,,,,,,,,,,,,,,,,,,,,,,,,,,,,,,,,,,,,,,,,,,,,,,,,,,,,,,,,,,,,,,,,,,,,,,,,,,,,,,,,,,,,,,,,,,,,,,,,,,,,,,,,,,,,,,,,,,,,,,,,,,,,
,,,,,,,Appliances,Large Appliances,Microwaves,,KMMF530PBE,KMMF530PBE OTR Microwave BO Display Only,-- Unbranded --,-- No Unilog Brand --,-- No DIB Brand --,Appliance Dealers Cooperative (APPDE),,,,KMMF530PBE,,Appliances & Consumer Electronics>Kitchen Appliances>Microwave Ovens,"Microwave, KMMF530PBE, Black",MICROWAVE BK KMMF530PBE,"KMMF530PBE Microwave, Black","Microwave, Black","Microwave, Black",,,,,,,,,,,,,,,,,,,,,,,,,,,Microwave,Color,Black,,Display Only,Yes,,,,,,,,,,,,,,,,,,,,,,,,,,,,,,,,,,,,,,,,,,,,,,,,,,,,,,,,,,,,,,,,,,,,,,,,,,,,,,,,,,,,,,,,,,,,,,,,,,,,,,,,,,,,,,,,,,,,,,,,,,,,,,,,,,,,,,,,,,,,,,,,,,,,,52141520,,,,,,,,,,,,,,,,,,,,,,,,,,,,,,,,,,,,,,,,,,,
,,,,,,,Appliances,Large Appliances,Ranges & Ovens,,JXGRILL1,JXGRILL1 GE Range Grill,-- Unbranded --,-- No Unilog Brand --,-- No DIB Brand --,Appliance Dealers Cooperative (APPDE),GE Appliances,GE®,,JXGRILL1,,Appliances & Consumer Electronics>Kitchen Appliances>Ranges,"GE Appliances GE, Range, JXGRILL1",RANGE JXGRILL1,GE® JXGRILL1 Range,GE® Range,Range,,,,,,,,,,,,,,,,,,,,,,,,,,,Range,Size,,,Color,,,Display Only,,,Fuel Type,,,,,,,,,,,,,,,,,,,,,,,,,,,,,,,,,,,,,,,,,,,,,,,,,,,,,,,,,,,,,,,,,,,,,,,,,,,,,,,,,,,,,,,,,,,,,,,,,,,,,,,,,,,,,,,,,,,,,,,,,,,,,,,,,,,,,,,,,,,,,,,,52141502,,,,,,,,,,,,,,,,,,,,,,,,,,,,,,,,,,,,,,,,,,,
,,,,,,,Appliances,Small Appliances,Countertop Appliances,,C9TMA2S3PD3,C9TMA2S3PD3 Café Toaster MB,-- Unbranded --,-- No Unilog Brand --,-- No DIB Brand --,Appliance Dealers Cooperative (APPDE),GE Appliances,Café®,,C9TMA2S3PD3,,Appliances & Consumer Electronics>Small Appliances>Countertop Appliances,"GE Appliances Café, Toaster, C9TMA2S3PD3, Matte Black",TOASTER MATTE BLACK,"Café® C9TMA2S3PD3 Toaster, Matte Black","Café® Toaster, Matte Black","Toaster, Matte Black",,,,,,,,,,,,,,,,,,,,,,,,,,,Toaster,Color,Matte Black,,,,,,,,,,,,,,,,,,,,,,,,,,,,,,,,,,,,,,,,,,,,,,,,,,,,,,,,,,,,,,,,,,,,,,,,,,,,,,,,,,,,,,,,,,,,,,,,,,,,,,,,,,,,,,,,,,,,,,,,,,,,,,,,,,,,,,,,,,,,,,,,,,,,,,,,52141700,,,,,,,,,,,,,,,,,,,,,,,,,,,,,,,,,,,,,,,,,,,
,,,,,,,Appliances,Small Appliances,Countertop Appliances,,C9TMA2S4PW3,C9TMA2S4PW3 Café Toaster MW,-- Unbranded --,-- No Unilog Brand --,-- No DIB Brand --,Appliance Dealers Cooperative (APPDE),GE Appliances,Café®,,C9TMA2S4PW3,,Appliances & Consumer Electronics>Small Appliances>Countertop Appliances,"GE Appliances Café, Toaster, C9TMA2S4PW3",TOASTER C9TMA2S4PW3,Café® C9TMA2S4PW3 Toaster,Café® Toaster,Toaster,,,,,,,,,,,,,,,,,,,,,,,,,,,Toaster,Color,,,,,,,,,,,,,,,,,,,,,,,,,,,,,,,,,,,,,,,,,,,,,,,,,,,,,,,,,,,,,,,,,,,,,,,,,,,,,,,,,,,,,,,,,,,,,,,,,,,,,,,,,,,,,,,,,,,,,,,,,,,,,,,,,,,,,,,,,,,,,,,,,,,,,,,,,52141700,,,,,,,,,,,,,,,,,,,,,,,,,,,,,,,,,,,,,,,,,,,
,,,,,,,Appliances,Large Appliances,Ranges & Ovens,,C90AAAS2RS3,C90AAAS2RS3 Cafe Toast Oven SS,-- Unbranded --,-- No Unilog Brand --,-- No DIB Brand --,Appliance Dealers Cooperative (APPDE),,,,C90AAAS2RS3,,Appliances & Consumer Electronics>Kitchen Appliances>Ranges,"Toast Oven, C90AAAS2RS3, Stainless Steel",TOAST OVEN SST,"C90AAAS2RS3 Toast Oven, Stainless Steel","Toast Oven, Stainless Steel","Toast Oven, Stainless Steel",,,,,,,,,,,,,,,,,,,,,,,,,,,Toast Oven,Size,,,Color,Stainless Steel,,Display Only,,,Fuel Type,,,,,,,,,,,,,,,,,,,,,,,,,,,,,,,,,,,,,,,,,,,,,,,,,,,,,,,,,,,,,,,,,,,,,,,,,,,,,,,,,,,,,,,,,,,,,,,,,,,,,,,,,,,,,,,,,,,,,,,,,,,,,,,,,,,,,,,,,,,,,,,,52141502,,,,,,,,,,,,,,,,,,,,,,,,,,,,,,,,,,,,,,,,,,,
,,,,,,,Appliances,Small Appliances,Countertop Appliances,,C9TMA2SP2PS3,C9TMA2S2PS3 Cafe Toaster SS,-- Unbranded --,-- No Unilog Brand --,-- No DIB Brand --,Appliance Dealers Cooperative (APPDE),,,,C9TMA2SP2PS3,,Appliances & Consumer Electronics>Small Appliances>Countertop Appliances,"Toaster, C9TMA2SP2PS3, Stainless Steel",TOASTER SST C9TMA2SP2PS3,"C9TMA2SP2PS3 Toaster, Stainless Steel","Toaster, Stainless Steel","Toaster, Stainless Steel",,,,,,,,,,,,,,,,,,,,,,,,,,,Toaster,Color,Stainless Steel,,,,,,,,,,,,,,,,,,,,,,,,,,,,,,,,,,,,,,,,,,,,,,,,,,,,,,,,,,,,,,,,,,,,,,,,,,,,,,,,,,,,,,,,,,,,,,,,,,,,,,,,,,,,,,,,,,,,,,,,,,,,,,,,,,,,,,,,,,,,,,,,,,,,,,,,52141700,,,,,,,,,,,,,,,,,,,,,,,,,,,,,,,,,,,,,,,,,,,
,,,,,,,Appliances,Large Appliances,Refrigerators,,GDE21EMKES,GDE21EMKES GE 21CF Fridge SL Display Only,-- Unbranded --,-- No Unilog Brand --,-- No DIB Brand --,Appliance Dealers Cooperative (APPDE),GE Appliances,GE®,,GDE21EMKES,,Appliances & Consumer Electronics>Kitchen Appliances>Refrigerators,"GE Appliances GE, Refrigerator, GDE21EMKES",REFRIG GDE21EMKES,GE® GDE21EMKES Refrigerator,GE® Refrigerator,Refrigerator,,,,,,,,,,,,,,,,,,,,,,,,,,,Refrigerator,Color,,,Display Only,Yes,,,,,,,,,,,,,,,,,,,,,,,,,,,,,,,,,,,,,,,,,,,,,,,,,,,,,,,,,,,,,,,,,,,,,,,,,,,,,,,,,,,,,,,,,,,,,,,,,,,,,,,,,,,,,,,,,,,,,,,,,,,,,,,,,,,,,,,,,,,,,,,,,,,,,52141501,,,,,,,,,,,,,,,,,,,,,,,,,,,,,,,,,,,,,,,,,,,
,,,,,,,Appliances,Large Appliances,Freezers,,FCM16SLWW,FCM16SLWW 16CF GE Freezer Chest MH,-- Unbranded --,-- No Unilog Brand --,-- No DIB Brand --,Appliance Dealers Cooperative (APPDE),GE Appliances,GE®,,FCM16SLWW,,Appliances & Consumer Electronics>Kitchen Appliances>Freezers,"GE Appliances GE, Freezer, Chest MH, FCM16SLWW",FREEZER FCM16SLWW,GE® Chest MH FCM16SLWW Freezer,"GE® Freezer, Chest MH",Chest MH Freezer,,,,,,,,,,,,,,,,,,,,,,,,,,,Freezer,Series,Chest MH,,,,,,,,,,,,,,,,,,,,,,,,,,,,,,,,,,,,,,,,,,,,,,,,,,,,,,,,,,,,,,,,,,,,,,,,,,,,,,,,,,,,,,,,,,,,,,,,,,,,,,,,,,,,,,,,,,,,,,,,,,,,,,,,,,,,,,,,,,,,,,,,,,,,,,,,52141503,,,,,,,,,,,,,,,,,,,,,,,,,,,,,,,,,,,,,,,,,,,
,,,,,,,Appliances,Large Appliances,Refrigerators,,GNE27JYMFS,GNE27JYMFS GE Fridge SS,-- Unbranded --,-- No Unilog Brand --,-- No DIB Brand --,Appliance Dealers Cooperative (APPDE),GE Appliances,GE®,,GNE27JYMFS,,Appliances & Consumer Electronics>Kitchen Appliances>Refrigerators,"GE Appliances GE, Refrigerator, GNE27JYMFS, Stainless Steel",REFRIG SST GNE27JYMFS,"GE® GNE27JYMFS Refrigerator, Stainless Steel","GE® Refrigerator, Stainless Steel","Refrigerator, Stainless Steel",,,,,,,,,,,,,,,,,,,,,,,,,,,Refrigerator,Color,Stainless Steel,,Display Only,,,,,,,,,,,,,,,,,,,,,,,,,,,,,,,,,,,,,,,,,,,,,,,,,,,,,,,,,,,,,,,,,,,,,,,,,,,,,,,,,,,,,,,,,,,,,,,,,,,,,,,,,,,,,,,,,,,,,,,,,,,,,,,,,,,,,,,,,,,,,,,,,,,,,,52141501,,,,,,,,,,,,,,,,,,,,,,,,,,,,,,,,,,,,,,,,,,,
,,,,,,,Appliances,Large Appliances,Refrigerators,,CVE28DP3ND1,CVE28DP3ND1 Cafe Fridge Bk,-- Unbranded --,-- No Unilog Brand --,-- No DIB Brand --,Appliance Dealers Cooperative (APPDE),,,,CVE28DP3ND1,,Appliances & Consumer Electronics>Kitchen Appliances>Refrigerators,"Refrigerator, Cafe Fridge, CVE28DP3ND1, Black",REFRIG BK CVE28DP3ND1,"Cafe Fridge CVE28DP3ND1 Refrigerator, Black","Refrigerator, Cafe Fridge, Black","Cafe Fridge Refrigerator, Black",,,,,,,,,,,,,,,,,,,,,,,,,,,Refrigerator,Color,Black,,Display Only,,,Series,Cafe Fridge,,,,,,,,,,,,,,,,,,,,,,,,,,,,,,,,,,,,,,,,,,,,,,,,,,,,,,,,,,,,,,,,,,,,,,,,,,,,,,,,,,,,,,,,,,,,,,,,,,,,,,,,,,,,,,,,,,,,,,,,,,,,,,,,,,,,,,,,,,,,,,,,,,52141501,,,,,,,,,,,,,,,,,,,,,,,,,,,,,,,,,,,,,,,,,,,
,,,,,,,Appliances,Large Appliances,Refrigerators,,GNE25JMKES,GNE25JMKES GE Fridge Slate - Display,-- Unbranded --,-- No Unilog Brand --,-- No DIB Brand --,Appliance Dealers Cooperative (APPDE),GE Appliances,GE®,,GNE25JMKES,,Appliances & Consumer Electronics>Kitchen Appliances>Refrigerators,"GE Appliances GE, Refrigerator, GNE25JMKES, Slate",REFRIG SLATE GNE25JMKES,"GE® GNE25JMKES Refrigerator, Slate","GE® Refrigerator, Slate","Refrigerator, Slate",,,,,,,,,,,,,,,,,,,,,,,,,,,Refrigerator,Color,Slate,,Display Only,,,,,,,,,,,,,,,,,,,,,,,,,,,,,,,,,,,,,,,,,,,,,,,,,,,,,,,,,,,,,,,,,,,,,,,,,,,,,,,,,,,,,,,,,,,,,,,,,,,,,,,,,,,,,,,,,,,,,,,,,,,,,,,,,,,,,,,,,,,,,,,,,,,,,,52141501,,,,,,,,,,,,,,,,,,,,,,,,,,,,,,,,,,,,,,,,,,,
,,,,,,,Appliances,Large Appliances,Refrigerators,,PRFS2883AF,"PRFS2883AF 36"" Fridge SS - Display Only",-- Unbranded --,-- No Unilog Brand --,-- No DIB Brand --,Appliance Dealers Cooperative (APPDE),,,,PRFS2883AF,,Appliances & Consumer Electronics>Kitchen Appliances>Refrigerators,"Refrigerator, Fridge, PRFS2883AF, 36 in, Stainless Steel",REFRIG SST 36IN,"Fridge PRFS2883AF Refrigerator, Stainless Steel, 36 in","Refrigerator, Fridge, Stainless Steel, 36 in","Fridge Refrigerator, Stainless Steel, 36 in",,,,,,,,,,,,,,,,,,,,,,,,,,,Refrigerator,Color,Stainless Steel,,Display Only,Yes,,Series,Fridge,,Size,36,in,,,,,,,,,,,,,,,,,,,,,,,,,,,,,,,,,,,,,,,,,,,,,,,,,,,,,,,,,,,,,,,,,,,,,,,,,,,,,,,,,,,,,,,,,,,,,,,,,,,,,,,,,,,,,,,,,,,,,,,,,,,,,,,,,,,,,,,,,,,,,,52141501,,,,,,,,,,,,,,,,,,,,,,,,,,,,,,,,,,,,,,,,,,,
,,,,,,,Appliances,Large Appliances,Refrigerators,,PAD28BYTFS,PAD28BYTFS GE Fridge SS,-- Unbranded --,-- No Unilog Brand --,-- No DIB Brand --,Appliance Dealers Cooperative (APPDE),GE Appliances,GE®,,PAD28BYTFS,,Appliances & Consumer Electronics>Kitchen Appliances>Refrigerators,"GE Appliances GE, Refrigerator, PAD28BYTFS, Stainless Steel",REFRIG SST PAD28BYTFS,"GE® PAD28BYTFS Refrigerator, Stainless Steel","GE® Refrigerator, Stainless Steel","Refrigerator, Stainless Steel",,,,,,,,,,,,,,,,,,,,,,,,,,,Refrigerator,Color,Stainless Steel,,Display Only,,,,,,,,,,,,,,,,,,,,,,,,,,,,,,,,,,,,,,,,,,,,,,,,,,,,,,,,,,,,,,,,,,,,,,,,,,,,,,,,,,,,,,,,,,,,,,,,,,,,,,,,,,,,,,,,,,,,,,,,,,,,,,,,,,,,,,,,,,,,,,,,,,,,,,52141501,,,,,,,,,,,,,,,,,,,,,,,,,,,,,,,,,,,,,,,,,,,
,,,,,,,Appliances,Large Appliances,Refrigerators,,PGE29BYTFS,PGE29BYTFS GE Fridge SS,-- Unbranded --,-- No Unilog Brand --,-- No DIB Brand --,Appliance Dealers Cooperative (APPDE),GE Appliances,GE®,,PGE29BYTFS,,Appliances & Consumer Electronics>Kitchen Appliances>Refrigerators,"GE Appliances GE, Refrigerator, PGE29BYTFS, Stainless Steel",REFRIG SST PGE29BYTFS,"GE® PGE29BYTFS Refrigerator, Stainless Steel","GE® Refrigerator, Stainless Steel","Refrigerator, Stainless Steel",,,,,,,,,,,,,,,,,,,,,,,,,,,Refrigerator,Color,Stainless Steel,,Display Only,,,,,,,,,,,,,,,,,,,,,,,,,,,,,,,,,,,,,,,,,,,,,,,,,,,,,,,,,,,,,,,,,,,,,,,,,,,,,,,,,,,,,,,,,,,,,,,,,,,,,,,,,,,,,,,,,,,,,,,,,,,,,,,,,,,,,,,,,,,,,,,,,,,,,,52141501,,,,,,,,,,,,,,,,,,,,,,,,,,,,,,,,,,,,,,,,,,,
,,,,,,,Appliances,Large Appliances,Refrigerators,,ERFD19CGCS,ERFD19CGCS Element Fridge SS,-- Unbranded --,-- No Unilog Brand --,-- No DIB Brand --,Appliance Dealers Cooperative (APPDE),Element Electronics,Element,,ERFD19CGCS,,Appliances & Consumer Electronics>Kitchen Appliances>Refrigerators,"Element Electronics Element, Refrigerator, Fridge, ERFD19CGCS",REFRIG SST ERFD19CGCS,"Element Fridge ERFD19CGCS Refrigerator, Stainless Steel","Element Refrigerator, Fridge, Stainless Steel","Fridge Refrigerator, Stainless Steel",,,,,,,,,,,,,,,,,,,,,,,,,,,Refrigerator,Color,Stainless Steel,,Display Only,,,Series,Fridge,,,,,,,,,,,,,,,,,,,,,,,,,,,,,,,,,,,,,,,,,,,,,,,,,,,,,,,,,,,,,,,,,,,,,,,,,,,,,,,,,,,,,,,,,,,,,,,,,,,,,,,,,,,,,,,,,,,,,,,,,,,,,,,,,,,,,,,,,,,,,,,,,,52141501,,,,,,,,,,,,,,,,,,,,,,,,,,,,,,,,,,,,,,,,,,,
,,,,,,,Appliances,Large Appliances,Refrigerators,,LT18S2100W,LT18S2100W LG Fridge Wh,-- Unbranded --,-- No Unilog Brand --,-- No DIB Brand --,Appliance Dealers Cooperative (APPDE),LG Electronics,LG®,,LT18S2100W,,Appliances & Consumer Electronics>Kitchen Appliances>Refrigerators,"LG Electronics LG, Refrigerator, Fridge, LT18S2100W, White",REFRIG WH LT18S2100W,"LG® Fridge LT18S2100W Refrigerator, White","LG® Refrigerator, Fridge, White","Fridge Refrigerator, White",,,,,,,,,,,,,,,,,,,,,,,,,,,Refrigerator,Color,White,,Display Only,,,Series,Fridge,,,,,,,,,,,,,,,,,,,,,,,,,,,,,,,,,,,,,,,,,,,,,,,,,,,,,,,,,,,,,,,,,,,,,,,,,,,,,,,,,,,,,,,,,,,,,,,,,,,,,,,,,,,,,,,,,,,,,,,,,,,,,,,,,,,,,,,,,,,,,,,,,,52141501,,,,,,,,,,,,,,,,,,,,,,,,,,,,,,,,,,,,,,,,,,,
,,,,,,,Appliances,Large Appliances,Refrigerators,,LT18S2100SS,LT18S2100S 18CF LG Fridge SS,-- Unbranded --,-- No Unilog Brand --,-- No DIB Brand --,Appliance Dealers Cooperative (APPDE),LG Electronics,LG®,,LT18S2100SS,,Appliances & Consumer Electronics>Kitchen Appliances>Refrigerators,"LG Electronics LG, Refrigerator, Fridge, LT18S2100SS, Stainless Steel",REFRIG SST LT18S2100SS,"LG® Fridge LT18S2100SS Refrigerator, Stainless Steel","LG® Refrigerator, Fridge, Stainless Steel","Fridge Refrigerator, Stainless Steel",,,,,,,,,,,,,,,,,,,,,,,,,,,Refrigerator,Color,Stainless Steel,,Display Only,,,Series,Fridge,,,,,,,,,,,,,,,,,,,,,,,,,,,,,,,,,,,,,,,,,,,,,,,,,,,,,,,,,,,,,,,,,,,,,,,,,,,,,,,,,,,,,,,,,,,,,,,,,,,,,,,,,,,,,,,,,,,,,,,,,,,,,,,,,,,,,,,,,,,,,,,,,,52141501,,,,,,,,,,,,,,,,,,,,,,,,,,,,,,,,,,,,,,,,,,,
,,,,,,,Appliances,Large Appliances,Freezers,,EUF17CDBW,EUF17CDBW Element 17CF Freezer - Upright,-- Unbranded --,-- No Unilog Brand --,-- No DIB Brand --,Appliance Dealers Cooperative (APPDE),Element Electronics,Element,,EUF17CDBW,,Appliances & Consumer Electronics>Kitchen Appliances>Freezers,"Element Electronics Element, Freezer, EUF17CDBW",FREEZER EUF17CDBW,Element EUF17CDBW Freezer,Element Freezer,Freezer,,,,,,,,,,,,,,,,,,,,,,,,,,,Freezer,,,,,,,,,,,,,,,,,,,,,,,,,,,,,,,,,,,,,,,,,,,,,,,,,,,,,,,,,,,,,,,,,,,,,,,,,,,,,,,,,,,,,,,,,,,,,,,,,,,,,,,,,,,,,,,,,,,,,,,,,,,,,,,,,,,,,,,,,,,,,,,,,,,,,,,,,,52141503,,,,,,,,,,,,,,,,,,,,,,,,,,,,,,,,,,,,,,,,,,,
,,,,,,,Appliances,Large Appliances,Freezers,,EUF21CDBW,EUF21CDBW Element 21CF Freezer - Upright,-- Unbranded --,-- No Unilog Brand --,-- No DIB Brand --,Appliance Dealers Cooperative (APPDE),Element Electronics,Element,,EUF21CDBW,,Appliances & Consumer Electronics>Kitchen Appliances>Freezers,"Element Electronics Element, Freezer, EUF21CDBW",FREEZER EUF21CDBW,Element EUF21CDBW Freezer,Element Freezer,Freezer,,,,,,,,,,,,,,,,,,,,,,,,,,,Freezer,,,,,,,,,,,,,,,,,,,,,,,,,,,,,,,,,,,,,,,,,,,,,,,,,,,,,,,,,,,,,,,,,,,,,,,,,,,,,,,,,,,,,,,,,,,,,,,,,,,,,,,,,,,,,,,,,,,,,,,,,,,,,,,,,,,,,,,,,,,,,,,,,,,,,,,,,,52141503,,,,,,,,,,,,,,,,,,,,,,,,,,,,,,,,,,,,,,,,,,,
,,,,,,,,,,,TP-1935,TP-1935 Hole Drilling System,-- Unbranded --,-- No Unilog Brand --,-- No DIB Brand --,-,,,,TP-1935,,,"Hole Drilling, TP-1935",HOLE DRILLING,TP-1935 Hole Drilling,Hole Drilling,Hole Drilling,,,,,,,,,,,,,,,,,,,,,,,,,,,Hole Drilling,Wattage,,,Color Temperature,,,Bulb Shape,,,Base Type,,,Pack Quantity,,,,,,,,,,,,,,,,,,,,,,,,,,,,,,,,,,,,,,,,,,,,,,,,,,,,,,,,,,,,,,,,,,,,,,,,,,,,,,,,,,,,,,,,,,,,,,,,,,,,,,,,,,,,,,,,,,,,,,,,,,,,,,,,,,,,,,,,,,,,,,,,,,,,,,,,,,,,,,,,,,,,,,,,,,,,,,,,,,,,,,,,
,,,,,,,,,,,K527APBXR,"K527APBXR Senco .131x3"" SM BB - 500CT",-- Unbranded --,-- No Unilog Brand --,-- No DIB Brand --,Senco Products Inc (4650),Kyocera Senco Industrial Tools,Senco®,,K527APBXR,,,"Kyocera Senco Industrial Tools Senco, SM BB, K527APBXR, 0.131 in x 3 in",0.131IN X 3IN 500,"Senco® SM BB K527APBXR, 500, 0.131 in x 3 in","Senco®, SM BB, 500, 0.131 in x 3 in","SM BB, 500, 0.131 in x 3 in",,,,,,,,,,,,,,,,,,,,,,,,,,,,Wattage,,,Color Temperature,,,Bulb Shape,,,Base Type,,,Pack Quantity,500,,Series,SM BB,,Size,0.131 in x 3 in,,,,,,,,,,,,,,,,,,,,,,,,,,,,,,,,,,,,,,,,,,,,,,,,,,,,,,,,,,,,,,,,,,,,,,,,,,,,,,,,,,,,,,,,,,,,,,,,,,,,,,,,,,,,,,,,,,,,,,,,,,,,,,,,,,,,,,,,,,,,,,,,,,,,,,,,,,,,,,,,,,,,,,,,,,,,,,,,,
,,,,,,,Building Materials,Fasteners,Fasteners,,603150,"603150 2-1/2"" Finish Nail 15GA - 4M",-- Unbranded --,-- No Unilog Brand --,-- No DIB Brand --,National Nail Corp (7439),National Nail Corp.,National Nail®,,603150,,Building Materials>Fasteners>Nails & Staples,"National Nail Corp. National Nail, Nail, 603150, 2-1/2 in, 15 GA",NAIL 2-1/2IN 4000 15GA,"National Nail® 603150, 2-1/2 in, 15 GA, 4000","National Nail® Nail, 2-1/2 in, 15 GA, 4000","Nail, 2-1/2 in, 15 GA, 4000",,,,,,,,,,,,,,,,,,,,,,,,,,,Nail,Gauge,15,GA,Size,,,Size,2-1/2,in,Pack Quantity,4000,,Application,,,,,,,,,,,,,,,,,,,,,,,,,,,,,,,,,,,,,,,,,,,,,,,,,,,,,,,,,,,,,,,,,,,,,,,,,,,,,,,,,,,,,,,,,,,,,,,,,,,,,,,,,,,,,,,,,,,,,,,,,,,,,,,,,,,,,,,,,,,,,31161500,,,,,,,,,,,,,,,,,,,,,,,,,,,,,,,,,,,,,,,,,,,
,,,,,,,Building Materials,Fasteners,Fasteners,,d10cnk,"D10CNK Prebena 1/2""x3/8"" - Staple",-- Unbranded --,-- No Unilog Brand --,-- No DIB Brand --,Prebena (PREBE),PREBENA Wilfried Bornemann GmbH,PREBENA®,,d10cnk,,Building Materials>Fasteners>Nails & Staples,"PREBENA Wilfried Bornemann GmbH PREBENA, Staple, d10cnk, 1/2 in x 3/8 in",STAPLE 1/2IN X 3/8IN,"PREBENA® d10cnk Staple, 1/2 in x 3/8 in","PREBENA® Staple, 1/2 in x 3/8 in","Staple, 1/2 in x 3/8 in",,,,,,,,,,,,,,,,,,,,,,,,,,,Staple,Gauge,,,Size,1/2 in x 3/8 in,,Size,,,Pack Quantity,,,Application,,,,,,,,,,,,,,,,,,,,,,,,,,,,,,,,,,,,,,,,,,,,,,,,,,,,,,,,,,,,,,,,,,,,,,,,,,,,,,,,,,,,,,,,,,,,,,,,,,,,,,,,,,,,,,,,,,,,,,,,,,,,,,,,,,,,,,,,,,,,,31161500,,,,,,,,,,,,,,,,,,,,,,,,,,,,,,,,,,,,,,,,,,,
,,,,,,,Building Materials,Fasteners,Fasteners,,e28cnkha,"E28CNKHA Prebena 2/4""x1 1/8"" - Staple",-- Unbranded --,-- No Unilog Brand --,-- No DIB Brand --,Prebena (PREBE),PREBENA Wilfried Bornemann GmbH,PREBENA®,,e28cnkha,,Building Materials>Fasteners>Nails & Staples,"PREBENA Wilfried Bornemann GmbH PREBENA, Staple, e28cnkha, 2/4 in x 1 in",STAPLE 2/4IN X 1IN,"PREBENA® e28cnkha Staple, 2/4 in x 1 in","PREBENA® Staple, 2/4 in x 1 in","Staple, 2/4 in x 1 in",,,,,,,,,,,,,,,,,,,,,,,,,,,Staple,Gauge,,,Size,2/4 in x 1 in,,Size,,,Pack Quantity,,,Application,,,,,,,,,,,,,,,,,,,,,,,,,,,,,,,,,,,,,,,,,,,,,,,,,,,,,,,,,,,,,,,,,,,,,,,,,,,,,,,,,,,,,,,,,,,,,,,,,,,,,,,,,,,,,,,,,,,,,,,,,,,,,,,,,,,,,,,,,,,,,31161500,,,,,,,,,,,,,,,,,,,,,,,,,,,,,,,,,,,,,,,,,,,
,,,,,,,Electrical,Fans & Ventilation,Ceiling Fans,,51334,"51334 44"" Wh Gilmour Fan",-- Unbranded --,-- No Unilog Brand --,-- No DIB Brand --,Hunter Fan Co (4381),Hunter Fan Company,Hunter®,,51334,,Electrical>Fans & Ventilation>Ceiling Fans,"Hunter Fan Company Hunter, Fan, 51334, 44 in, White",FAN WH 44IN 51334,"Hunter® 51334 Fan, 44 in, White","Hunter® Fan, 44 in, White","Fan, 44 in, White",,,,,,,,,,,,,,,,,,,,,,,,,,,Fan,Size,44,in,Color,White,,,,,,,,,,,,,,,,,,,,,,,,,,,,,,,,,,,,,,,,,,,,,,,,,,,,,,,,,,,,,,,,,,,,,,,,,,,,,,,,,,,,,,,,,,,,,,,,,,,,,,,,,,,,,,,,,,,,,,,,,,,,,,,,,,,,,,,,,,,,,,,,,,,,,40101602,,,,,,,,,,,,,,,,,,,,,,,,,,,,,,,,,,,,,,,,,,,
,,,,,,,Electrical,Fans & Ventilation,Ceiling Fans,,59210,"59210 52"" BZ Sent Hunter Fan",-- Unbranded --,-- No Unilog Brand --,Hunter,Hunter Fan Co (4381),Hunter Fan Company,Hunter®,,59210,,Electrical>Fans & Ventilation>Ceiling Fans,"Hunter Fan Company Hunter, Sent, 59210, 52 in",SENT 52IN 59210,"Hunter® 59210 Sent, 52 in","Hunter® Sent, 52 in","Sent, 52 in",,,,,,,,,,,,,,,,,,,,,,,,,,,Sent,Size,52,in,Color,,,,,,,,,,,,,,,,,,,,,,,,,,,,,,,,,,,,,,,,,,,,,,,,,,,,,,,,,,,,,,,,,,,,,,,,,,,,,,,,,,,,,,,,,,,,,,,,,,,,,,,,,,,,,,,,,,,,,,,,,,,,,,,,,,,,,,,,,,,,,,,,,,,,,,40101602,,,,,,,,,,,,,,,,,,,,,,,,,,,,,,,,,,,,,,,,,,,
,,,,,,,Electrical,Fans & Ventilation,Ceiling Fans,,52485,"52485 52"" MB Anisten Fan",-- Unbranded --,-- No Unilog Brand --,-- No DIB Brand --,Hunter Fan Co (4381),Hunter Fan Company,Hunter®,,52485,,Electrical>Fans & Ventilation>Ceiling Fans,"Hunter Fan Company Hunter, Anisten Fan, 52485, 52 in, Matte Black",ANISTEN FAN MATTE BLACK 52IN,"Hunter® 52485 Anisten Fan, 52 in, Matte Black","Hunter® Anisten Fan, 52 in, Matte Black","Anisten Fan, 52 in, Matte Black",,,,,,,,,,,,,,,,,,,,,,,,,,,Anisten Fan,Size,52,in,Color,Matte Black,,,,,,,,,,,,,,,,,,,,,,,,,,,,,,,,,,,,,,,,,,,,,,,,,,,,,,,,,,,,,,,,,,,,,,,,,,,,,,,,,,,,,,,,,,,,,,,,,,,,,,,,,,,,,,,,,,,,,,,,,,,,,,,,,,,,,,,,,,,,,,,,,,,,,40101602,,,,,,,,,,,,,,,,,,,,,,,,,,,,,,,,,,,,,,,,,,,
,,,,,,,Electrical,Fans & Ventilation,Ceiling Fans,,52486,"52486 44"" MB Anisten Fan",-- Unbranded --,-- No Unilog Brand --,-- No DIB Brand --,Hunter Fan Co (4381),Hunter Fan Company,Hunter®,,52486,,Electrical>Fans & Ventilation>Ceiling Fans,"Hunter Fan Company Hunter, Anisten Fan, 52486, 44 in, Matte Black",ANISTEN FAN MATTE BLACK 44IN,"Hunter® 52486 Anisten Fan, 44 in, Matte Black","Hunter® Anisten Fan, 44 in, Matte Black","Anisten Fan, 44 in, Matte Black",,,,,,,,,,,,,,,,,,,,,,,,,,,Anisten Fan,Size,44,in,Color,Matte Black,,,,,,,,,,,,,,,,,,,,,,,,,,,,,,,,,,,,,,,,,,,,,,,,,,,,,,,,,,,,,,,,,,,,,,,,,,,,,,,,,,,,,,,,,,,,,,,,,,,,,,,,,,,,,,,,,,,,,,,,,,,,,,,,,,,,,,,,,,,,,,,,,,,,,40101602,,,,,,,,,,,,,,,,,,,,,,,,,,,,,,,,,,,,,,,,,,,
,,,,,,,Electrical,Fans & Ventilation,Ceiling Fans,,52487,"52487 52"" WH Anisten Fan",-- Unbranded --,-- No Unilog Brand --,-- No DIB Brand --,Hunter Fan Co (4381),Hunter Fan Company,Hunter®,,52487,,Electrical>Fans & Ventilation>Ceiling Fans,"Hunter Fan Company Hunter, Anisten Fan, 52487, 52 in, White",ANISTEN FAN WH 52IN,"Hunter® 52487 Anisten Fan, 52 in, White","Hunter® Anisten Fan, 52 in, White","Anisten Fan, 52 in, White",,,,,,,,,,,,,,,,,,,,,,,,,,,Anisten Fan,Size,52,in,Color,White,,,,,,,,,,,,,,,,,,,,,,,,,,,,,,,,,,,,,,,,,,,,,,,,,,,,,,,,,,,,,,,,,,,,,,,,,,,,,,,,,,,,,,,,,,,,,,,,,,,,,,,,,,,,,,,,,,,,,,,,,,,,,,,,,,,,,,,,,,,,,,,,,,,,,40101602,,,,,,,,,,,,,,,,,,,,,,,,,,,,,,,,,,,,,,,,,,,
,,,,,,,Electrical,Fans & Ventilation,Ceiling Fans,,52488,"52488 44"" WH Anisten Fan",-- Unbranded --,-- No Unilog Brand --,-- No DIB Brand --,Hunter Fan Co (4381),Hunter Fan Company,Hunter®,,52488,,Electrical>Fans & Ventilation>Ceiling Fans,"Hunter Fan Company Hunter, Anisten Fan, 52488, 44 in, White",ANISTEN FAN WH 44IN,"Hunter® 52488 Anisten Fan, 44 in, White","Hunter® Anisten Fan, 44 in, White","Anisten Fan, 44 in, White",,,,,,,,,,,,,,,,,,,,,,,,,,,Anisten Fan,Size,44,in,Color,White,,,,,,,,,,,,,,,,,,,,,,,,,,,,,,,,,,,,,,,,,,,,,,,,,,,,,,,,,,,,,,,,,,,,,,,,,,,,,,,,,,,,,,,,,,,,,,,,,,,,,,,,,,,,,,,,,,,,,,,,,,,,,,,,,,,,,,,,,,,,,,,,,,,,,40101602,,,,,,,,,,,,,,,,,,,,,,,,,,,,,,,,,,,,,,,,,,,
,,,,,,,Electrical,Fans & Ventilation,Ceiling Fans,,52655,"52655 52"" MB Xidane Hunter Fan",-- Unbranded --,-- No Unilog Brand --,-- No DIB Brand --,Hunter Fan Co (4381),Hunter Fan Company,Hunter®,,52655,,Electrical>Fans & Ventilation>Ceiling Fans,"Hunter Fan Company Hunter, Xidane, 52655, 52 in, Matte Black",XIDANE MATTE BLACK 52IN,"Hunter® 52655 Xidane, 52 in, Matte Black","Hunter® Xidane, 52 in, Matte Black","Xidane, 52 in, Matte Black",,,,,,,,,,,,,,,,,,,,,,,,,,,Xidane,Size,52,in,Color,Matte Black,,,,,,,,,,,,,,,,,,,,,,,,,,,,,,,,,,,,,,,,,,,,,,,,,,,,,,,,,,,,,,,,,,,,,,,,,,,,,,,,,,,,,,,,,,,,,,,,,,,,,,,,,,,,,,,,,,,,,,,,,,,,,,,,,,,,,,,,,,,,,,,,,,,,,40101602,,,,,,,,,,,,,,,,,,,,,,,,,,,,,,,,,,,,,,,,,,,
,,,,,,,Electrical,Fans & Ventilation,Ceiling Fans,,59261,"59261 52"" PB Cassius Fan",-- Unbranded --,-- No Unilog Brand --,-- No DIB Brand --,Hunter Fan Co (4381),Hunter Fan Company,Hunter®,,59261,,Electrical>Fans & Ventilation>Ceiling Fans,"Hunter Fan Company Hunter, Fan, PB Cassius, 59261, 52 in",FAN 52IN 59261,"Hunter® PB Cassius 59261 Fan, 52 in","Hunter® Fan, PB Cassius, 52 in","PB Cassius Fan, 52 in",,,,,,,,,,,,,,,,,,,,,,,,,,,Fan,Size,52,in,Color,,,Series,PB Cassius,,,,,,,,,,,,,,,,,,,,,,,,,,,,,,,,,,,,,,,,,,,,,,,,,,,,,,,,,,,,,,,,,,,,,,,,,,,,,,,,,,,,,,,,,,,,,,,,,,,,,,,,,,,,,,,,,,,,,,,,,,,,,,,,,,,,,,,,,,,,,,,,,,40101602,,,,,,,,,,,,,,,,,,,,,,,,,,,,,,,,,,,,,,,,,,,
,,,,,,,Electrical,Fans & Ventilation,Ceiling Fans,,51731,"51731 52"" MB Jetty Hunter Fan",-- Unbranded --,-- No Unilog Brand --,-- No DIB Brand --,Hunter Fan Co (4381),Hunter Fan Company,Hunter®,,51731,,Electrical>Fans & Ventilation>Ceiling Fans,"Hunter Fan Company Hunter, Jetty, 51731, 52 in, Matte Black",JETTY MATTE BLACK 52IN,"Hunter® 51731 Jetty, 52 in, Matte Black","Hunter® Jetty, 52 in, Matte Black","Jetty, 52 in, Matte Black",,,,,,,,,,,,,,,,,,,,,,,,,,,Jetty,Size,52,in,Color,Matte Black,,,,,,,,,,,,,,,,,,,,,,,,,,,,,,,,,,,,,,,,,,,,,,,,,,,,,,,,,,,,,,,,,,,,,,,,,,,,,,,,,,,,,,,,,,,,,,,,,,,,,,,,,,,,,,,,,,,,,,,,,,,,,,,,,,,,,,,,,,,,,,,,,,,,,40101602,,,,,,,,,,,,,,,,,,,,,,,,,,,,,,,,,,,,,,,,,,,
,,,,,,,Tools,Power Tools,Dust Extraction,,XLC10ZW,XLC10ZW Makita 18V Cordless Vacuum (Bare),-- Unbranded --,-- No Unilog Brand --,-- No DIB Brand --,Makita Usa Inc (5142),"Makita U.S.A., Inc.",Makita®,,XLC10ZW,,Tools & Equipment>Dust Management>Vacuums & Extractors,"Makita U.S.A., Inc. Makita, Vacuum, XLC10ZW, 18 V, 18V",VACUUM 18V 18V,"Makita® XLC10ZW Vacuum, 18V, 18 V","Makita® Vacuum, 18V, 18 V","Vacuum, 18V, 18 V",,,,,,,,,,,,,,,,,,,,,,,,,,,Vacuum,Battery Platform,18V,,Voltage Rating,18,V,Battery Included,No,,,,,,,,,,,,,,,,,,,,,,,,,,,,,,,,,,,,,,,,,,,,,,,,,,,,,,,,,,,,,,,,,,,,,,,,,,,,,,,,,,,,,,,,,,,,,,,,,,,,,,,,,,,,,,,,,,,,,,,,,,,,,,,,,,,,,,,,,,,,,,,,,,47121701,,,,,,,,,,,,,,,,,,,,,,,,,,,,,,,,,,,,,,,,,,,
,,,,,,,,,,,HS-DA,HS-DA Motion Driveway Alert,-- Unbranded --,-- No Unilog Brand --,-- No DIB Brand --,Sabre (9195),Sabre Security Equipment Corp.,Sabre®,,HS-DA,,,"Sabre Security Equipment Corp. Sabre, Driveway Alert, HS-DA",DRIVEWAY ALERT,Sabre® HS-DA Driveway Alert,Sabre® Driveway Alert,Driveway Alert,,,,,,,,,,,,,,,,,,,,,,,,,,,Driveway Alert,Wattage,,,Color Temperature,,,Bulb Shape,,,Base Type,,,Pack Quantity,,,,,,,,,,,,,,,,,,,,,,,,,,,,,,,,,,,,,,,,,,,,,,,,,,,,,,,,,,,,,,,,,,,,,,,,,,,,,,,,,,,,,,,,,,,,,,,,,,,,,,,,,,,,,,,,,,,,,,,,,,,,,,,,,,,,,,,,,,,,,,,,,,,,,,,,,,,,,,,,,,,,,,,,,,,,,,,,,,,,,,,,
,,,,,,,Building Materials,Decking,Gates,,73002252,Black Gate Gravity Latch RDI,-- Unbranded --,-- No Unilog Brand --,-- No DIB Brand --,-,,,,73002252,,Building Materials>Decking>Gates,"Rdi, Gate Gravity Latch, 73002252, Black",RDI BK 73002252,"Gate Gravity Latch 73002252 Rdi, Black","Rdi, Gate Gravity Latch, Black","Gate Gravity Latch Rdi, Black",,,,,,,,,,,,,,,,,,,,,,,,,,,Rdi,Series,Gate Gravity Latch,,Color,Black,,,,,,,,,,,,,,,,,,,,,,,,,,,,,,,,,,,,,,,,,,,,,,,,,,,,,,,,,,,,,,,,,,,,,,,,,,,,,,,,,,,,,,,,,,,,,,,,,,,,,,,,,,,,,,,,,,,,,,,,,,,,,,,,,,,,,,,,,,,,,,,,,,,,,30103600,,,,,,,,,,,,,,,,,,,,,,,,,,,,,,,,,,,,,,,,,,,
,,,,,,,,,,,48-22-8396R,48-22-8396R Milw 24oz Bottle - Insulated,-- Unbranded --,-- No Unilog Brand --,-- No DIB Brand --,Milwaukee Accessory (4031),Milwaukee Tool,Milwaukee®,,48-22-8396R,,,"Milwaukee Tool Milwaukee, Bottle, 48-22-8396R",BOTTLE 48-22-8396R,Milwaukee® 48-22-8396R Bottle,Milwaukee® Bottle,Bottle,,,,,,,,,,,,,,,,,,,,,,,,,,,Bottle,Wattage,,,Color Temperature,,,Bulb Shape,,,Base Type,,,Pack Quantity,,,,,,,,,,,,,,,,,,,,,,,,,,,,,,,,,,,,,,,,,,,,,,,,,,,,,,,,,,,,,,,,,,,,,,,,,,,,,,,,,,,,,,,,,,,,,,,,,,,,,,,,,,,,,,,,,,,,,,,,,,,,,,,,,,,,,,,,,,,,,,,,,,,,,,,,,,,,,,,,,,,,,,,,,,,,,,,,,,,,,,,,
,,,,,,,,,,,48-22-8397R,48-22-8397R Milw 36oz Bottle - Insulated,-- Unbranded --,-- No Unilog Brand --,-- No DIB Brand --,Milwaukee Accessory (4031),Milwaukee Tool,Milwaukee®,,48-22-8397R,,,"Milwaukee Tool Milwaukee, Bottle, 48-22-8397R",BOTTLE 48-22-8397R,Milwaukee® 48-22-8397R Bottle,Milwaukee® Bottle,Bottle,,,,,,,,,,,,,,,,,,,,,,,,,,,Bottle,Wattage,,,Color Temperature,,,Bulb Shape,,,Base Type,,,Pack Quantity,,,,,,,,,,,,,,,,,,,,,,,,,,,,,,,,,,,,,,,,,,,,,,,,,,,,,,,,,,,,,,,,,,,,,,,,,,,,,,,,,,,,,,,,,,,,,,,,,,,,,,,,,,,,,,,,,,,,,,,,,,,,,,,,,,,,,,,,,,,,,,,,,,,,,,,,,,,,,,,,,,,,,,,,,,,,,,,,,,,,,,,,
,,,,,,,,,,,DCGG581B,DCGG581B Dewalt 20V Grease Gun 2-Speed,-- Unbranded --,-- No Unilog Brand --,-- No DIB Brand --,Black & Decker/dewlt (2585),Stanley Black & Decker,DEWALT®,,DCGG581B,,,"Stanley Black & Decker DEWALT, Grease Gun Speed, DCGG581B, 20 V",GREASE GUN SPEED 20V,"DEWALT® DCGG581B Grease Gun Speed, 20 V","DEWALT® Grease Gun Speed, 20 V","Grease Gun Speed, 20 V",,,,,,,,,,,,,,,,,,,,,,,,,,,Grease Gun Speed,Wattage,,,Color Temperature,,,Bulb Shape,,,Base Type,,,Pack Quantity,,,Voltage Rating,20,V,,,,,,,,,,,,,,,,,,,,,,,,,,,,,,,,,,,,,,,,,,,,,,,,,,,,,,,,,,,,,,,,,,,,,,,,,,,,,,,,,,,,,,,,,,,,,,,,,,,,,,,,,,,,,,,,,,,,,,,,,,,,,,,,,,,,,,,,,,,,,,,,,,,,,,,,,,,,,,,,,,,,,,,,,,,,,,,,,,,
,,,,,,,,,,,DCGG581GD1,DCGG581GD1 Dewalt 20V Grease Gun 2-Speed Kit,-- Unbranded --,-- No Unilog Brand --,-- No DIB Brand --,Black & Decker/dewlt (2585),Stanley Black & Decker,DEWALT®,,DCGG581GD1,,,"Stanley Black & Decker DEWALT, Grease Gun Speed, DCGG581GD1, 20 V",GREASE GUN SPEED 20V KIT,"DEWALT® DCGG581GD1 Grease Gun Speed, 20 V, Kit","DEWALT® Grease Gun Speed, 20 V, Kit","Grease Gun Speed, 20 V, Kit",,,,,,,,,,,,,,,,,,,,,,,,,,,Grease Gun Speed,Wattage,,,Color Temperature,,,Bulb Shape,,,Base Type,,,Pack Quantity,,,Voltage Rating,20,V,Configuration,Kit,,,,,,,,,,,,,,,,,,,,,,,,,,,,,,,,,,,,,,,,,,,,,,,,,,,,,,,,,,,,,,,,,,,,,,,,,,,,,,,,,,,,,,,,,,,,,,,,,,,,,,,,,,,,,,,,,,,,,,,,,,,,,,,,,,,,,,,,,,,,,,,,,,,,,,,,,,,,,,,,,,,,,,,,,,,,,,,,,
,,,,,,,,,,,DWST41092,"DWST41092 Dewalt Tool Chest 41"" Bottom",-- Unbranded --,-- No Unilog Brand --,-- No DIB Brand --,Black & Decker/dewlt (2585),Stanley Black & Decker,DEWALT®,,DWST41092,,,"Stanley Black & Decker DEWALT, Chest Bottom, DWST41092, 41 in",CHEST BOTTOM 41IN,"DEWALT® DWST41092 Chest Bottom, 41 in","DEWALT® Chest Bottom, 41 in","Chest Bottom, 41 in",,,,,,,,,,,,,,,,,,,,,,,,,,,Chest Bottom,Wattage,,,Color Temperature,,,Bulb Shape,,,Base Type,,,Pack Quantity,,,Size,41,in,,,,,,,,,,,,,,,,,,,,,,,,,,,,,,,,,,,,,,,,,,,,,,,,,,,,,,,,,,,,,,,,,,,,,,,,,,,,,,,,,,,,,,,,,,,,,,,,,,,,,,,,,,,,,,,,,,,,,,,,,,,,,,,,,,,,,,,,,,,,,,,,,,,,,,,,,,,,,,,,,,,,,,,,,,,,,,,,,,,
,,,,,,,Building Materials,Structural,Support Posts,,156436WHT,156436 Wh 4x4x120 Post Wrap,DSI Westbury,-- No Unilog Brand --,-- No DIB Brand --,Palmer Donavin Mfg Company (PALDO),DSI Westbury,DSI Westbury,,156436WHT,,Building Materials>Structural>Columns & Posts,"DSI Westbury DSI Westbury, Post Wrap, 156436WHT, 4 in x 4 in x 120 in",POST WRAP WH 4IN X 4IN X 120IN,"DSI Westbury 156436WHT Post Wrap, 4 in x 4 in x 120 in, White","DSI Westbury Post Wrap, 4 in x 4 in x 120 in, White","Post Wrap, 4 in x 4 in x 120 in, White",,,,,,,,,,,,,,,,,,,,,,,,,,,Post Wrap,Size,4 in x 4 in x 120 in,,Color,White,,,,,,,,,,,,,,,,,,,,,,,,,,,,,,,,,,,,,,,,,,,,,,,,,,,,,,,,,,,,,,,,,,,,,,,,,,,,,,,,,,,,,,,,,,,,,,,,,,,,,,,,,,,,,,,,,,,,,,,,,,,,,,,,,,,,,,,,,,,,,,,,,,,,,30102300,,,,,,,,,,,,,,,,,,,,,,,,,,,,,,,,,,,,,,,,,,,
,,,,,,,Building Materials,Structural,Support Posts,,173950TBK,"4""x8'-6"" DSI SQ Black Alum Post Wrap",-- Unbranded --,-- No Unilog Brand --,-- No DIB Brand --,Palmer Donavin Mfg Company (PALDO),Alliance Laundry Systems,Speed Queen®,,173950TBK,,Building Materials>Structural>Columns & Posts,"Alliance Laundry Systems Speed Queen, Aluminum Post Wrap, DSI Alum, 173950TBK",ALUMINUM POST WRAP BK 4IN X 8FT,"Speed Queen® DSI Alum 173950TBK Aluminum Post Wrap, 4 in x 8 ft, Black","Speed Queen® Aluminum Post Wrap, DSI Alum, 4 in x 8 ft, Black","DSI Alum Aluminum Post Wrap, 4 in x 8 ft, Black",,,,,,,,,,,,,,,,,,,,,,,,,,,Aluminum Post Wrap,Size,4 in x 8 ft,,Color,Black,,Series,DSI Alum,,,,,,,,,,,,,,,,,,,,,,,,,,,,,,,,,,,,,,,,,,,,,,,,,,,,,,,,,,,,,,,,,,,,,,,,,,,,,,,,,,,,,,,,,,,,,,,,,,,,,,,,,,,,,,,,,,,,,,,,,,,,,,,,,,,,,,,,,,,,,,,,,,30102300,,,,,,,,,,,,,,,,,,,,,,,,,,,,,,,,,,,,,,,,,,,
,,,,,,,Building Materials,Structural,Support Posts,,173951TBK,"6""x8'-6"" DSI SQ Black Alum Post Wrap",-- Unbranded --,-- No Unilog Brand --,-- No DIB Brand --,Palmer Donavin Mfg Company (PALDO),Alliance Laundry Systems,Speed Queen®,,173951TBK,,Building Materials>Structural>Columns & Posts,"Alliance Laundry Systems Speed Queen, Aluminum Post Wrap, DSI Alum, 173951TBK",ALUMINUM POST WRAP BK 6IN X 8FT,"Speed Queen® DSI Alum 173951TBK Aluminum Post Wrap, 6 in x 8 ft, Black","Speed Queen® Aluminum Post Wrap, DSI Alum, 6 in x 8 ft, Black","DSI Alum Aluminum Post Wrap, 6 in x 8 ft, Black",,,,,,,,,,,,,,,,,,,,,,,,,,,Aluminum Post Wrap,Size,6 in x 8 ft,,Color,Black,,Series,DSI Alum,,,,,,,,,,,,,,,,,,,,,,,,,,,,,,,,,,,,,,,,,,,,,,,,,,,,,,,,,,,,,,,,,,,,,,,,,,,,,,,,,,,,,,,,,,,,,,,,,,,,,,,,,,,,,,,,,,,,,,,,,,,,,,,,,,,,,,,,,,,,,,,,,,30102300,,,,,,,,,,,,,,,,,,,,,,,,,,,,,,,,,,,,,,,,,,,
,,,,,,,Building Materials,Structural,Support Posts,,173952TBK,"6""x10' DSI SQ Black Alum Post Wrap",-- Unbranded --,-- No Unilog Brand --,-- No DIB Brand --,Palmer Donavin Mfg Company (PALDO),Alliance Laundry Systems,Speed Queen®,,173952TBK,,Building Materials>Structural>Columns & Posts,"Alliance Laundry Systems Speed Queen, Aluminum Post Wrap, DSI Alum, 173952TBK",ALUMINUM POST WRAP BK 6IN X 10FT,"Speed Queen® DSI Alum 173952TBK Aluminum Post Wrap, 6 in x 10 ft, Black","Speed Queen® Aluminum Post Wrap, DSI Alum, 6 in x 10 ft, Black","DSI Alum Aluminum Post Wrap, 6 in x 10 ft, Black",,,,,,,,,,,,,,,,,,,,,,,,,,,Aluminum Post Wrap,Size,6 in x 10 ft,,Color,Black,,Series,DSI Alum,,,,,,,,,,,,,,,,,,,,,,,,,,,,,,,,,,,,,,,,,,,,,,,,,,,,,,,,,,,,,,,,,,,,,,,,,,,,,,,,,,,,,,,,,,,,,,,,,,,,,,,,,,,,,,,,,,,,,,,,,,,,,,,,,,,,,,,,,,,,,,,,,,30102300,,,,,,,,,,,,,,,,,,,,,,,,,,,,,,,,,,,,,,,,,,,
,,,,,,,,,,,1624157,TW52 WH INSIDE CAS VIN WRAPPED,ANDERSEN,-- No Unilog Brand --,-- No DIB Brand --,-,ANDERSEN,ANDERSEN,,1624157,,,"ANDERSEN ANDERSEN, Vin Wrapped, INSIDE CAS, 1624157, White",VIN WRAPPED WH,"ANDERSEN INSIDE CAS 1624157 Vin Wrapped, White","ANDERSEN Vin Wrapped, INSIDE CAS, White","INSIDE CAS Vin Wrapped, White",,,,,,,,,,,,,,,,,,,,,,,,,,,Vin Wrapped,Wattage,,,Color Temperature,,,Bulb Shape,,,Base Type,,,Pack Quantity,,,Series,INSIDE CAS,,Color,White,,,,,,,,,,,,,,,,,,,,,,,,,,,,,,,,,,,,,,,,,,,,,,,,,,,,,,,,,,,,,,,,,,,,,,,,,,,,,,,,,,,,,,,,,,,,,,,,,,,,,,,,,,,,,,,,,,,,,,,,,,,,,,,,,,,,,,,,,,,,,,,,,,,,,,,,,,,,,,,,,,,,,,,,,,,,,,,,,
,,,,,,,Tools,Hand Tools,Layout & Measuring,,40025,40025 TS-54 Wal-Board T-Square 009-008,-- Unbranded --,-- No Unilog Brand --,-- No DIB Brand --,Marshalltown Trowel (5155),Marshalltown Company,Marshalltown®,,40025,,Tools & Equipment>Hand Tools>Layout & Measuring Tools,"Marshalltown Company Marshalltown, Square, Wal Board, 40025",SQUARE 40025,Marshalltown® Wal Board 40025 Square,"Marshalltown® Square, Wal Board",Wal Board Square,,,,,,,,,,,,,,,,,,,,,,,,,,,Square,Size,,,Series,Wal Board,,,,,,,,,,,,,,,,,,,,,,,,,,,,,,,,,,,,,,,,,,,,,,,,,,,,,,,,,,,,,,,,,,,,,,,,,,,,,,,,,,,,,,,,,,,,,,,,,,,,,,,,,,,,,,,,,,,,,,,,,,,,,,,,,,,,,,,,,,,,,,,,,,,,,41111700,,,,,,,,,,,,,,,,,,,,,,,,,,,,,,,,,,,,,,,,,,,
,,,,,,,,,,,48-22-3301,48-22-3301 Milw Mechanical Pencil w/ Lead Pack,-- Unbranded --,-- No Unilog Brand --,-- No DIB Brand --,Milwaukee Accessory (4031),Milwaukee Tool,Milwaukee®,,48-22-3301,,,"Milwaukee Tool Milwaukee, Mechanical Pencil, 48-22-3301",MECHANICAL PENCIL,Milwaukee® 48-22-3301 Mechanical Pencil,Milwaukee® Mechanical Pencil,Mechanical Pencil,,,,,,,,,,,,,,,,,,,,,,,,,,,Mechanical Pencil,Wattage,,,Color Temperature,,,Bulb Shape,,,Base Type,,,Pack Quantity,,,,,,,,,,,,,,,,,,,,,,,,,,,,,,,,,,,,,,,,,,,,,,,,,,,,,,,,,,,,,,,,,,,,,,,,,,,,,,,,,,,,,,,,,,,,,,,,,,,,,,,,,,,,,,,,,,,,,,,,,,,,,,,,,,,,,,,,,,,,,,,,,,,,,,,,,,,,,,,,,,,,,,,,,,,,,,,,,,,,,,,,
,,,,,,,,,,,48-22-3302,48-22-3302 Milw Mechanical Pencil Replacement Lead,-- Unbranded --,-- No Unilog Brand --,-- No DIB Brand --,Milwaukee Accessory (4031),Milwaukee Tool,Milwaukee®,,48-22-3302,,,"Milwaukee Tool Milwaukee, Lead, Mechanical Pencil Replacement, 48-22-3302",LEAD 48-22-3302,Milwaukee® Mechanical Pencil Replacement 48-22-3302 Lead,"Milwaukee® Lead, Mechanical Pencil Replacement",Mechanical Pencil Replacement Lead,,,,,,,,,,,,,,,,,,,,,,,,,,,Lead,Wattage,,,Color Temperature,,,Bulb Shape,,,Base Type,,,Pack Quantity,,,Series,Mechanical Pencil Replacement,,,,,,,,,,,,,,,,,,,,,,,,,,,,,,,,,,,,,,,,,,,,,,,,,,,,,,,,,,,,,,,,,,,,,,,,,,,,,,,,,,,,,,,,,,,,,,,,,,,,,,,,,,,,,,,,,,,,,,,,,,,,,,,,,,,,,,,,,,,,,,,,,,,,,,,,,,,,,,,,,,,,,,,,,,,,,,,,,,,,
,,,,,,,,,,,48-22-3303,48-22-3303 Milw Mechanical Pencil Replacement Lead-Color,-- Unbranded --,-- No Unilog Brand --,-- No DIB Brand --,Milwaukee Accessory (4031),Milwaukee Tool,Milwaukee®,,48-22-3303,,,"Milwaukee, Lead Color, Mechanical Pencil Replacement, 48-22-3303",LEAD COLOR 48-22-3303,Milwaukee® Mechanical Pencil Replacement 48-22-3303 Lead Color,"Milwaukee® Lead Color, Mechanical Pencil Replacement",Mechanical Pencil Replacement Lead Color,,,,,,,,,,,,,,,,,,,,,,,,,,,Lead Color,Wattage,,,Color Temperature,,,Bulb Shape,,,Base Type,,,Pack Quantity,,,Series,Mechanical Pencil Replacement,,,,,,,,,,,,,,,,,,,,,,,,,,,,,,,,,,,,,,,,,,,,,,,,,,,,,,,,,,,,,,,,,,,,,,,,,,,,,,,,,,,,,,,,,,,,,,,,,,,,,,,,,,,,,,,,,,,,,,,,,,,,,,,,,,,,,,,,,,,,,,,,,,,,,,,,,,,,,,,,,,,,,,,,,,,,,,,,,,,,
,,,,,,,,,,,TSDKAP218-G2,TSDKAP218-G2 Edge Safety - Khor Black Frame Polarized,-- Unbranded --,-- No Unilog Brand --,-- No DIB Brand --,Edge Eyewear Inc (EDGSA),Wolf Peak International,Edge Eyewear®,,TSDKAP218-G2,,,"Wolf Peak International Edge Eyewear, Frame Polarized, Edge Safety, TSDKAP218-G2",FRAME POLARIZED BK,"Edge Eyewear® Safety TSDKAP218-G2 Frame Polarized, Black","Edge Eyewear® Frame Polarized, Edge Safety, Black","Edge Safety Frame Polarized, Black",,,,,,,,,,,,,,,,,,,,,,,,,,,Frame Polarized,Wattage,,,Color Temperature,,,Bulb Shape,,,Base Type,,,Pack Quantity,,,Series,Edge Safety,,Color,Black,,,,,,,,,,,,,,,,,,,,,,,,,,,,,,,,,,,,,,,,,,,,,,,,,,,,,,,,,,,,,,,,,,,,,,,,,,,,,,,,,,,,,,,,,,,,,,,,,,,,,,,,,,,,,,,,,,,,,,,,,,,,,,,,,,,,,,,,,,,,,,,,,,,,,,,,,,,,,,,,,,,,,,,,,,,,,,,,,
,,,,,,,Safety,PPE,Protective Equipment,,XPAP418,XPAP418 Edge Safety Glasses - Pumori Black Frame,-- Unbranded --,-- No Unilog Brand --,-- No DIB Brand --,Edge Eyewear Inc (EDGSA),Wolf Peak International,Edge Eyewear®,,XPAP418,,Safety>Personal Protective Equipment>Eye & Ear Protection,"Wolf Peak International Edge Eyewear, Safety Glasses, Pumori Frame, XPAP418",SAFETY GLASSES BK,"Edge Eyewear® Pumori Frame XPAP418 Safety Glasses, Black","Edge Eyewear® Safety Glasses, Pumori Frame, Black","Pumori Frame Safety Glasses, Black",,,,,,,,,,,,,,,,,,,,,,,,,,,Safety Glasses,Color,Black,,Series,Pumori Frame,,,,,,,,,,,,,,,,,,,,,,,,,,,,,,,,,,,,,,,,,,,,,,,,,,,,,,,,,,,,,,,,,,,,,,,,,,,,,,,,,,,,,,,,,,,,,,,,,,,,,,,,,,,,,,,,,,,,,,,,,,,,,,,,,,,,,,,,,,,,,,,,,,,,,46181800,,,,,,,,,,,,,,,,,,,,,,,,,,,,,,,,,,,,,,,,,,,
,,,,,,,Safety,PPE,Protective Equipment,,XDAP419,XDAP419 Edge Safety Glasses - Dawson Black Frame Red Lenses,-- Unbranded --,-- No Unilog Brand --,-- No DIB Brand --,Edge Eyewear Inc (EDGSA),Wolf Peak International,Edge Eyewear®,,XDAP419,,Safety>Personal Protective Equipment>Eye & Ear Protection,"Wolf Peak International Edge Eyewear, Safety Glasses, Dawson Frame Red Lenses",SAFETY GLASSES BK,"Edge Eyewear® Dawson Frame Red Lenses XDAP419 Safety Glasses, Black","Edge Eyewear® Safety Glasses, Dawson Frame Red Lenses, Black","Dawson Frame Red Lenses Safety Glasses, Black",,,,,,,,,,,,,,,,,,,,,,,,,,,Safety Glasses,Color,Black,,Series,Dawson Frame Red Lenses,,,,,,,,,,,,,,,,,,,,,,,,,,,,,,,,,,,,,,,,,,,,,,,,,,,,,,,,,,,,,,,,,,,,,,,,,,,,,,,,,,,,,,,,,,,,,,,,,,,,,,,,,,,,,,,,,,,,,,,,,,,,,,,,,,,,,,,,,,,,,,,,,,,,,46181800,,,,,,,,,,,,,,,,,,,,,,,,,,,,,,,,,,,,,,,,,,,
,,,,,,,Safety,PPE,Protective Equipment,,XB11PCVS,XB11PCVS Edge Safety Glasses - Photochromic Lense,-- Unbranded --,-- No Unilog Brand --,-- No DIB Brand --,Edge Eyewear Inc (EDGSA),Wolf Peak International,Edge Eyewear®,,XB11PCVS,,Safety>Personal Protective Equipment>Eye & Ear Protection,"Wolf Peak International Edge Eyewear, Safety Glasses, Photochromic Lense",SAFETY GLASSES,Edge Eyewear® Photochromic Lense XB11PCVS Safety Glasses,"Edge Eyewear® Safety Glasses, Photochromic Lense",Photochromic Lense Safety Glasses,,,,,,,,,,,,,,,,,,,,,,,,,,,Safety Glasses,Color,,,Series,Photochromic Lense,,,,,,,,,,,,,,,,,,,,,,,,,,,,,,,,,,,,,,,,,,,,,,,,,,,,,,,,,,,,,,,,,,,,,,,,,,,,,,,,,,,,,,,,,,,,,,,,,,,,,,,,,,,,,,,,,,,,,,,,,,,,,,,,,,,,,,,,,,,,,,,,,,,,,46181800,,,,,,,,,,,,,,,,,,,,,,,,,,,,,,,,,,,,,,,,,,,
,,,,,,,Safety,PPE,Protective Equipment,,KB121VS,KB121VS Edge Safety Glasses - Kabru Black Frame,-- Unbranded --,-- No Unilog Brand --,-- No DIB Brand --,Edge Eyewear Inc (EDGSA),Wolf Peak International,Edge Eyewear®,,KB121VS,,Safety>Personal Protective Equipment>Eye & Ear Protection,"Wolf Peak International Edge Eyewear, Safety Glasses, Kabru Frame, KB121VS",SAFETY GLASSES BK,"Edge Eyewear® Kabru Frame KB121VS Safety Glasses, Black","Edge Eyewear® Safety Glasses, Kabru Frame, Black","Kabru Frame Safety Glasses, Black",,,,,,,,,,,,,,,,,,,,,,,,,,,Safety Glasses,Color,Black,,Series,Kabru Frame,,,,,,,,,,,,,,,,,,,,,,,,,,,,,,,,,,,,,,,,,,,,,,,,,,,,,,,,,,,,,,,,,,,,,,,,,,,,,,,,,,,,,,,,,,,,,,,,,,,,,,,,,,,,,,,,,,,,,,,,,,,,,,,,,,,,,,,,,,,,,,,,,,,,,46181800,,,,,,,,,,,,,,,,,,,,,,,,,,,,,,,,,,,,,,,,,,,
,,,,,,,Safety,PPE,Protective Equipment,,KB126VS,KB126VS Edge Safety Glasses - Kabru Black Frame,-- Unbranded --,-- No Unilog Brand --,-- No DIB Brand --,Edge Eyewear Inc (EDGSA),Wolf Peak International,Edge Eyewear®,,KB126VS,,Safety>Personal Protective Equipment>Eye & Ear Protection,"Wolf Peak International Edge Eyewear, Safety Glasses, Kabru Frame, KB126VS",SAFETY GLASSES BK,"Edge Eyewear® Kabru Frame KB126VS Safety Glasses, Black","Edge Eyewear® Safety Glasses, Kabru Frame, Black","Kabru Frame Safety Glasses, Black",,,,,,,,,,,,,,,,,,,,,,,,,,,Safety Glasses,Color,Black,,Series,Kabru Frame,,,,,,,,,,,,,,,,,,,,,,,,,,,,,,,,,,,,,,,,,,,,,,,,,,,,,,,,,,,,,,,,,,,,,,,,,,,,,,,,,,,,,,,,,,,,,,,,,,,,,,,,,,,,,,,,,,,,,,,,,,,,,,,,,,,,,,,,,,,,,,,,,,,,,46181800,,,,,,,,,,,,,,,,,,,,,,,,,,,,,,,,,,,,,,,,,,,
,,,,,,,Safety,PPE,Protective Equipment,,TC121VS,TC121VS Edge Safety Glasses - Tacana Black Frame,-- Unbranded --,-- No Unilog Brand --,-- No DIB Brand --,Edge Eyewear Inc (EDGSA),Wolf Peak International,Edge Eyewear®,,TC121VS,,Safety>Personal Protective Equipment>Eye & Ear Protection,"Wolf Peak International Edge Eyewear, Safety Glasses, Tacana Frame, TC121VS",SAFETY GLASSES BK,"Edge Eyewear® Tacana Frame TC121VS Safety Glasses, Black","Edge Eyewear® Safety Glasses, Tacana Frame, Black","Tacana Frame Safety Glasses, Black",,,,,,,,,,,,,,,,,,,,,,,,,,,Safety Glasses,Color,Black,,Series,Tacana Frame,,,,,,,,,,,,,,,,,,,,,,,,,,,,,,,,,,,,,,,,,,,,,,,,,,,,,,,,,,,,,,,,,,,,,,,,,,,,,,,,,,,,,,,,,,,,,,,,,,,,,,,,,,,,,,,,,,,,,,,,,,,,,,,,,,,,,,,,,,,,,,,,,,,,,46181800,,,,,,,,,,,,,,,,,,,,,,,,,,,,,,,,,,,,,,,,,,,
,,,,,,,Safety,PPE,Protective Equipment,,TC126VS,TC126VS Edge Safety Glasses - Tacana Black Frame,-- Unbranded --,-- No Unilog Brand --,-- No DIB Brand --,Edge Eyewear Inc (EDGSA),Wolf Peak International,Edge Eyewear®,,TC126VS,,Safety>Personal Protective Equipment>Eye & Ear Protection,"Wolf Peak International Edge Eyewear, Safety Glasses, Tacana Frame, TC126VS",SAFETY GLASSES BK,"Edge Eyewear® Tacana Frame TC126VS Safety Glasses, Black","Edge Eyewear® Safety Glasses, Tacana Frame, Black","Tacana Frame Safety Glasses, Black",,,,,,,,,,,,,,,,,,,,,,,,,,,Safety Glasses,Color,Black,,Series,Tacana Frame,,,,,,,,,,,,,,,,,,,,,,,,,,,,,,,,,,,,,,,,,,,,,,,,,,,,,,,,,,,,,,,,,,,,,,,,,,,,,,,,,,,,,,,,,,,,,,,,,,,,,,,,,,,,,,,,,,,,,,,,,,,,,,,,,,,,,,,,,,,,,,,,,,,,,46181800,,,,,,,,,,,,,,,,,,,,,,,,,,,,,,,,,,,,,,,,,,,
,,,,,,,Safety,PPE,Protective Equipment,,MK113MPAP,MK113MPAP Edge Safety Glasses - Makalu Black Frame Polarized,-- Unbranded --,-- No Unilog Brand --,-- No DIB Brand --,Edge Eyewear Inc (EDGSA),Wolf Peak International,Edge Eyewear®,,MK113MPAP,,Safety>Personal Protective Equipment>Eye & Ear Protection,"Wolf Peak International Edge Eyewear, Safety Glasses, Makalu Frame Polarized",SAFETY GLASSES BK,"Edge Eyewear® Makalu Frame Polarized MK113MPAP Safety Glasses, Black","Edge Eyewear® Safety Glasses, Makalu Frame Polarized, Black","Makalu Frame Polarized Safety Glasses, Black",,,,,,,,,,,,,,,,,,,,,,,,,,,Safety Glasses,Color,Black,,Series,Makalu Frame Polarized,,,,,,,,,,,,,,,,,,,,,,,,,,,,,,,,,,,,,,,,,,,,,,,,,,,,,,,,,,,,,,,,,,,,,,,,,,,,,,,,,,,,,,,,,,,,,,,,,,,,,,,,,,,,,,,,,,,,,,,,,,,,,,,,,,,,,,,,,,,,,,,,,,,,,46181800,,,,,,,,,,,,,,,,,,,,,,,,,,,,,,,,,,,,,,,,,,,
,,,,,,,Safety,PPE,Protective Equipment,,LS117MPAP,LS117MPAP Edge Safety Glasses - Lassen Black Frame Polarized,-- Unbranded --,-- No Unilog Brand --,-- No DIB Brand --,Edge Eyewear Inc (EDGSA),Wolf Peak International,Edge Eyewear®,,LS117MPAP,,Safety>Personal Protective Equipment>Eye & Ear Protection,"Wolf Peak International Edge Eyewear, Safety Glasses, Lassen Frame Polarized",SAFETY GLASSES BK,"Edge Eyewear® Lassen Frame Polarized LS117MPAP Safety Glasses, Black","Edge Eyewear® Safety Glasses, Lassen Frame Polarized, Black","Lassen Frame Polarized Safety Glasses, Black",,,,,,,,,,,,,,,,,,,,,,,,,,,Safety Glasses,Color,Black,,Series,Lassen Frame Polarized,,,,,,,,,,,,,,,,,,,,,,,,,,,,,,,,,,,,,,,,,,,,,,,,,,,,,,,,,,,,,,,,,,,,,,,,,,,,,,,,,,,,,,,,,,,,,,,,,,,,,,,,,,,,,,,,,,,,,,,,,,,,,,,,,,,,,,,,,,,,,,,,,,,,,46181800,,,,,,,,,,,,,,,,,,,,,,,,,,,,,,,,,,,,,,,,,,,
,,,,,,,,,,,FE-EFX-6L,FEEFX6L Lith Fire Extinguisher,-- Unbranded --,-- No Unilog Brand --,-- No DIB Brand --,Ohio Firewatch Protection Inc (HOLFS),Ohio Firewatch Protection Inc,Ohio Firewatch Protection Inc,,FE-EFX-6L,,,"Ohio Firewatch Protection Inc, Lith Fire Extinguisher, FE-EFX-6L",LITH FIRE EXTINGUISHER,Ohio Firewatch Protection Inc FE-EFX-6L Lith Fire Extinguisher,Ohio Firewatch Protection Inc Lith Fire Extinguisher,Lith Fire Extinguisher,,,,,,,,,,,,,,,,,,,,,,,,,,,Lith Fire Extinguisher,Wattage,,,Color Temperature,,,Bulb Shape,,,Base Type,,,Pack Quantity,,,,,,,,,,,,,,,,,,,,,,,,,,,,,,,,,,,,,,,,,,,,,,,,,,,,,,,,,,,,,,,,,,,,,,,,,,,,,,,,,,,,,,,,,,,,,,,,,,,,,,,,,,,,,,,,,,,,,,,,,,,,,,,,,,,,,,,,,,,,,,,,,,,,,,,,,,,,,,,,,,,,,,,,,,,,,,,,,,,,,,,,
,,,,,,,,,,,FE-EFX-9L,FEEFX9L Lith Fire Extinguisher,-- Unbranded --,-- No Unilog Brand --,-- No DIB Brand --,Ohio Firewatch Protection Inc (HOLFS),Ohio Firewatch Protection Inc,Ohio Firewatch Protection Inc,,FE-EFX-9L,,,"Ohio Firewatch Protection Inc, Lith Fire Extinguisher, FE-EFX-9L",LITH FIRE EXTINGUISHER,Ohio Firewatch Protection Inc FE-EFX-9L Lith Fire Extinguisher,Ohio Firewatch Protection Inc Lith Fire Extinguisher,Lith Fire Extinguisher,,,,,,,,,,,,,,,,,,,,,,,,,,,Lith Fire Extinguisher,Wattage,,,Color Temperature,,,Bulb Shape,,,Base Type,,,Pack Quantity,,,,,,,,,,,,,,,,,,,,,,,,,,,,,,,,,,,,,,,,,,,,,,,,,,,,,,,,,,,,,,,,,,,,,,,,,,,,,,,,,,,,,,,,,,,,,,,,,,,,,,,,,,,,,,,,,,,,,,,,,,,,,,,,,,,,,,,,,,,,,,,,,,,,,,,,,,,,,,,,,,,,,,,,,,,,,,,,,,,,,,,,
,,,,,,,Safety,Life Safety,Alarms & Detectors,,1046793,1046793 Smoke & CO Alarm,-- Unbranded --,-- No Unilog Brand --,First Alert,First Alert - B R K Brands (2754),"Resideo Technologies, Inc.",First Alert®,,1046793,,Safety>Life Safety>Smoke & CO Alarms,"Resideo Technologies, Inc. First Alert, Smoke Co Alarm, 1046793",SMOKE CO ALARM,First Alert® 1046793 Smoke Co Alarm,First Alert® Smoke Co Alarm,Smoke Co Alarm,,,,,,,,,,,,,,,,,,,,,,,,,,,Smoke Co Alarm,,,,,,,,,,,,,,,,,,,,,,,,,,,,,,,,,,,,,,,,,,,,,,,,,,,,,,,,,,,,,,,,,,,,,,,,,,,,,,,,,,,,,,,,,,,,,,,,,,,,,,,,,,,,,,,,,,,,,,,,,,,,,,,,,,,,,,,,,,,,,,,,,,,,,,,,,,46191500,,,,,,,,,,,,,,,,,,,,,,,,,,,,,,,,,,,,,,,,,,,
,,,,,,,Safety,Life Safety,Alarms & Detectors,,1046870,1046870 Smoke & CO Alarm,-- Unbranded --,-- No Unilog Brand --,BRK,First Alert - B R K Brands (2754),"Resideo Technologies, Inc.",First Alert®,,1046870,,Safety>Life Safety>Smoke & CO Alarms,"Resideo Technologies, Inc. First Alert, Smoke Co Alarm, 1046870",SMOKE CO ALARM,First Alert® 1046870 Smoke Co Alarm,First Alert® Smoke Co Alarm,Smoke Co Alarm,,,,,,,,,,,,,,,,,,,,,,,,,,,Smoke Co Alarm,,,,,,,,,,,,,,,,,,,,,,,,,,,,,,,,,,,,,,,,,,,,,,,,,,,,,,,,,,,,,,,,,,,,,,,,,,,,,,,,,,,,,,,,,,,,,,,,,,,,,,,,,,,,,,,,,,,,,,,,,,,,,,,,,,,,,,,,,,,,,,,,,,,,,,,,,,46191500,,,,,,,,,,,,,,,,,,,,,,,,,,,,,,,,,,,,,,,,,,,
,,,,,,,Safety,PPE,Gloves,,M701B-21L,M701B-21L Milw L Black Heated Work Glove Liners,-- Unbranded --,-- No Unilog Brand --,-- No DIB Brand --,Milwaukee Accessory (4031),Milwaukee Tool,Milwaukee®,,M701B-21L,,Safety>Personal Protective Equipment>Hand Protection,"Milwaukee Tool Milwaukee, Glove, Heated Work Liners, M701B-21L",GLOVE BK M701B-21L,"Milwaukee® Heated Work Liners M701B-21L Glove, Black","Milwaukee® Glove, Heated Work Liners, Black","Heated Work Liners Glove, Black",,,,,,,,,,,,,,,,,,,,,,,,,,,Glove,Color,Black,,Series,Heated Work Liners,,,,,,,,,,,,,,,,,,,,,,,,,,,,,,,,,,,,,,,,,,,,,,,,,,,,,,,,,,,,,,,,,,,,,,,,,,,,,,,,,,,,,,,,,,,,,,,,,,,,,,,,,,,,,,,,,,,,,,,,,,,,,,,,,,,,,,,,,,,,,,,,,,,,,46181504,,,,,,,,,,,,,,,,,,,,,,,,,,,,,,,,,,,,,,,,,,,
,,,,,,,Safety,PPE,Gloves,,M701B-21M,M701B-21M Milw M Black Heated Work Glove Liners,-- Unbranded --,-- No Unilog Brand --,-- No DIB Brand --,Milwaukee Accessory (4031),Milwaukee Tool,Milwaukee®,,M701B-21M,,Safety>Personal Protective Equipment>Hand Protection,"Milwaukee Tool Milwaukee, Glove, Heated Work Liners, M701B-21M",GLOVE BK M701B-21M,"Milwaukee® Heated Work Liners M701B-21M Glove, Black","Milwaukee® Glove, Heated Work Liners, Black","Heated Work Liners Glove, Black",,,,,,,,,,,,,,,,,,,,,,,,,,,Glove,Color,Black,,Series,Heated Work Liners,,,,,,,,,,,,,,,,,,,,,,,,,,,,,,,,,,,,,,,,,,,,,,,,,,,,,,,,,,,,,,,,,,,,,,,,,,,,,,,,,,,,,,,,,,,,,,,,,,,,,,,,,,,,,,,,,,,,,,,,,,,,,,,,,,,,,,,,,,,,,,,,,,,,,46181504,,,,,,,,,,,,,,,,,,,,,,,,,,,,,,,,,,,,,,,,,,,
,,,,,,,Safety,PPE,Gloves,,M701B-21S,M701B-21S Milw S Black Heated Work Glove Liners,-- Unbranded --,-- No Unilog Brand --,-- No DIB Brand --,Milwaukee Accessory (4031),Milwaukee Tool,Milwaukee®,,M701B-21S,,Safety>Personal Protective Equipment>Hand Protection,"Milwaukee Tool Milwaukee, Glove, Heated Work Liners, M701B-21S",GLOVE BK M701B-21S,"Milwaukee® Heated Work Liners M701B-21S Glove, Black","Milwaukee® Glove, Heated Work Liners, Black","Heated Work Liners Glove, Black",,,,,,,,,,,,,,,,,,,,,,,,,,,Glove,Color,Black,,Series,Heated Work Liners,,,,,,,,,,,,,,,,,,,,,,,,,,,,,,,,,,,,,,,,,,,,,,,,,,,,,,,,,,,,,,,,,,,,,,,,,,,,,,,,,,,,,,,,,,,,,,,,,,,,,,,,,,,,,,,,,,,,,,,,,,,,,,,,,,,,,,,,,,,,,,,,,,,,,46181504,,,,,,,,,,,,,,,,,,,,,,,,,,,,,,,,,,,,,,,,,,,
,,,,,,,Safety,PPE,Gloves,,M701B-21XL,M701B-21XL Milw XL Black Heated Work Glove Liners,-- Unbranded --,-- No Unilog Brand --,-- No DIB Brand --,Milwaukee Accessory (4031),Milwaukee Tool,Milwaukee®,,M701B-21XL,,Safety>Personal Protective Equipment>Hand Protection,"Milwaukee Tool Milwaukee, Glove, XL Heated Work Liners, M701B-21XL",GLOVE BK M701B-21XL,"Milwaukee® XL Heated Work Liners M701B-21XL Glove, Black","Milwaukee® Glove, XL Heated Work Liners, Black","XL Heated Work Liners Glove, Black",,,,,,,,,,,,,,,,,,,,,,,,,,,Glove,Color,Black,,Series,XL Heated Work Liners,,,,,,,,,,,,,,,,,,,,,,,,,,,,,,,,,,,,,,,,,,,,,,,,,,,,,,,,,,,,,,,,,,,,,,,,,,,,,,,,,,,,,,,,,,,,,,,,,,,,,,,,,,,,,,,,,,,,,,,,,,,,,,,,,,,,,,,,,,,,,,,,,,,,,46181504,,,,,,,,,,,,,,,,,,,,,,,,,,,,,,,,,,,,,,,,,,,
,,,,,,,Safety,PPE,Gloves,,MWUG42010124,UTW Pro Heated Glove Blk XS,-- Unbranded --,-- No Unilog Brand --,-- No DIB Brand --,Tech Gear 5.7 Inc (TECGE),,,,MWUG42010124,,Safety>Personal Protective Equipment>Hand Protection,"Glove, UTW Heated XS, MWUG42010124, Black",GLOVE BK MWUG42010124,"UTW Heated XS MWUG42010124 Glove, Black","Glove, UTW Heated XS, Black","UTW Heated XS Glove, Black",,,,,,,,,,,,,,,,,,,,,,,,,,,Glove,Color,Black,,Series,UTW Heated XS,,,,,,,,,,,,,,,,,,,,,,,,,,,,,,,,,,,,,,,,,,,,,,,,,,,,,,,,,,,,,,,,,,,,,,,,,,,,,,,,,,,,,,,,,,,,,,,,,,,,,,,,,,,,,,,,,,,,,,,,,,,,,,,,,,,,,,,,,,,,,,,,,,,,,46181504,,,,,,,,,,,,,,,,,,,,,,,,,,,,,,,,,,,,,,,,,,,
,,,,,,,Safety,PPE,Gloves,,MWUG42010224,UTW Pro Heated Glove Blk SM,-- Unbranded --,-- No Unilog Brand --,-- No DIB Brand --,Tech Gear 5.7 Inc (TECGE),,,,MWUG42010224,,Safety>Personal Protective Equipment>Hand Protection,"Glove, UTW Heated SM, MWUG42010224, Black",GLOVE BK MWUG42010224,"UTW Heated SM MWUG42010224 Glove, Black","Glove, UTW Heated SM, Black","UTW Heated SM Glove, Black",,,,,,,,,,,,,,,,,,,,,,,,,,,Glove,Color,Black,,Series,UTW Heated SM,,,,,,,,,,,,,,,,,,,,,,,,,,,,,,,,,,,,,,,,,,,,,,,,,,,,,,,,,,,,,,,,,,,,,,,,,,,,,,,,,,,,,,,,,,,,,,,,,,,,,,,,,,,,,,,,,,,,,,,,,,,,,,,,,,,,,,,,,,,,,,,,,,,,,46181504,,,,,,,,,,,,,,,,,,,,,,,,,,,,,,,,,,,,,,,,,,,
,,,,,,,Safety,PPE,Gloves,,MWUG42010324,UTW Pro Heated Glove Blk MD,-- Unbranded --,-- No Unilog Brand --,-- No DIB Brand --,Tech Gear 5.7 Inc (TECGE),,,,MWUG42010324,,Safety>Personal Protective Equipment>Hand Protection,"Glove, UTW Heated MD, MWUG42010324, Black",GLOVE BK MWUG42010324,"UTW Heated MD MWUG42010324 Glove, Black","Glove, UTW Heated MD, Black","UTW Heated MD Glove, Black",,,,,,,,,,,,,,,,,,,,,,,,,,,Glove,Color,Black,,Series,UTW Heated MD,,,,,,,,,,,,,,,,,,,,,,,,,,,,,,,,,,,,,,,,,,,,,,,,,,,,,,,,,,,,,,,,,,,,,,,,,,,,,,,,,,,,,,,,,,,,,,,,,,,,,,,,,,,,,,,,,,,,,,,,,,,,,,,,,,,,,,,,,,,,,,,,,,,,,46181504,,,,,,,,,,,,,,,,,,,,,,,,,,,,,,,,,,,,,,,,,,,
,,,,,,,Safety,PPE,Gloves,,MWUG42010424,UTW Pro Heated Glove Blk LG,-- Unbranded --,-- No Unilog Brand --,-- No DIB Brand --,Tech Gear 5.7 Inc (TECGE),LG Electronics,LG®,,MWUG42010424,,Safety>Personal Protective Equipment>Hand Protection,"LG Electronics LG, Glove, UTW Heated, MWUG42010424, Black",GLOVE BK MWUG42010424,"LG® UTW Heated MWUG42010424 Glove, Black","LG® Glove, UTW Heated, Black","UTW Heated Glove, Black",,,,,,,,,,,,,,,,,,,,,,,,,,,Glove,Color,Black,,Series,UTW Heated,,,,,,,,,,,,,,,,,,,,,,,,,,,,,,,,,,,,,,,,,,,,,,,,,,,,,,,,,,,,,,,,,,,,,,,,,,,,,,,,,,,,,,,,,,,,,,,,,,,,,,,,,,,,,,,,,,,,,,,,,,,,,,,,,,,,,,,,,,,,,,,,,,,,,46181504,,,,,,,,,,,,,,,,,,,,,,,,,,,,,,,,,,,,,,,,,,,
,,,,,,,Safety,PPE,Gloves,,MWUG42010524,UTW Pro Heated Glove Blk XL,-- Unbranded --,-- No Unilog Brand --,-- No DIB Brand --,Tech Gear 5.7 Inc (TECGE),,,,MWUG42010524,,Safety>Personal Protective Equipment>Hand Protection,"Glove, UTW Heated XL, MWUG42010524, Black",GLOVE BK MWUG42010524,"UTW Heated XL MWUG42010524 Glove, Black","Glove, UTW Heated XL, Black","UTW Heated XL Glove, Black",,,,,,,,,,,,,,,,,,,,,,,,,,,Glove,Color,Black,,Series,UTW Heated XL,,,,,,,,,,,,,,,,,,,,,,,,,,,,,,,,,,,,,,,,,,,,,,,,,,,,,,,,,,,,,,,,,,,,,,,,,,,,,,,,,,,,,,,,,,,,,,,,,,,,,,,,,,,,,,,,,,,,,,,,,,,,,,,,,,,,,,,,,,,,,,,,,,,,,46181504,,,,,,,,,,,,,,,,,,,,,,,,,,,,,,,,,,,,,,,,,,,
,,,,,,,Safety,PPE,Gloves,,MWUG42010624,UTW Pro Heated Glove Blk 2X,-- Unbranded --,-- No Unilog Brand --,-- No DIB Brand --,Tech Gear 5.7 Inc (TECGE),,,,MWUG42010624,,Safety>Personal Protective Equipment>Hand Protection,"Glove, UTW Heated, MWUG42010624, Black",GLOVE BK MWUG42010624,"UTW Heated MWUG42010624 Glove, Black","Glove, UTW Heated, Black","UTW Heated Glove, Black",,,,,,,,,,,,,,,,,,,,,,,,,,,Glove,Color,Black,,Series,UTW Heated,,,,,,,,,,,,,,,,,,,,,,,,,,,,,,,,,,,,,,,,,,,,,,,,,,,,,,,,,,,,,,,,,,,,,,,,,,,,,,,,,,,,,,,,,,,,,,,,,,,,,,,,,,,,,,,,,,,,,,,,,,,,,,,,,,,,,,,,,,,,,,,,,,,,,46181504,,,,,,,,,,,,,,,,,,,,,,,,,,,,,,,,,,,,,,,,,,,
,,,,,,,Safety,PPE,Gloves,,MWUG36010225,MWUG36010225 BLK SM Aerial Snow Heated Glove,-- Unbranded --,-- No Unilog Brand --,-- No DIB Brand --,Tech Gear 5.7 Inc (TECGE),,,,MWUG36010225,,Safety>Personal Protective Equipment>Hand Protection,"Glove, SM Aerial Snow Heated, MWUG36010225, Black",GLOVE BK MWUG36010225,"SM Aerial Snow Heated MWUG36010225 Glove, Black","Glove, SM Aerial Snow Heated, Black","SM Aerial Snow Heated Glove, Black",,,,,,,,,,,,,,,,,,,,,,,,,,,Glove,Color,Black,,Series,SM Aerial Snow Heated,,,,,,,,,,,,,,,,,,,,,,,,,,,,,,,,,,,,,,,,,,,,,,,,,,,,,,,,,,,,,,,,,,,,,,,,,,,,,,,,,,,,,,,,,,,,,,,,,,,,,,,,,,,,,,,,,,,,,,,,,,,,,,,,,,,,,,,,,,,,,,,,,,,,,46181504,,,,,,,,,,,,,,,,,,,,,,,,,,,,,,,,,,,,,,,,,,,
,,,,,,,Safety,PPE,Gloves,,MWUG36010325,MWUG36010325 BLK MD Aerial Snow Heated Glove,-- Unbranded --,-- No Unilog Brand --,-- No DIB Brand --,Tech Gear 5.7 Inc (TECGE),,,,MWUG36010325,,Safety>Personal Protective Equipment>Hand Protection,"Glove, MD Aerial Snow Heated, MWUG36010325, Black",GLOVE BK MWUG36010325,"MD Aerial Snow Heated MWUG36010325 Glove, Black","Glove, MD Aerial Snow Heated, Black","MD Aerial Snow Heated Glove, Black",,,,,,,,,,,,,,,,,,,,,,,,,,,Glove,Color,Black,,Series,MD Aerial Snow Heated,,,,,,,,,,,,,,,,,,,,,,,,,,,,,,,,,,,,,,,,,,,,,,,,,,,,,,,,,,,,,,,,,,,,,,,,,,,,,,,,,,,,,,,,,,,,,,,,,,,,,,,,,,,,,,,,,,,,,,,,,,,,,,,,,,,,,,,,,,,,,,,,,,,,,46181504,,,,,,,,,,,,,,,,,,,,,,,,,,,,,,,,,,,,,,,,,,,
,,,,,,,Safety,PPE,Gloves,,MWUG36010425,MWUG36010425 BLK LG Aerial Snow Heated Glove,-- Unbranded --,-- No Unilog Brand --,-- No DIB Brand --,Tech Gear 5.7 Inc (TECGE),LG Electronics,LG®,,MWUG36010425,,Safety>Personal Protective Equipment>Hand Protection,"LG Electronics LG, Glove, Aerial Snow Heated, MWUG36010425, Black",GLOVE BK MWUG36010425,"LG® Aerial Snow Heated MWUG36010425 Glove, Black","LG® Glove, Aerial Snow Heated, Black","Aerial Snow Heated Glove, Black",,,,,,,,,,,,,,,,,,,,,,,,,,,Glove,Color,Black,,Series,Aerial Snow Heated,,,,,,,,,,,,,,,,,,,,,,,,,,,,,,,,,,,,,,,,,,,,,,,,,,,,,,,,,,,,,,,,,,,,,,,,,,,,,,,,,,,,,,,,,,,,,,,,,,,,,,,,,,,,,,,,,,,,,,,,,,,,,,,,,,,,,,,,,,,,,,,,,,,,,46181504,,,,,,,,,,,,,,,,,,,,,,,,,,,,,,,,,,,,,,,,,,,
,,,,,,,Safety,PPE,Gloves,,MWUG36010525,MWUG36010525 BLK XL Aerial Snow Heated Glove,-- Unbranded --,-- No Unilog Brand --,-- No DIB Brand --,Tech Gear 5.7 Inc (TECGE),,,,MWUG36010525,,Safety>Personal Protective Equipment>Hand Protection,"Glove, XL Aerial Snow Heated, MWUG36010525, Black",GLOVE BK MWUG36010525,"XL Aerial Snow Heated MWUG36010525 Glove, Black","Glove, XL Aerial Snow Heated, Black","XL Aerial Snow Heated Glove, Black",,,,,,,,,,,,,,,,,,,,,,,,,,,Glove,Color,Black,,Series,XL Aerial Snow Heated,,,,,,,,,,,,,,,,,,,,,,,,,,,,,,,,,,,,,,,,,,,,,,,,,,,,,,,,,,,,,,,,,,,,,,,,,,,,,,,,,,,,,,,,,,,,,,,,,,,,,,,,,,,,,,,,,,,,,,,,,,,,,,,,,,,,,,,,,,,,,,,,,,,,,46181504,,,,,,,,,,,,,,,,,,,,,,,,,,,,,,,,,,,,,,,,,,,
,,,,,,,Safety,PPE,Gloves,,MWUG36010625,MWUG36010625 BLK 2X Aerial Snow Heated Glove,-- Unbranded --,-- No Unilog Brand --,-- No DIB Brand --,Tech Gear 5.7 Inc (TECGE),,,,MWUG36010625,,Safety>Personal Protective Equipment>Hand Protection,"Glove, Aerial Snow Heated, MWUG36010625, Black",GLOVE BK MWUG36010625,"Aerial Snow Heated MWUG36010625 Glove, Black","Glove, Aerial Snow Heated, Black","Aerial Snow Heated Glove, Black",,,,,,,,,,,,,,,,,,,,,,,,,,,Glove,Color,Black,,Series,Aerial Snow Heated,,,,,,,,,,,,,,,,,,,,,,,,,,,,,,,,,,,,,,,,,,,,,,,,,,,,,,,,,,,,,,,,,,,,,,,,,,,,,,,,,,,,,,,,,,,,,,,,,,,,,,,,,,,,,,,,,,,,,,,,,,,,,,,,,,,,,,,,,,,,,,,,,,,,,46181504,,,,,,,,,,,,,,,,,,,,,,,,,,,,,,,,,,,,,,,,,,,
,,,,,,,Safety,PPE,Protective Equipment,,DPG15,DPG15 Dewalt AM/FM Hearing Protector,-- Unbranded --,-- No Unilog Brand --,-- No DIB Brand --,Radians (7363),Stanley Black & Decker,DEWALT®,,DPG15,,Safety>Personal Protective Equipment>Eye & Ear Protection,"Stanley Black & Decker DEWALT, Hearing Protector, AM FM, DPG15",HEARING PROTECTOR,DEWALT® AM FM DPG15 Hearing Protector,"DEWALT® Hearing Protector, AM FM",AM FM Hearing Protector,,,,,,,,,,,,,,,,,,,,,,,,,,,Hearing Protector,Color,,,Series,AM FM,,,,,,,,,,,,,,,,,,,,,,,,,,,,,,,,,,,,,,,,,,,,,,,,,,,,,,,,,,,,,,,,,,,,,,,,,,,,,,,,,,,,,,,,,,,,,,,,,,,,,,,,,,,,,,,,,,,,,,,,,,,,,,,,,,,,,,,,,,,,,,,,,,,,,46181800,,,,,,,,,,,,,,,,,,,,,,,,,,,,,,,,,,,,,,,,,,,
,,,,,,,Safety,Workwear,Apparel,,F200B-21L,F200B-21L Milw M12 Womens - BLK Heated Hoodie Kit L,-- Unbranded --,-- No Unilog Brand --,-- No DIB Brand --,Milwaukee Accessory (4031),Milwaukee Tool,Milwaukee®,,F200B-21L,,Safety>Workwear>Jackets & Hoodies,"Milwaukee Tool Milwaukee, Womens, Heated Hoodie, F200B-21L, M12",WOMENS BK M12 KIT,"Milwaukee® Heated Hoodie F200B-21L Womens, M12, Black, Kit","Milwaukee® Womens, Heated Hoodie, M12, Black, Kit","Heated Hoodie Womens, M12, Black, Kit",,,,,,,,,,,,,,,,,,,,,,,,,,,Womens,Battery Platform,M12,,Color,Black,,Configuration,Kit,,Series,Heated Hoodie,,,,,,,,,,,,,,,,,,,,,,,,,,,,,,,,,,,,,,,,,,,,,,,,,,,,,,,,,,,,,,,,,,,,,,,,,,,,,,,,,,,,,,,,,,,,,,,,,,,,,,,,,,,,,,,,,,,,,,,,,,,,,,,,,,,,,,,,,,,,,,,53102500,,,,,,,,,,,,,,,,,,,,,,,,,,,,,,,,,,,,,,,,,,,
,,,,,,,Safety,Workwear,Apparel,,F200B-21M,F200B-21M Milw M12 Womens - BLK Heated Hoodie Kit M,-- Unbranded --,-- No Unilog Brand --,-- No DIB Brand --,Milwaukee Accessory (4031),Milwaukee Tool,Milwaukee®,,F200B-21M,,Safety>Workwear>Jackets & Hoodies,"Milwaukee Tool Milwaukee, Womens, Heated Hoodie, F200B-21M, M12",WOMENS BK M12 KIT,"Milwaukee® Heated Hoodie F200B-21M Womens, M12, Black, Kit","Milwaukee® Womens, Heated Hoodie, M12, Black, Kit","Heated Hoodie Womens, M12, Black, Kit",,,,,,,,,,,,,,,,,,,,,,,,,,,Womens,Battery Platform,M12,,Color,Black,,Configuration,Kit,,Series,Heated Hoodie,,,,,,,,,,,,,,,,,,,,,,,,,,,,,,,,,,,,,,,,,,,,,,,,,,,,,,,,,,,,,,,,,,,,,,,,,,,,,,,,,,,,,,,,,,,,,,,,,,,,,,,,,,,,,,,,,,,,,,,,,,,,,,,,,,,,,,,,,,,,,,,53102500,,,,,,,,,,,,,,,,,,,,,,,,,,,,,,,,,,,,,,,,,,,
,,,,,,,Safety,Workwear,Apparel,,M200B-21L,M200B-21L Milw M12 BLK - Heated Hoodie Kit L,-- Unbranded --,-- No Unilog Brand --,-- No DIB Brand --,Milwaukee Accessory (4031),Milwaukee Tool,Milwaukee®,,M200B-21L,,Safety>Workwear>Jackets & Hoodies,"Milwaukee Tool Milwaukee, Hoodie, M200B-21L, M12, Black, Kit",HOODIE BK M12 KIT,"Milwaukee® M200B-21L Hoodie, M12, Black, Kit","Milwaukee® Hoodie, M12, Black, Kit","Hoodie, M12, Black, Kit",,,,,,,,,,,,,,,,,,,,,,,,,,,Hoodie,Battery Platform,M12,,Color,Black,,Configuration,Kit,,,,,,,,,,,,,,,,,,,,,,,,,,,,,,,,,,,,,,,,,,,,,,,,,,,,,,,,,,,,,,,,,,,,,,,,,,,,,,,,,,,,,,,,,,,,,,,,,,,,,,,,,,,,,,,,,,,,,,,,,,,,,,,,,,,,,,,,,,,,,,,,,,53102500,,,,,,,,,,,,,,,,,,,,,,,,,,,,,,,,,,,,,,,,,,,
,,,,,,,Safety,Workwear,Apparel,,M200B-21M,M200B-21M Milw M12 BLK - Heated Hoodie Kit M,-- Unbranded --,-- No Unilog Brand --,-- No DIB Brand --,Milwaukee Accessory (4031),Milwaukee Tool,Milwaukee®,,M200B-21M,,Safety>Workwear>Jackets & Hoodies,"Milwaukee Tool Milwaukee, Hoodie, M200B-21M, M12, Black, Kit",HOODIE BK M12 KIT,"Milwaukee® M200B-21M Hoodie, M12, Black, Kit","Milwaukee® Hoodie, M12, Black, Kit","Hoodie, M12, Black, Kit",,,,,,,,,,,,,,,,,,,,,,,,,,,Hoodie,Battery Platform,M12,,Color,Black,,Configuration,Kit,,,,,,,,,,,,,,,,,,,,,,,,,,,,,,,,,,,,,,,,,,,,,,,,,,,,,,,,,,,,,,,,,,,,,,,,,,,,,,,,,,,,,,,,,,,,,,,,,,,,,,,,,,,,,,,,,,,,,,,,,,,,,,,,,,,,,,,,,,,,,,,,,,53102500,,,,,,,,,,,,,,,,,,,,,,,,,,,,,,,,,,,,,,,,,,,
,,,,,,,Safety,Workwear,Apparel,,M200B-21XL,M200B-21XL Milw M12 BLK - Heated Hoodie Kit XL,-- Unbranded --,-- No Unilog Brand --,-- No DIB Brand --,Milwaukee Accessory (4031),Milwaukee Tool,Milwaukee®,,M200B-21XL,,Safety>Workwear>Jackets & Hoodies,"Milwaukee Tool Milwaukee, Hoodie, Heated XL, M200B-21XL, M12",HOODIE BK M12 KIT,"Milwaukee® Heated XL M200B-21XL Hoodie, M12, Black, Kit","Milwaukee® Hoodie, Heated XL, M12, Black, Kit","Heated XL Hoodie, M12, Black, Kit",,,,,,,,,,,,,,,,,,,,,,,,,,,Hoodie,Battery Platform,M12,,Color,Black,,Configuration,Kit,,Series,Heated XL,,,,,,,,,,,,,,,,,,,,,,,,,,,,,,,,,,,,,,,,,,,,,,,,,,,,,,,,,,,,,,,,,,,,,,,,,,,,,,,,,,,,,,,,,,,,,,,,,,,,,,,,,,,,,,,,,,,,,,,,,,,,,,,,,,,,,,,,,,,,,,,53102500,,,,,,,,,,,,,,,,,,,,,,,,,,,,,,,,,,,,,,,,,,,
,,,,,,,Safety,Workwear,Apparel,,M200G-21L,M200G-21L Milw M12 Gray - Heated Hoodie Kit L,-- Unbranded --,-- No Unilog Brand --,-- No DIB Brand --,Milwaukee Accessory (4031),Milwaukee Tool,Milwaukee®,,M200G-21L,,Safety>Workwear>Jackets & Hoodies,"Milwaukee Tool Milwaukee, Gray, Heated Hoodie, M200G-21L, M12",GRAY M12 KIT M200G-21L,"Milwaukee® Heated Hoodie M200G-21L Gray, M12, Kit","Milwaukee® Gray, Heated Hoodie, M12, Kit","Heated Hoodie Gray, M12, Kit",,,,,,,,,,,,,,,,,,,,,,,,,,,Gray,Battery Platform,M12,,Color,,,Configuration,Kit,,Series,Heated Hoodie,,,,,,,,,,,,,,,,,,,,,,,,,,,,,,,,,,,,,,,,,,,,,,,,,,,,,,,,,,,,,,,,,,,,,,,,,,,,,,,,,,,,,,,,,,,,,,,,,,,,,,,,,,,,,,,,,,,,,,,,,,,,,,,,,,,,,,,,,,,,,,,53102500,,,,,,,,,,,,,,,,,,,,,,,,,,,,,,,,,,,,,,,,,,,
,,,,,,,Safety,Workwear,Apparel,,M200G-21M,M200G-21M Milw M12 Gray - Heated Hoodie Kit M,-- Unbranded --,-- No Unilog Brand --,-- No DIB Brand --,Milwaukee Accessory (4031),Milwaukee Tool,Milwaukee®,,M200G-21M,,Safety>Workwear>Jackets & Hoodies,"Milwaukee Tool Milwaukee, Gray, Heated Hoodie, M200G-21M, M12",GRAY M12 KIT M200G-21M,"Milwaukee® Heated Hoodie M200G-21M Gray, M12, Kit","Milwaukee® Gray, Heated Hoodie, M12, Kit","Heated Hoodie Gray, M12, Kit",,,,,,,,,,,,,,,,,,,,,,,,,,,Gray,Battery Platform,M12,,Color,,,Configuration,Kit,,Series,Heated Hoodie,,,,,,,,,,,,,,,,,,,,,,,,,,,,,,,,,,,,,,,,,,,,,,,,,,,,,,,,,,,,,,,,,,,,,,,,,,,,,,,,,,,,,,,,,,,,,,,,,,,,,,,,,,,,,,,,,,,,,,,,,,,,,,,,,,,,,,,,,,,,,,,53102500,,,,,,,,,,,,,,,,,,,,,,,,,,,,,,,,,,,,,,,,,,,
,,,,,,,Safety,Workwear,Apparel,,M200G-21XL,M200G-21XL Milw M12 Gray - Heated Hoodie Kit XL,-- Unbranded --,-- No Unilog Brand --,-- No DIB Brand --,Milwaukee Accessory (4031),Milwaukee Tool,Milwaukee®,,M200G-21XL,,Safety>Workwear>Jackets & Hoodies,"Milwaukee Tool Milwaukee, Gray, Heated Hoodie XL, M200G-21XL",GRAY M12 KIT M200G-21XL,"Milwaukee® Heated Hoodie XL M200G-21XL Gray, M12, Kit","Milwaukee® Gray, Heated Hoodie XL, M12, Kit","Heated Hoodie XL Gray, M12, Kit",,,,,,,,,,,,,,,,,,,,,,,,,,,Gray,Battery Platform,M12,,Color,,,Configuration,Kit,,Series,Heated Hoodie XL,,,,,,,,,,,,,,,,,,,,,,,,,,,,,,,,,,,,,,,,,,,,,,,,,,,,,,,,,,,,,,,,,,,,,,,,,,,,,,,,,,,,,,,,,,,,,,,,,,,,,,,,,,,,,,,,,,,,,,,,,,,,,,,,,,,,,,,,,,,,,,,53102500,,,,,,,,,,,,,,,,,,,,,,,,,,,,,,,,,,,,,,,,,,,
,,,,,,,,,,,48-11-2330,48-11-2330 Milw Heated Gear Power Source,-- Unbranded --,-- No Unilog Brand --,-- No DIB Brand --,Milwaukee Accessory (4031),Milwaukee Tool,Milwaukee®,,48-11-2330,,,"Milwaukee Tool Milwaukee, Power Source, Heated Gear, 48-11-2330",POWER SOURCE 48-11-2330,Milwaukee® Heated Gear 48-11-2330 Power Source,"Milwaukee® Power Source, Heated Gear",Heated Gear Power Source,,,,,,,,,,,,,,,,,,,,,,,,,,,Power Source,Wattage,,,Color Temperature,,,Bulb Shape,,,Base Type,,,Pack Quantity,,,Series,Heated Gear,,,,,,,,,,,,,,,,,,,,,,,,,,,,,,,,,,,,,,,,,,,,,,,,,,,,,,,,,,,,,,,,,,,,,,,,,,,,,,,,,,,,,,,,,,,,,,,,,,,,,,,,,,,,,,,,,,,,,,,,,,,,,,,,,,,,,,,,,,,,,,,,,,,,,,,,,,,,,,,,,,,,,,,,,,,,,,,,,,,,
,,,,,,,,,,,DCBP250C,DCBP520C Dewalt Starter Kit,-- Unbranded --,-- No Unilog Brand --,DEWALT,Black & Decker/dewlt (2585),Stanley Black & Decker,DEWALT®,,DCBP250C,,,"Stanley Black & Decker DEWALT, DCBP250C, Starter Kit",STARTER KIT DCBP250C,"DEWALT® DCBP250C, Starter Kit","DEWALT®, Starter Kit",", Starter Kit",,,,,,,,,,,,,,,,,,,,,,,,,,,,Wattage,,,Color Temperature,,,Bulb Shape,,,Base Type,,,Pack Quantity,,,Configuration,Starter Kit,,,,,,,,,,,,,,,,,,,,,,,,,,,,,,,,,,,,,,,,,,,,,,,,,,,,,,,,,,,,,,,,,,,,,,,,,,,,,,,,,,,,,,,,,,,,,,,,,,,,,,,,,,,,,,,,,,,,,,,,,,,,,,,,,,,,,,,,,,,,,,,,,,,,,,,,,,,,,,,,,,,,,,,,,,,,,,,,,,,,
,,,,,,,Tools,Storage,Tool Bags & Holsters,,5328,5328 Lg. Leather Phone Holster - Clip-on,-- Unbranded --,-- No Unilog Brand --,-- No DIB Brand --,-,LG Electronics,LG®,,5328,,Tools & Equipment>Tool Storage>Bags & Pouches,"LG Electronics LG, Holster, Leather Phone, 5328",HOLSTER 5328,LG® Leather Phone 5328 Holster,"LG® Holster, Leather Phone",Leather Phone Holster,,,,,,,,,,,,,,,,,,,,,,,,,,,Holster,Series,Leather Phone,,,,,,,,,,,,,,,,,,,,,,,,,,,,,,,,,,,,,,,,,,,,,,,,,,,,,,,,,,,,,,,,,,,,,,,,,,,,,,,,,,,,,,,,,,,,,,,,,,,,,,,,,,,,,,,,,,,,,,,,,,,,,,,,,,,,,,,,,,,,,,,,,,,,,,,,24101600,,,,,,,,,,,,,,,,,,,,,,,,,,,,,,,,,,,,,,,,,,,
,,,,,,,Safety,Life Safety,Alarms & Detectors,,3200-20,3200-20 Milw Voltage Detector,-- Unbranded --,-- No Unilog Brand --,-- No DIB Brand --,Milwaukee Accessory (4031),Milwaukee Tool,Milwaukee®,,3200-20,,Safety>Life Safety>Smoke & CO Alarms,"Milwaukee Tool Milwaukee, Voltage Detector, 3200-20",VOLTAGE DETECTOR,Milwaukee® 3200-20 Voltage Detector,Milwaukee® Voltage Detector,Voltage Detector,,,,,,,,,,,,,,,,,,,,,,,,,,,Voltage Detector,,,,,,,,,,,,,,,,,,,,,,,,,,,,,,,,,,,,,,,,,,,,,,,,,,,,,,,,,,,,,,,,,,,,,,,,,,,,,,,,,,,,,,,,,,,,,,,,,,,,,,,,,,,,,,,,,,,,,,,,,,,,,,,,,,,,,,,,,,,,,,,,,,,,,,,,,,46191500,,,,,,,,,,,,,,,,,,,,,,,,,,,,,,,,,,,,,,,,,,,
,,,,,,,Safety,Life Safety,Alarms & Detectors,,3202-20,3202-20 Milw Voltage Detector w/ LED,-- Unbranded --,-- No Unilog Brand --,-- No DIB Brand --,Milwaukee Accessory (4031),Milwaukee Tool,Milwaukee®,,3202-20,,Safety>Life Safety>Smoke & CO Alarms,"Milwaukee Tool Milwaukee, Voltage Detector, 3202-20, LED",VOLTAGE DETECTOR LED,"Milwaukee® 3202-20 Voltage Detector, LED","Milwaukee® Voltage Detector, LED","Voltage Detector, LED",,,,,,,,,,,,,,,,,,,,,,,,,,,Voltage Detector,Lamp Type,LED,,,,,,,,,,,,,,,,,,,,,,,,,,,,,,,,,,,,,,,,,,,,,,,,,,,,,,,,,,,,,,,,,,,,,,,,,,,,,,,,,,,,,,,,,,,,,,,,,,,,,,,,,,,,,,,,,,,,,,,,,,,,,,,,,,,,,,,,,,,,,,,,,,,,,,,,46191500,,,,,,,,,,,,,,,,,,,,,,,,,,,,,,,,,,,,,,,,,,,
,,,,,,,Appliances,Large Appliances,Ranges & Ovens,,3203-20,3203-20 Milw Dual Range Voltage Detector w/ LED,-- Unbranded --,-- No Unilog Brand --,-- No DIB Brand --,Milwaukee Accessory (4031),Milwaukee Tool,Milwaukee®,,3203-20,,Appliances & Consumer Electronics>Kitchen Appliances>Ranges,"Milwaukee Tool Milwaukee, Range, Dual Voltage Detector, 3203-20",RANGE LED 3203-20,"Milwaukee® Dual Voltage Detector 3203-20 Range, LED","Milwaukee® Range, Dual Voltage Detector, LED","Dual Voltage Detector Range, LED",,,,,,,,,,,,,,,,,,,,,,,,,,,Range,Size,,,Color,,,Display Only,,,Fuel Type,,,Series,Dual Voltage Detector,,Lamp Type,LED,,,,,,,,,,,,,,,,,,,,,,,,,,,,,,,,,,,,,,,,,,,,,,,,,,,,,,,,,,,,,,,,,,,,,,,,,,,,,,,,,,,,,,,,,,,,,,,,,,,,,,,,,,,,,,,,,,,,,,,,,,,,,,,,,,,,,,,,,52141502,,,,,,,,,,,,,,,,,,,,,,,,,,,,,,,,,,,,,,,,,,,
,,,,,,,,,,,BC-12300,"BC-12300 BigCal 12""/300mm",-- Unbranded --,-- No Unilog Brand --,-- No DIB Brand --,Woodpeckers Inc (WOODP),"Woodpeckers, LLC",Woodpeckers®,,BC-12300,,,"Woodpeckers, LLC Woodpeckers, Bigcal, BC-12300, 12 in",BIGCAL 12IN BC-12300,"Woodpeckers® BC-12300 Bigcal, 12 in","Woodpeckers® Bigcal, 12 in","Bigcal, 12 in",,,,,,,,,,,,,,,,,,,,,,,,,,,Bigcal,Wattage,,,Color Temperature,,,Bulb Shape,,,Base Type,,,Pack Quantity,,,Size,12,in,,,,,,,,,,,,,,,,,,,,,,,,,,,,,,,,,,,,,,,,,,,,,,,,,,,,,,,,,,,,,,,,,,,,,,,,,,,,,,,,,,,,,,,,,,,,,,,,,,,,,,,,,,,,,,,,,,,,,,,,,,,,,,,,,,,,,,,,,,,,,,,,,,,,,,,,,,,,,,,,,,,,,,,,,,,,,,,,,,,
,,,,,,,,,,,BC-24600,"BC-24600 BigCal 24""/600mm",-- Unbranded --,-- No Unilog Brand --,-- No DIB Brand --,Woodpeckers Inc (WOODP),"Woodpeckers, LLC",Woodpeckers®,,BC-24600,,,"Woodpeckers, LLC Woodpeckers, Bigcal, BC-24600, 24 in",BIGCAL 24IN BC-24600,"Woodpeckers® BC-24600 Bigcal, 24 in","Woodpeckers® Bigcal, 24 in","Bigcal, 24 in",,,,,,,,,,,,,,,,,,,,,,,,,,,Bigcal,Wattage,,,Color Temperature,,,Bulb Shape,,,Base Type,,,Pack Quantity,,,Size,24,in,,,,,,,,,,,,,,,,,,,,,,,,,,,,,,,,,,,,,,,,,,,,,,,,,,,,,,,,,,,,,,,,,,,,,,,,,,,,,,,,,,,,,,,,,,,,,,,,,,,,,,,,,,,,,,,,,,,,,,,,,,,,,,,,,,,,,,,,,,,,,,,,,,,,,,,,,,,,,,,,,,,,,,,,,,,,,,,,,,,
,,,,,,,Tools,Hand Tools,Layout & Measuring,,DW08302CG,DW08302CG Dewalt Laser - Green 3 Spot,-- Unbranded --,-- No Unilog Brand --,DEWALT,Black & Decker/dewlt (2585),Stanley Black & Decker,DEWALT®,,DW08302CG,,Tools & Equipment>Hand Tools>Layout & Measuring Tools,"Stanley Black & Decker DEWALT, Laser, DW08302CG",LASER DW08302CG,DEWALT® DW08302CG Laser,DEWALT® Laser,Laser,,,,,,,,,,,,,,,,,,,,,,,,,,,Laser,Size,,,,,,,,,,,,,,,,,,,,,,,,,,,,,,,,,,,,,,,,,,,,,,,,,,,,,,,,,,,,,,,,,,,,,,,,,,,,,,,,,,,,,,,,,,,,,,,,,,,,,,,,,,,,,,,,,,,,,,,,,,,,,,,,,,,,,,,,,,,,,,,,,,,,,,,,,41111700,,,,,,,,,,,,,,,,,,,,,,,,,,,,,,,,,,,,,,,,,,,
,,,,,,,Tools,Hand Tools,Layout & Measuring,,GCL165-42GL,GCL165--42GL Cross Line Laser,-- Unbranded --,-- No Unilog Brand --,-- No DIB Brand --,Robt Bosch Tool Corp (6564),Robert Bosch Tool Corporation,Bosch®,,GCL165-42GL,,Tools & Equipment>Hand Tools>Layout & Measuring Tools,"Robert Bosch Tool Corporation Bosch, Cross Line, Laser, GCL165-42GL",CROSS LINE GCL165-42GL,Bosch® Laser GCL165-42GL Cross Line,"Bosch® Cross Line, Laser",Laser Cross Line,,,,,,,,,,,,,,,,,,,,,,,,,,,Cross Line,Size,,,Series,Laser,,,,,,,,,,,,,,,,,,,,,,,,,,,,,,,,,,,,,,,,,,,,,,,,,,,,,,,,,,,,,,,,,,,,,,,,,,,,,,,,,,,,,,,,,,,,,,,,,,,,,,,,,,,,,,,,,,,,,,,,,,,,,,,,,,,,,,,,,,,,,,,,,,,,,41111700,,,,,,,,,,,,,,,,,,,,,,,,,,,,,,,,,,,,,,,,,,,
,,,,,,,Tools,Hand Tools,Layout & Measuring,,DW08802CG,DW08802CG Dewalt Laser Green - Self-Level Cross Line,-- Unbranded --,-- No Unilog Brand --,DEWALT,Black & Decker/dewlt (2585),Stanley Black & Decker,DEWALT®,,DW08802CG,,Tools & Equipment>Hand Tools>Layout & Measuring Tools,"Stanley Black & Decker DEWALT, Level, Self Cross Line, DW08802CG",LEVEL DW08802CG,DEWALT® Self Cross Line DW08802CG Level,"DEWALT® Level, Self Cross Line",Self Cross Line Level,,,,,,,,,,,,,,,,,,,,,,,,,,,Level,Size,,,Series,Self Cross Line,,,,,,,,,,,,,,,,,,,,,,,,,,,,,,,,,,,,,,,,,,,,,,,,,,,,,,,,,,,,,,,,,,,,,,,,,,,,,,,,,,,,,,,,,,,,,,,,,,,,,,,,,,,,,,,,,,,,,,,,,,,,,,,,,,,,,,,,,,,,,,,,,,,,,41111700,,,,,,,,,,,,,,,,,,,,,,,,,,,,,,,,,,,,,,,,,,,
,,,,,,,Tools,Hand Tools,Layout & Measuring,,DW088CG,DW088CG Dewalt Laser - Green Cross Line,-- Unbranded --,-- No Unilog Brand --,DEWALT,Black & Decker/dewlt (2585),Stanley Black & Decker,DEWALT®,,DW088CG,,Tools & Equipment>Hand Tools>Layout & Measuring Tools,"Stanley Black & Decker DEWALT, Cross Line, Laser, DW088CG",CROSS LINE DW088CG,DEWALT® Laser DW088CG Cross Line,"DEWALT® Cross Line, Laser",Laser Cross Line,,,,,,,,,,,,,,,,,,,,,,,,,,,Cross Line,Size,,,Series,Laser,,,,,,,,,,,,,,,,,,,,,,,,,,,,,,,,,,,,,,,,,,,,,,,,,,,,,,,,,,,,,,,,,,,,,,,,,,,,,,,,,,,,,,,,,,,,,,,,,,,,,,,,,,,,,,,,,,,,,,,,,,,,,,,,,,,,,,,,,,,,,,,,,,,,,41111700,,,,,,,,,,,,,,,,,,,,,,,,,,,,,,,,,,,,,,,,,,,
,,,,,,,Tools,Hand Tools,Layout & Measuring,,DW089CG,DW089CG Dewalt Laser Level - 3 Line 30ft Range,-- Unbranded --,-- No Unilog Brand --,DEWALT,Black & Decker/dewlt (2585),Stanley Black & Decker,DEWALT®,,DW089CG,,Tools & Equipment>Hand Tools>Layout & Measuring Tools,"Stanley Black & Decker DEWALT, Level, Laser, DW089CG, 30 ft",LEVEL 30FT DW089CG,"DEWALT® Laser DW089CG Level, 30 ft","DEWALT® Level, Laser, 30 ft","Laser Level, 30 ft",,,,,,,,,,,,,,,,,,,,,,,,,,,Level,Size,30,ft,Series,Laser,,,,,,,,,,,,,,,,,,,,,,,,,,,,,,,,,,,,,,,,,,,,,,,,,,,,,,,,,,,,,,,,,,,,,,,,,,,,,,,,,,,,,,,,,,,,,,,,,,,,,,,,,,,,,,,,,,,,,,,,,,,,,,,,,,,,,,,,,,,,,,,,,,,,,41111700,,,,,,,,,,,,,,,,,,,,,,,,,,,,,,,,,,,,,,,,,,,
,,,,,,,Tools,Hand Tools,Layout & Measuring,,DCLE34520GB,DCLE34520GB Dewalt Laser 20V - Cross Line 5 Spot (Bare),-- Unbranded --,-- No Unilog Brand --,DEWALT,Black & Decker/dewlt (2585),Stanley Black & Decker,DEWALT®,,DCLE34520GB,,Tools & Equipment>Hand Tools>Layout & Measuring Tools,"Stanley Black & Decker DEWALT, Cross Line, Laser, DCLE34520GB",CROSS LINE 20V,"DEWALT® Laser DCLE34520GB Cross Line, 20 V","DEWALT® Cross Line, Laser, 20 V","Laser Cross Line, 20 V",,,,,,,,,,,,,,,,,,,,,,,,,,,Cross Line,Size,,,Series,Laser,,Voltage Rating,20,V,Battery Included,No,,,,,,,,,,,,,,,,,,,,,,,,,,,,,,,,,,,,,,,,,,,,,,,,,,,,,,,,,,,,,,,,,,,,,,,,,,,,,,,,,,,,,,,,,,,,,,,,,,,,,,,,,,,,,,,,,,,,,,,,,,,,,,,,,,,,,,,,,,,,,,,41111700,,,,,,,,,,,,,,,,,,,,,,,,,,,,,,,,,,,,,,,,,,,
,,,,,,,Tools,Hand Tools,Layout & Measuring,,DCLE34031B,DCLE34031B Dewalt Line Laser - 20V Self-Leveling (Bare),-- Unbranded --,-- No Unilog Brand --,DEWALT,Black & Decker/dewlt (2585),Stanley Black & Decker,DEWALT®,,DCLE34031B,,Tools & Equipment>Hand Tools>Layout & Measuring Tools,"Stanley Black & Decker DEWALT, Line Laser, Self Leveling, DCLE34031B",LINE LASER 20V,"DEWALT® Self Leveling DCLE34031B Line Laser, 20 V","DEWALT® Line Laser, Self Leveling, 20 V","Self Leveling Line Laser, 20 V",,,,,,,,,,,,,,,,,,,,,,,,,,,Line Laser,Size,,,Series,Self Leveling,,Voltage Rating,20,V,Battery Included,No,,,,,,,,,,,,,,,,,,,,,,,,,,,,,,,,,,,,,,,,,,,,,,,,,,,,,,,,,,,,,,,,,,,,,,,,,,,,,,,,,,,,,,,,,,,,,,,,,,,,,,,,,,,,,,,,,,,,,,,,,,,,,,,,,,,,,,,,,,,,,,,41111700,,,,,,,,,,,,,,,,,,,,,,,,,,,,,,,,,,,,,,,,,,,
,,,,,,,Tools,Hand Tools,Layout & Measuring,,DW0822CG,DW0822CG Dewalt Cross Line - Plumb Spots Laser-Green,-- Unbranded --,-- No Unilog Brand --,DEWALT,Black & Decker/dewlt (2585),Stanley Black & Decker,DEWALT®,,DW0822CG,,Tools & Equipment>Hand Tools>Layout & Measuring Tools,"Stanley Black & Decker DEWALT, Cross Line, Plumb Spots Laser Green, DW0822CG",CROSS LINE DW0822CG,DEWALT® Plumb Spots Laser Green DW0822CG Cross Line,"DEWALT® Cross Line, Plumb Spots Laser Green",Plumb Spots Laser Green Cross Line,,,,,,,,,,,,,,,,,,,,,,,,,,,Cross Line,Size,,,Series,Plumb Spots Laser Green,,,,,,,,,,,,,,,,,,,,,,,,,,,,,,,,,,,,,,,,,,,,,,,,,,,,,,,,,,,,,,,,,,,,,,,,,,,,,,,,,,,,,,,,,,,,,,,,,,,,,,,,,,,,,,,,,,,,,,,,,,,,,,,,,,,,,,,,,,,,,,,,,,,,,41111700,,,,,,,,,,,,,,,,,,,,,,,,,,,,,,,,,,,,,,,,,,,
,,,,,,,Building Materials,Structural Panels,Sheathing,,25459,25459 Mason Line Brd Orange - 500',-- Unbranded --,-- No Unilog Brand --,-- No DIB Brand --,U S Tape Company (6694),Milwaukee Tool,Milwaukee®,,25459,,Building Materials>Structural Panels>Sheathing,"Milwaukee Tool Milwaukee, Line Brd Orange, 25459, 500 ft",LINE BRD ORANGE 500FT,"Milwaukee® 25459 Line Brd Orange, 500 ft","Milwaukee® Line Brd Orange, 500 ft","Line Brd Orange, 500 ft",,,,,,,,,,,,,,,,,,,,,,,,,,,Line Brd Orange,Size,,,Size,500,ft,,,,,,,,,,,,,,,,,,,,,,,,,,,,,,,,,,,,,,,,,,,,,,,,,,,,,,,,,,,,,,,,,,,,,,,,,,,,,,,,,,,,,,,,,,,,,,,,,,,,,,,,,,,,,,,,,,,,,,,,,,,,,,,,,,,,,,,,,,,,,,,,,,,,30161700,,,,,,,,,,,,,,,,,,,,,,,,,,,,,,,,,,,,,,,,,,,
,,,,,,,Building Materials,Structural Panels,Sheathing,,35459,35459 Mason Line Brd Orange - 500' Replacement,-- Unbranded --,-- No Unilog Brand --,-- No DIB Brand --,U S Tape Company (6694),U.S. Tape Company,U.S. Tape Company,,35459,,Building Materials>Structural Panels>Sheathing,"U.S. Tape Company U.S. Tape Company, Line Brd Orange, Replacement, 35459",LINE BRD ORANGE 500FT,"U.S. Tape Company Replacement 35459 Line Brd Orange, 500 ft","U.S. Tape Company Line Brd Orange, Replacement, 500 ft","Replacement Line Brd Orange, 500 ft",,,,,,,,,,,,,,,,,,,,,,,,,,,Line Brd Orange,Size,,,Size,500,ft,Series,Replacement,,,,,,,,,,,,,,,,,,,,,,,,,,,,,,,,,,,,,,,,,,,,,,,,,,,,,,,,,,,,,,,,,,,,,,,,,,,,,,,,,,,,,,,,,,,,,,,,,,,,,,,,,,,,,,,,,,,,,,,,,,,,,,,,,,,,,,,,,,,,,,,,,,30161700,,,,,,,,,,,,,,,,,,,,,,,,,,,,,,,,,,,,,,,,,,,
,,,,,,,Building Materials,Structural Panels,Sheathing,,25759,25759 Mason Line Brd Orange - 1000',-- Unbranded --,-- No Unilog Brand --,-- No DIB Brand --,U S Tape Company (6694),Milwaukee Tool,Milwaukee®,,25759,,Building Materials>Structural Panels>Sheathing,"Milwaukee Tool Milwaukee, Line Brd Orange, 25759, 1000 ft",LINE BRD ORANGE 1000FT,"Milwaukee® 25759 Line Brd Orange, 1000 ft","Milwaukee® Line Brd Orange, 1000 ft","Line Brd Orange, 1000 ft",,,,,,,,,,,,,,,,,,,,,,,,,,,Line Brd Orange,Size,,,Size,1000,ft,,,,,,,,,,,,,,,,,,,,,,,,,,,,,,,,,,,,,,,,,,,,,,,,,,,,,,,,,,,,,,,,,,,,,,,,,,,,,,,,,,,,,,,,,,,,,,,,,,,,,,,,,,,,,,,,,,,,,,,,,,,,,,,,,,,,,,,,,,,,,,,,,,,,30161700,,,,,,,,,,,,,,,,,,,,,,,,,,,,,,,,,,,,,,,,,,,
,,,,,,,,,,,35112,35112 Mason Line Twist Yellow - 270',-- Unbranded --,-- No Unilog Brand --,-- No DIB Brand --,U S Tape Company (6694),U.S. Tape Company,U.S. Tape Company,,35112,,,"U.S. Tape Company U.S. Tape Company, Twist Yellow, Mason Line, 35112",TWIST YELLOW 270FT,"U.S. Tape Company Mason Line 35112 Twist Yellow, 270 ft","U.S. Tape Company Twist Yellow, Mason Line, 270 ft","Mason Line Twist Yellow, 270 ft",,,,,,,,,,,,,,,,,,,,,,,,,,,Twist Yellow,Wattage,,,Color Temperature,,,Bulb Shape,,,Base Type,,,Pack Quantity,,,Series,Mason Line,,Size,270,ft,,,,,,,,,,,,,,,,,,,,,,,,,,,,,,,,,,,,,,,,,,,,,,,,,,,,,,,,,,,,,,,,,,,,,,,,,,,,,,,,,,,,,,,,,,,,,,,,,,,,,,,,,,,,,,,,,,,,,,,,,,,,,,,,,,,,,,,,,,,,,,,,,,,,,,,,,,,,,,,,,,,,,,,,,,,,,,,,
,,,,,,,,,,,35115,35115 Mason Line Twist Green - 270',-- Unbranded --,-- No Unilog Brand --,-- No DIB Brand --,U S Tape Company (6694),U.S. Tape Company,U.S. Tape Company,,35115,,,"U.S. Tape Company U.S. Tape Company, Line Twist, Mason Green, 35115",LINE TWIST 270FT,"U.S. Tape Company Mason Green 35115 Line Twist, 270 ft","U.S. Tape Company Line Twist, Mason Green, 270 ft","Mason Green Line Twist, 270 ft",,,,,,,,,,,,,,,,,,,,,,,,,,,Line Twist,Wattage,,,Color Temperature,,,Bulb Shape,,,Base Type,,,Pack Quantity,,,Series,Mason Green,,Size,270,ft,,,,,,,,,,,,,,,,,,,,,,,,,,,,,,,,,,,,,,,,,,,,,,,,,,,,,,,,,,,,,,,,,,,,,,,,,,,,,,,,,,,,,,,,,,,,,,,,,,,,,,,,,,,,,,,,,,,,,,,,,,,,,,,,,,,,,,,,,,,,,,,,,,,,,,,,,,,,,,,,,,,,,,,,,,,,,,,,
,,,,,,,Building Materials,Structural Panels,Sheathing,,25168,25168 Mason Line Brd Green - 250',CENTURY COMPONENTS,-- No Unilog Brand --,-- No DIB Brand --,U S Tape Company (6694),CENTURY COMPONENTS,CENTURY COMPONENTS,,25168,,Building Materials>Structural Panels>Sheathing,"CENTURY COMPONENTS CENTURY COMPONENTS, Mason Line, Brd Green, 25168",MASON LINE 250FT,"CENTURY COMPONENTS Brd Green 25168 Mason Line, 250 ft","CENTURY COMPONENTS Mason Line, Brd Green, 250 ft","Brd Green Mason Line, 250 ft",,,,,,,,,,,,,,,,,,,,,,,,,,,Mason Line,Size,,,Size,250,ft,Series,Brd Green,,,,,,,,,,,,,,,,,,,,,,,,,,,,,,,,,,,,,,,,,,,,,,,,,,,,,,,,,,,,,,,,,,,,,,,,,,,,,,,,,,,,,,,,,,,,,,,,,,,,,,,,,,,,,,,,,,,,,,,,,,,,,,,,,,,,,,,,,,,,,,,,,,30161700,,,,,,,,,,,,,,,,,,,,,,,,,,,,,,,,,,,,,,,,,,,
,,,,,,,Building Materials,Structural Panels,Sheathing,,35468,35468 Mason Line Brd Green - 500' Replacement,-- Unbranded --,-- No Unilog Brand --,-- No DIB Brand --,U S Tape Company (6694),U.S. Tape Company,U.S. Tape Company,,35468,,Building Materials>Structural Panels>Sheathing,"U.S. Tape Company U.S. Tape Company, Mason Line, Replacement, 35468",MASON LINE 500FT,"U.S. Tape Company Replacement 35468 Mason Line, 500 ft","U.S. Tape Company Mason Line, Replacement, 500 ft","Replacement Mason Line, 500 ft",,,,,,,,,,,,,,,,,,,,,,,,,,,Mason Line,Size,,,Size,500,ft,Series,Replacement,,,,,,,,,,,,,,,,,,,,,,,,,,,,,,,,,,,,,,,,,,,,,,,,,,,,,,,,,,,,,,,,,,,,,,,,,,,,,,,,,,,,,,,,,,,,,,,,,,,,,,,,,,,,,,,,,,,,,,,,,,,,,,,,,,,,,,,,,,,,,,,,,,30161700,,,,,,,,,,,,,,,,,,,,,,,,,,,,,,,,,,,,,,,,,,,
,,,,,,,Building Materials,Structural Panels,Sheathing,,35494,35494 Mason Line Brd Blk/Yellw - 500' Replacement,-- Unbranded --,-- No Unilog Brand --,-- No DIB Brand --,U S Tape Company (6694),U.S. Tape Company,U.S. Tape Company,,35494,,Building Materials>Structural Panels>Sheathing,"U.S. Tape Company U.S. Tape Company, Yellw, Replacement, 35494",YELLW BK 500FT,"U.S. Tape Company Replacement 35494 Yellw, 500 ft, Black","U.S. Tape Company Yellw, Replacement, 500 ft, Black","Replacement Yellw, 500 ft, Black",,,,,,,,,,,,,,,,,,,,,,,,,,,Yellw,Size,,,Size,500,ft,Series,Replacement,,Color,Black,,,,,,,,,,,,,,,,,,,,,,,,,,,,,,,,,,,,,,,,,,,,,,,,,,,,,,,,,,,,,,,,,,,,,,,,,,,,,,,,,,,,,,,,,,,,,,,,,,,,,,,,,,,,,,,,,,,,,,,,,,,,,,,,,,,,,,,,,,,,,,,30161700,,,,,,,,,,,,,,,,,,,,,,,,,,,,,,,,,,,,,,,,,,,
,,,,,,,,,,,MLSQ0120,"MLSQ0120 Milw 12"" RafterSquare",-- Unbranded --,-- No Unilog Brand --,-- No DIB Brand --,Milwaukee Accessory (4031),Milwaukee Tool,Milwaukee®,,MLSQ0120,,,"Milwaukee Tool Milwaukee, Raftersquare, MLSQ0120, 12 in",RAFTERSQUARE 12IN,"Milwaukee® MLSQ0120 Raftersquare, 12 in","Milwaukee® Raftersquare, 12 in","Raftersquare, 12 in",,,,,,,,,,,,,,,,,,,,,,,,,,,Raftersquare,Wattage,,,Color Temperature,,,Bulb Shape,,,Base Type,,,Pack Quantity,,,Size,12,in,,,,,,,,,,,,,,,,,,,,,,,,,,,,,,,,,,,,,,,,,,,,,,,,,,,,,,,,,,,,,,,,,,,,,,,,,,,,,,,,,,,,,,,,,,,,,,,,,,,,,,,,,,,,,,,,,,,,,,,,,,,,,,,,,,,,,,,,,,,,,,,,,,,,,,,,,,,,,,,,,,,,,,,,,,,,,,,,,,,
,,,,,,,Tools,Hand Tools,Layout & Measuring,,MLSQ1120,MLSQ1120 Milw 300mm Rafter - Square (Metric),-- Unbranded --,-- No Unilog Brand --,-- No DIB Brand --,Milwaukee Accessory (4031),Milwaukee Tool,Milwaukee®,,MLSQ1120,,Tools & Equipment>Hand Tools>Layout & Measuring Tools,"Milwaukee Tool Milwaukee, Square, MLSQ1120",SQUARE MLSQ1120,Milwaukee® MLSQ1120 Square,Milwaukee® Square,Square,,,,,,,,,,,,,,,,,,,,,,,,,,,Square,Size,,,,,,,,,,,,,,,,,,,,,,,,,,,,,,,,,,,,,,,,,,,,,,,,,,,,,,,,,,,,,,,,,,,,,,,,,,,,,,,,,,,,,,,,,,,,,,,,,,,,,,,,,,,,,,,,,,,,,,,,,,,,,,,,,,,,,,,,,,,,,,,,,,,,,,,,,41111700,,,,,,,,,,,,,,,,,,,,,,,,,,,,,,,,,,,,,,,,,,,
,,,,,,,Tools,Power Tools,Drills,,55227,"55227 Amana Countersink/Stop 1/8"" Drill TB",-- Unbranded --,-- No Unilog Brand --,-- No DIB Brand --,Amana Tool Corp (AMATO),Whirlpool Corporation,Amana®,,55227,,Tools & Equipment>Power Tools>Drills,"Whirlpool Corporation Amana, Drill, Countersink Stop TB, 55227",DRILL 1/8IN 55227,"Amana® Countersink Stop TB 55227 Drill, 1/8 in","Amana® Drill, Countersink Stop TB, 1/8 in","Countersink Stop TB Drill, 1/8 in",,,,,,,,,,,,,,,,,,,,,,,,,,,Drill,Voltage Rating,,,Size,1/8,in,Battery Included,,,Series,Countersink Stop TB,,,,,,,,,,,,,,,,,,,,,,,,,,,,,,,,,,,,,,,,,,,,,,,,,,,,,,,,,,,,,,,,,,,,,,,,,,,,,,,,,,,,,,,,,,,,,,,,,,,,,,,,,,,,,,,,,,,,,,,,,,,,,,,,,,,,,,,,,,,,,,,27112000,,,,,,,,,,,,,,,,,,,,,,,,,,,,,,,,,,,,,,,,,,,
,,,,,,,,,,,37300952,"095842 Fisch Plug Cutter 3/8""",-- Unbranded --,-- No Unilog Brand --,-- No DIB Brand --,-,,,,37300952,,,"Plug Cutter, 37300952, 3/8 in",PLUG CUTTER 3/8IN,"37300952 Plug Cutter, 3/8 in","Plug Cutter, 3/8 in","Plug Cutter, 3/8 in",,,,,,,,,,,,,,,,,,,,,,,,,,,Plug Cutter,Wattage,,,Color Temperature,,,Bulb Shape,,,Base Type,,,Pack Quantity,,,Size,3/8,in,,,,,,,,,,,,,,,,,,,,,,,,,,,,,,,,,,,,,,,,,,,,,,,,,,,,,,,,,,,,,,,,,,,,,,,,,,,,,,,,,,,,,,,,,,,,,,,,,,,,,,,,,,,,,,,,,,,,,,,,,,,,,,,,,,,,,,,,,,,,,,,,,,,,,,,,,,,,,,,,,,,,,,,,,,,,,,,,,,,
,,,,,,,Tools,Power Tool Accessories,Router Bits,,6008,6008 Whiteside Router Bit,-- Unbranded --,-- No Unilog Brand --,-- No DIB Brand --,Whiteside Machine & Repair Co (WHIMA),Whiteside Machine Company,Whiteside®,,6008,,Tools & Equipment>Power Tool Accessories>Router Bits,"Whiteside Machine Company Whiteside, Router Bit, 6008",ROUTER BIT 6008,Whiteside® 6008 Router Bit,Whiteside® Router Bit,Router Bit,,,,,,,,,,,,,,,,,,,,,,,,,,,Router Bit,,,,,,,,,,,,,,,,,,,,,,,,,,,,,,,,,,,,,,,,,,,,,,,,,,,,,,,,,,,,,,,,,,,,,,,,,,,,,,,,,,,,,,,,,,,,,,,,,,,,,,,,,,,,,,,,,,,,,,,,,,,,,,,,,,,,,,,,,,,,,,,,,,,,,,,,,,27112800,,,,,,,,,,,,,,,,,,,,,,,,,,,,,,,,,,,,,,,,,,,
,,,,,,,Tools,Power Tool Accessories,Router Bits,,6009,6009 Whiteside Router Bit,-- Unbranded --,-- No Unilog Brand --,-- No DIB Brand --,Whiteside Machine & Repair Co (WHIMA),Whiteside Machine Company,Whiteside®,,6009,,Tools & Equipment>Power Tool Accessories>Router Bits,"Whiteside Machine Company Whiteside, Router Bit, 6009",ROUTER BIT 6009,Whiteside® 6009 Router Bit,Whiteside® Router Bit,Router Bit,,,,,,,,,,,,,,,,,,,,,,,,,,,Router Bit,,,,,,,,,,,,,,,,,,,,,,,,,,,,,,,,,,,,,,,,,,,,,,,,,,,,,,,,,,,,,,,,,,,,,,,,,,,,,,,,,,,,,,,,,,,,,,,,,,,,,,,,,,,,,,,,,,,,,,,,,,,,,,,,,,,,,,,,,,,,,,,,,,,,,,,,,,27112800,,,,,,,,,,,,,,,,,,,,,,,,,,,,,,,,,,,,,,,,,,,
,,,,,,,Tools,Power Tool Accessories,Router Bits,,3000A,3000A Whiteside Router Bit,-- Unbranded --,-- No Unilog Brand --,-- No DIB Brand --,Whiteside Machine & Repair Co (WHIMA),Whiteside Machine Company,Whiteside®,,3000A,,Tools & Equipment>Power Tool Accessories>Router Bits,"Whiteside Machine Company Whiteside, Router Bit, 3000A",ROUTER BIT 3000A,Whiteside® 3000A Router Bit,Whiteside® Router Bit,Router Bit,,,,,,,,,,,,,,,,,,,,,,,,,,,Router Bit,,,,,,,,,,,,,,,,,,,,,,,,,,,,,,,,,,,,,,,,,,,,,,,,,,,,,,,,,,,,,,,,,,,,,,,,,,,,,,,,,,,,,,,,,,,,,,,,,,,,,,,,,,,,,,,,,,,,,,,,,,,,,,,,,,,,,,,,,,,,,,,,,,,,,,,,,,27112800,,,,,,,,,,,,,,,,,,,,,,,,,,,,,,,,,,,,,,,,,,,
,,,,,,,Tools,Power Tools,Sanders,,MID6630201US,MID6630201US Deos663XCV Sander,-- Unbranded --,-- No Unilog Brand --,-- No DIB Brand --,Mirka Abrasives Inc (MIRUS),Mirka Ltd.,Mirka®,,MID6630201US,,Tools & Equipment>Power Tools>Sanders,"Mirka Ltd. Mirka, Sander, MID6630201US",SANDER MID6630201US,Mirka® MID6630201US Sander,Mirka® Sander,Sander,,,,,,,,,,,,,,,,,,,,,,,,,,,Sander,Battery Platform,,,Voltage Rating,,,Size,,,,,,,,,,,,,,,,,,,,,,,,,,,,,,,,,,,,,,,,,,,,,,,,,,,,,,,,,,,,,,,,,,,,,,,,,,,,,,,,,,,,,,,,,,,,,,,,,,,,,,,,,,,,,,,,,,,,,,,,,,,,,,,,,,,,,,,,,,,,,,,,,,,27112000,,,,,,,,,,,,,,,,,,,,,,,,,,,,,,,,,,,,,,,,,,,
,,,,,,,,,,,DCF6202,DCF6202 Dewalt Collated Attach,-- Unbranded --,-- No Unilog Brand --,DEWALT,Black & Decker/dewlt (2585),Stanley Black & Decker,DEWALT®,,DCF6202,,,"Stanley Black & Decker DEWALT, Collated Attach, DCF6202",COLLATED ATTACH,DEWALT® DCF6202 Collated Attach,DEWALT® Collated Attach,Collated Attach,,,,,,,,,,,,,,,,,,,,,,,,,,,Collated Attach,Wattage,,,Color Temperature,,,Bulb Shape,,,Base Type,,,Pack Quantity,,,,,,,,,,,,,,,,,,,,,,,,,,,,,,,,,,,,,,,,,,,,,,,,,,,,,,,,,,,,,,,,,,,,,,,,,,,,,,,,,,,,,,,,,,,,,,,,,,,,,,,,,,,,,,,,,,,,,,,,,,,,,,,,,,,,,,,,,,,,,,,,,,,,,,,,,,,,,,,,,,,,,,,,,,,,,,,,,,,,,,,,
,,,,,,,Building Materials,Structural Panels,Sheathing,,25468,25468 Mason Line Brd Green - 500',-- Unbranded --,-- No Unilog Brand --,-- No DIB Brand --,U S Tape Company (6694),Milwaukee Tool,Milwaukee®,,25468,,Building Materials>Structural Panels>Sheathing,"Milwaukee Tool Milwaukee, Mason Line, Brd Green, 25468, 500 ft",MASON LINE 500FT,"Milwaukee® Brd Green 25468 Mason Line, 500 ft","Milwaukee® Mason Line, Brd Green, 500 ft","Brd Green Mason Line, 500 ft",,,,,,,,,,,,,,,,,,,,,,,,,,,Mason Line,Size,,,Size,500,ft,Series,Brd Green,,,,,,,,,,,,,,,,,,,,,,,,,,,,,,,,,,,,,,,,,,,,,,,,,,,,,,,,,,,,,,,,,,,,,,,,,,,,,,,,,,,,,,,,,,,,,,,,,,,,,,,,,,,,,,,,,,,,,,,,,,,,,,,,,,,,,,,,,,,,,,,,,,30161700,,,,,,,,,,,,,,,,,,,,,,,,,,,,,,,,,,,,,,,,,,,
,,,,,,,Building Materials,Structural Panels,Sheathing,,25762,25762 Mason Line Brd Pink - 1000',-- Unbranded --,-- No Unilog Brand --,-- No DIB Brand --,U S Tape Company (6694),Milwaukee Tool,Milwaukee®,,25762,,Building Materials>Structural Panels>Sheathing,"Milwaukee Tool Milwaukee, Pink, Mason Line Brd, 25762, 1000 ft",PINK 1000FT 25762,"Milwaukee® Mason Line Brd 25762 Pink, 1000 ft","Milwaukee® Pink, Mason Line Brd, 1000 ft","Mason Line Brd Pink, 1000 ft",,,,,,,,,,,,,,,,,,,,,,,,,,,Pink,Size,,,Size,1000,ft,Series,Mason Line Brd,,,,,,,,,,,,,,,,,,,,,,,,,,,,,,,,,,,,,,,,,,,,,,,,,,,,,,,,,,,,,,,,,,,,,,,,,,,,,,,,,,,,,,,,,,,,,,,,,,,,,,,,,,,,,,,,,,,,,,,,,,,,,,,,,,,,,,,,,,,,,,,,,,30161700,,,,,,,,,,,,,,,,,,,,,,,,,,,,,,,,,,,,,,,,,,,
,,,,,,,Tools,Hand Tools,Files,,21839NN,"21839NN File Bstd Mill 10""",-- Unbranded --,-- No Unilog Brand --,Nicholson,-,Nicholson,Nicholson,,21839NN,,Tools & Equipment>Hand Tools>Files & Rasps,"Nicholson Nicholson, File, Bstd Mill, 21839NN, 10 in",FILE 10IN 21839NN,"Nicholson Bstd Mill 21839NN File, 10 in","Nicholson File, Bstd Mill, 10 in","Bstd Mill File, 10 in",,,,,,,,,,,,,,,,,,,,,,,,,,,File,Series,Bstd Mill,,Size,10,in,,,,,,,,,,,,,,,,,,,,,,,,,,,,,,,,,,,,,,,,,,,,,,,,,,,,,,,,,,,,,,,,,,,,,,,,,,,,,,,,,,,,,,,,,,,,,,,,,,,,,,,,,,,,,,,,,,,,,,,,,,,,,,,,,,,,,,,,,,,,,,,,,,,,27111900,,,,,,,,,,,,,,,,,,,,,,,,,,,,,,,,,,,,,,,,,,,
,,,,,,,Tools,Power Tool Accessories,Saw Blades,,VN56920,"VN56920 10 1/2"" Saw Blade",-- Unbranded --,-- No Unilog Brand --,-- No DIB Brand --,Marshalltown Trowel (5155),Marshalltown Company,Marshalltown®,,VN56920,,Tools & Equipment>Power Tool Accessories>Saw Blades,"Marshalltown Company Marshalltown, Saw Blade, VN56920, 1/2 in",SAW BLADE 1/2IN,"Marshalltown® VN56920 Saw Blade, 1/2 in","Marshalltown® Saw Blade, 1/2 in","Saw Blade, 1/2 in",,,,,,,,,,,,,,,,,,,,,,,,,,,Saw Blade,Size,1/2,in,Application,,,,,,,,,,,,,,,,,,,,,,,,,,,,,,,,,,,,,,,,,,,,,,,,,,,,,,,,,,,,,,,,,,,,,,,,,,,,,,,,,,,,,,,,,,,,,,,,,,,,,,,,,,,,,,,,,,,,,,,,,,,,,,,,,,,,,,,,,,,,,,,,,,,,,,27112700,,,,,,,,,,,,,,,,,,,,,,,,,,,,,,,,,,,,,,,,,,,
,,,,,,,,,,,133164,133164 950/9 Hex Plus Spks - Multicolor,-- Unbranded --,-- No Unilog Brand --,-- No DIB Brand --,Wera Tools NA Inc (WERTO),Wera Werk Hermann Werner GmbH,Wera®,,133164,,,"Wera Werk Hermann Werner GmbH Wera, Hex, Plus Spks, 133164",HEX 133164,Wera® Plus Spks 133164 Hex,"Wera® Hex, Plus Spks",Plus Spks Hex,,,,,,,,,,,,,,,,,,,,,,,,,,,Hex,Wattage,,,Color Temperature,,,Bulb Shape,,,Base Type,,,Pack Quantity,,,Series,Plus Spks,,,,,,,,,,,,,,,,,,,,,,,,,,,,,,,,,,,,,,,,,,,,,,,,,,,,,,,,,,,,,,,,,,,,,,,,,,,,,,,,,,,,,,,,,,,,,,,,,,,,,,,,,,,,,,,,,,,,,,,,,,,,,,,,,,,,,,,,,,,,,,,,,,,,,,,,,,,,,,,,,,,,,,,,,,,,,,,,,,,,
,,,,,,,Tools,Hand Tools,Knives,,DWHT10993,DWHT10993 Folding Knife,-- Unbranded --,-- No Unilog Brand --,DEWALT,Black & Decker/dewlt (2585),Stanley Black & Decker,DEWALT®,,DWHT10993,,Tools & Equipment>Hand Tools>Knives,"Stanley Black & Decker DEWALT, Folding Knife, DWHT10993",FOLDING KNIFE,DEWALT® DWHT10993 Folding Knife,DEWALT® Folding Knife,Folding Knife,,,,,,,,,,,,,,,,,,,,,,,,,,,Folding Knife,,,,,,,,,,,,,,,,,,,,,,,,,,,,,,,,,,,,,,,,,,,,,,,,,,,,,,,,,,,,,,,,,,,,,,,,,,,,,,,,,,,,,,,,,,,,,,,,,,,,,,,,,,,,,,,,,,,,,,,,,,,,,,,,,,,,,,,,,,,,,,,,,,,,,,,,,,27111900,,,,,,,,,,,,,,,,,,,,,,,,,,,,,,,,,,,,,,,,,,,
,,,,,,,Tools,Hand Tools,Knives,,DWHT10994,DWHT10994 Folding Knife,-- Unbranded --,-- No Unilog Brand --,DEWALT,Black & Decker/dewlt (2585),Stanley Black & Decker,DEWALT®,,DWHT10994,,Tools & Equipment>Hand Tools>Knives,"Stanley Black & Decker DEWALT, Folding Knife, DWHT10994",FOLDING KNIFE,DEWALT® DWHT10994 Folding Knife,DEWALT® Folding Knife,Folding Knife,,,,,,,,,,,,,,,,,,,,,,,,,,,Folding Knife,,,,,,,,,,,,,,,,,,,,,,,,,,,,,,,,,,,,,,,,,,,,,,,,,,,,,,,,,,,,,,,,,,,,,,,,,,,,,,,,,,,,,,,,,,,,,,,,,,,,,,,,,,,,,,,,,,,,,,,,,,,,,,,,,,,,,,,,,,,,,,,,,,,,,,,,,,27111900,,,,,,,,,,,,,,,,,,,,,,,,,,,,,,,,,,,,,,,,,,,
,,,,,,,Tools,Power Tool Accessories,Driver Bits,,QB22RU,QB22RU Vessel Carrying Bit Holder (Red),-- Unbranded --,-- No Unilog Brand --,-- No DIB Brand --,Vessel Tools USA Inc (VESTO),"Vessel Co., Inc.",Vessel®,,QB22RU,,Tools & Equipment>Power Tool Accessories>Driver Bits,"Vessel Co., Inc. Vessel, Bit, Carrying Holder, QB22RU",BIT QB22RU,Vessel® Carrying Holder QB22RU Bit,"Vessel® Bit, Carrying Holder",Carrying Holder Bit,,,,,,,,,,,,,,,,,,,,,,,,,,,Bit,Size,,,Series,Carrying Holder,,,,,,,,,,,,,,,,,,,,,,,,,,,,,,,,,,,,,,,,,,,,,,,,,,,,,,,,,,,,,,,,,,,,,,,,,,,,,,,,,,,,,,,,,,,,,,,,,,,,,,,,,,,,,,,,,,,,,,,,,,,,,,,,,,,,,,,,,,,,,,,,,,,,,27112800,,,,,,,,,,,,,,,,,,,,,,,,,,,,,,,,,,,,,,,,,,,
,,,,,,,Tools,Power Tool Accessories,Driver Bits,,QB22KU,QB22KU Vessel Carrying Bit Holder (Black),-- Unbranded --,-- No Unilog Brand --,-- No DIB Brand --,Vessel Tools USA Inc (VESTO),"Vessel Co., Inc.",Vessel®,,QB22KU,,Tools & Equipment>Power Tool Accessories>Driver Bits,"Vessel Co., Inc. Vessel, Bit, Carrying Holder, QB22KU, Black",BIT BK QB22KU,"Vessel® Carrying Holder QB22KU Bit, Black","Vessel® Bit, Carrying Holder, Black","Carrying Holder Bit, Black",,,,,,,,,,,,,,,,,,,,,,,,,,,Bit,Size,,,Series,Carrying Holder,,Color,Black,,,,,,,,,,,,,,,,,,,,,,,,,,,,,,,,,,,,,,,,,,,,,,,,,,,,,,,,,,,,,,,,,,,,,,,,,,,,,,,,,,,,,,,,,,,,,,,,,,,,,,,,,,,,,,,,,,,,,,,,,,,,,,,,,,,,,,,,,,,,,,,,,,27112800,,,,,,,,,,,,,,,,,,,,,,,,,,,,,,,,,,,,,,,,,,,
,,,,,,,,,,,AVM6EV,AVM6 EV Mini Snip Red,-- Unbranded --,-- No Unilog Brand --,-- No DIB Brand --,Malco Prod (2370),"Malco Products, SBC",Malco®,,AVM6EV,,,"Malco Products, SBC Malco, Snip Red, EV Mini, AVM6EV",SNIP RED AVM6EV,Malco® EV Mini AVM6EV Snip Red,"Malco® Snip Red, EV Mini",EV Mini Snip Red,,,,,,,,,,,,,,,,,,,,,,,,,,,Snip Red,Wattage,,,Color Temperature,,,Bulb Shape,,,Base Type,,,Pack Quantity,,,Series,EV Mini,,,,,,,,,,,,,,,,,,,,,,,,,,,,,,,,,,,,,,,,,,,,,,,,,,,,,,,,,,,,,,,,,,,,,,,,,,,,,,,,,,,,,,,,,,,,,,,,,,,,,,,,,,,,,,,,,,,,,,,,,,,,,,,,,,,,,,,,,,,,,,,,,,,,,,,,,,,,,,,,,,,,,,,,,,,,,,,,,,,,
,,,,,,,,,,,AVM6EV,AVM7 EV Mini Snip Green,-- Unbranded --,-- No Unilog Brand --,-- No DIB Brand --,Malco Prod (2370),"Malco Products, SBC",Malco®,,AVM6EV,,,"Malco Products, SBC Malco, Mini Snip, EV Green, AVM6EV",MINI SNIP AVM6EV,Malco® EV Green AVM6EV Mini Snip,"Malco® Mini Snip, EV Green",EV Green Mini Snip,,,,,,,,,,,,,,,,,,,,,,,,,,,Mini Snip,Wattage,,,Color Temperature,,,Bulb Shape,,,Base Type,,,Pack Quantity,,,Series,EV Green,,,,,,,,,,,,,,,,,,,,,,,,,,,,,,,,,,,,,,,,,,,,,,,,,,,,,,,,,,,,,,,,,,,,,,,,,,,,,,,,,,,,,,,,,,,,,,,,,,,,,,,,,,,,,,,,,,,,,,,,,,,,,,,,,,,,,,,,,,,,,,,,,,,,,,,,,,,,,,,,,,,,,,,,,,,,,,,,,,,,
,,,,,,,Tools,Hand Tools,Layout & Measuring,,DSA0250B,"DSA0250B 1/4"" Square x1/4"" Hex - Socket Adapter",-- Unbranded --,-- No Unilog Brand --,Diablo,Freud Inc (2435),"Freud America, Inc.",Diablo®,,DSA0250B,,Tools & Equipment>Hand Tools>Layout & Measuring Tools,"Freud America, Inc. Diablo, Square, Socket Adapter, DSA0250B",SQUARE 1/4IN DSA0250B,"Diablo® Socket Adapter DSA0250B Square, 1/4 in","Diablo® Square, Socket Adapter, 1/4 in","Socket Adapter Square, 1/4 in",,,,,,,,,,,,,,,,,,,,,,,,,,,Square,Size,1/4,in,Series,Socket Adapter,,,,,,,,,,,,,,,,,,,,,,,,,,,,,,,,,,,,,,,,,,,,,,,,,,,,,,,,,,,,,,,,,,,,,,,,,,,,,,,,,,,,,,,,,,,,,,,,,,,,,,,,,,,,,,,,,,,,,,,,,,,,,,,,,,,,,,,,,,,,,,,,,,,,,41111700,,,,,,,,,,,,,,,,,,,,,,,,,,,,,,,,,,,,,,,,,,,
,,,,,,,Tools,Hand Tools,Layout & Measuring,,DSA0375B,"DSA0375B 3/8"" Square x1/4"" Hex - Socket Adapter",-- Unbranded --,-- No Unilog Brand --,Diablo,Freud Inc (2435),"Freud America, Inc.",Diablo®,,DSA0375B,,Tools & Equipment>Hand Tools>Layout & Measuring Tools,"Freud America, Inc. Diablo, Square, Socket Adapter, DSA0375B",SQUARE 3/8IN DSA0375B,"Diablo® Socket Adapter DSA0375B Square, 3/8 in","Diablo® Square, Socket Adapter, 3/8 in","Socket Adapter Square, 3/8 in",,,,,,,,,,,,,,,,,,,,,,,,,,,Square,Size,3/8,in,Series,Socket Adapter,,,,,,,,,,,,,,,,,,,,,,,,,,,,,,,,,,,,,,,,,,,,,,,,,,,,,,,,,,,,,,,,,,,,,,,,,,,,,,,,,,,,,,,,,,,,,,,,,,,,,,,,,,,,,,,,,,,,,,,,,,,,,,,,,,,,,,,,,,,,,,,,,,,,,41111700,,,,,,,,,,,,,,,,,,,,,,,,,,,,,,,,,,,,,,,,,,,
,,,,,,,Tools,Hand Tools,Layout & Measuring,,DSA0500B,"DSA0500B 1/2"" Square x1/4"" Hex - Socket Adapter",-- Unbranded --,-- No Unilog Brand --,Diablo,Freud Inc (2435),"Freud America, Inc.",Diablo®,,DSA0500B,,Tools & Equipment>Hand Tools>Layout & Measuring Tools,"Freud America, Inc. Diablo, Square, Socket Adapter, DSA0500B",SQUARE 1/2IN DSA0500B,"Diablo® Socket Adapter DSA0500B Square, 1/2 in","Diablo® Square, Socket Adapter, 1/2 in","Socket Adapter Square, 1/2 in",,,,,,,,,,,,,,,,,,,,,,,,,,,Square,Size,1/2,in,Series,Socket Adapter,,,,,,,,,,,,,,,,,,,,,,,,,,,,,,,,,,,,,,,,,,,,,,,,,,,,,,,,,,,,,,,,,,,,,,,,,,,,,,,,,,,,,,,,,,,,,,,,,,,,,,,,,,,,,,,,,,,,,,,,,,,,,,,,,,,,,,,,,,,,,,,,,,,,,41111700,,,,,,,,,,,,,,,,,,,,,,,,,,,,,,,,,,,,,,,,,,,
,,,,,,,,,,,42-04-9107,"42-04-9107 Milw 3/8"" Drive Universal Joint",-- Unbranded --,-- No Unilog Brand --,-- No DIB Brand --,Milwaukee Accessory (4031),Milwaukee Tool,Milwaukee®,,42-04-9107,,,"Milwaukee Tool Milwaukee, Universal Joint, Drive, 42-04-9107",UNIVERSAL JOINT 3/8IN,"Milwaukee® Drive 42-04-9107 Universal Joint, 3/8 in","Milwaukee® Universal Joint, Drive, 3/8 in","Drive Universal Joint, 3/8 in",,,,,,,,,,,,,,,,,,,,,,,,,,,Universal Joint,Wattage,,,Color Temperature,,,Bulb Shape,,,Base Type,,,Pack Quantity,,,Series,Drive,,Size,3/8,in,,,,,,,,,,,,,,,,,,,,,,,,,,,,,,,,,,,,,,,,,,,,,,,,,,,,,,,,,,,,,,,,,,,,,,,,,,,,,,,,,,,,,,,,,,,,,,,,,,,,,,,,,,,,,,,,,,,,,,,,,,,,,,,,,,,,,,,,,,,,,,,,,,,,,,,,,,,,,,,,,,,,,,,,,,,,,,,,
,,,,,,,Tools,Hand Tools,Ratchets,,48-22-9491,48-22-9491 Milw 242pc Ratchet & Socket Set 4-Drawer Tool Box,-- Unbranded --,-- No Unilog Brand --,-- No DIB Brand --,Milwaukee Accessory (4031),Milwaukee Tool,Milwaukee®,,48-22-9491,,Tools & Equipment>Hand Tools>Ratchets,"Milwaukee Tool Milwaukee, Ratchet, Drawer Tool, 48-22-9491, 242",RATCHET 242 SET,"Milwaukee® Drawer Tool 48-22-9491 Ratchet, 242, Set","Milwaukee® Ratchet, Drawer Tool, 242, Set","Drawer Tool Ratchet, 242, Set",,,,,,,,,,,,,,,,,,,,,,,,,,,Ratchet,Battery Platform,,,Voltage Rating,,,Size,,,Pack Quantity,242,,Battery Included,,,Configuration,Set,,Series,Drawer Tool,,,,,,,,,,,,,,,,,,,,,,,,,,,,,,,,,,,,,,,,,,,,,,,,,,,,,,,,,,,,,,,,,,,,,,,,,,,,,,,,,,,,,,,,,,,,,,,,,,,,,,,,,,,,,,,,,,,,,,,,,,,,,,,,,,,,,,27111700,,,,,,,,,,,,,,,,,,,,,,,,,,,,,,,,,,,,,,,,,,,
,,,,,,,Tools,Hand Tools,Wrenches & Sockets,,DWMT45422,"DWMT45422 Dewalt 1/4"" Drive - 50pc Mechanics Set",-- Unbranded --,-- No Unilog Brand --,-- No DIB Brand --,Black & Decker/dewlt (2585),Stanley Black & Decker,DEWALT®,,DWMT45422,,Tools & Equipment>Hand Tools>Wrenches & Sockets,"Stanley Black & Decker DEWALT, Drive Mechanics, DWMT45422, 1/4 in",DRIVE MECHANICS 1/4IN 50 SET,"DEWALT® DWMT45422 Drive Mechanics, 1/4 in, 50, Set","DEWALT® Drive Mechanics, 1/4 in, 50, Set","Drive Mechanics, 1/4 in, 50, Set",,,,,,,,,,,,,,,,,,,,,,,,,,,Drive Mechanics,Size,1/4,in,Pack Quantity,50,,Configuration,Set,,,,,,,,,,,,,,,,,,,,,,,,,,,,,,,,,,,,,,,,,,,,,,,,,,,,,,,,,,,,,,,,,,,,,,,,,,,,,,,,,,,,,,,,,,,,,,,,,,,,,,,,,,,,,,,,,,,,,,,,,,,,,,,,,,,,,,,,,,,,,,,,,,27111700,,,,,,,,,,,,,,,,,,,,,,,,,,,,,,,,,,,,,,,,,,,
,,,,,,,Tools,Hand Tools,Wrenches & Sockets,,DWMT45424,"DWMT45424 Dewalt 3/8"" Drive - 84pc Mechanics Set",-- Unbranded --,-- No Unilog Brand --,-- No DIB Brand --,Black & Decker/dewlt (2585),Stanley Black & Decker,DEWALT®,,DWMT45424,,Tools & Equipment>Hand Tools>Wrenches & Sockets,"Stanley Black & Decker DEWALT, Drive Mechanics, DWMT45424, 3/8 in",DRIVE MECHANICS 3/8IN 84 SET,"DEWALT® DWMT45424 Drive Mechanics, 3/8 in, 84, Set","DEWALT® Drive Mechanics, 3/8 in, 84, Set","Drive Mechanics, 3/8 in, 84, Set",,,,,,,,,,,,,,,,,,,,,,,,,,,Drive Mechanics,Size,3/8,in,Pack Quantity,84,,Configuration,Set,,,,,,,,,,,,,,,,,,,,,,,,,,,,,,,,,,,,,,,,,,,,,,,,,,,,,,,,,,,,,,,,,,,,,,,,,,,,,,,,,,,,,,,,,,,,,,,,,,,,,,,,,,,,,,,,,,,,,,,,,,,,,,,,,,,,,,,,,,,,,,,,,,27111700,,,,,,,,,,,,,,,,,,,,,,,,,,,,,,,,,,,,,,,,,,,
,,,,,,,Tools,Hand Tools,Wrenches & Sockets,,48-22-9483,48-22-9483 Milw Packout 15pc - Metric Wrench Set,-- Unbranded --,-- No Unilog Brand --,-- No DIB Brand --,Milwaukee Accessory (4031),Milwaukee Tool,Milwaukee®,,48-22-9483,,Tools & Equipment>Hand Tools>Wrenches & Sockets,"Milwaukee Tool Milwaukee, Wrench, Packout, 48-22-9483, 15, Set",WRENCH 15 SET,"Milwaukee® Packout 48-22-9483 Wrench, 15, Set","Milwaukee® Wrench, Packout, 15, Set","Packout Wrench, 15, Set",,,,,,,,,,,,,,,,,,,,,,,,,,,Wrench,Size,,,Pack Quantity,15,,Configuration,Set,,Series,Packout,,,,,,,,,,,,,,,,,,,,,,,,,,,,,,,,,,,,,,,,,,,,,,,,,,,,,,,,,,,,,,,,,,,,,,,,,,,,,,,,,,,,,,,,,,,,,,,,,,,,,,,,,,,,,,,,,,,,,,,,,,,,,,,,,,,,,,,,,,,,,,,27111700,,,,,,,,,,,,,,,,,,,,,,,,,,,,,,,,,,,,,,,,,,,
,,,,,,,Tools,Hand Tools,Wrenches & Sockets,,48-22-9484,48-22-9484 Milw Packout 15pc - SAE Wrench Set,-- Unbranded --,-- No Unilog Brand --,-- No DIB Brand --,Milwaukee Accessory (4031),Milwaukee Tool,Milwaukee®,,48-22-9484,,Tools & Equipment>Hand Tools>Wrenches & Sockets,"Milwaukee Tool Milwaukee, Wrench, Packout, 48-22-9484, 15, Set",WRENCH 15 SET,"Milwaukee® Packout 48-22-9484 Wrench, 15, Set","Milwaukee® Wrench, Packout, 15, Set","Packout Wrench, 15, Set",,,,,,,,,,,,,,,,,,,,,,,,,,,Wrench,Size,,,Pack Quantity,15,,Configuration,Set,,Series,Packout,,,,,,,,,,,,,,,,,,,,,,,,,,,,,,,,,,,,,,,,,,,,,,,,,,,,,,,,,,,,,,,,,,,,,,,,,,,,,,,,,,,,,,,,,,,,,,,,,,,,,,,,,,,,,,,,,,,,,,,,,,,,,,,,,,,,,,,,,,,,,,,27111700,,,,,,,,,,,,,,,,,,,,,,,,,,,,,,,,,,,,,,,,,,,
,,,,,,,Tools,Hand Tools,Wrenches & Sockets,,48-22-9485,48-22-9485 Milw Packout 30pc - Metric & SAE Wrench Set,-- Unbranded --,-- No Unilog Brand --,-- No DIB Brand --,Milwaukee Accessory (4031),Milwaukee Tool,Milwaukee®,,48-22-9485,,Tools & Equipment>Hand Tools>Wrenches & Sockets,"Milwaukee Tool Milwaukee, Wrench, Packout, 48-22-9485, 30, Set",WRENCH 30 SET,"Milwaukee® Packout 48-22-9485 Wrench, 30, Set","Milwaukee® Wrench, Packout, 30, Set","Packout Wrench, 30, Set",,,,,,,,,,,,,,,,,,,,,,,,,,,Wrench,Size,,,Pack Quantity,30,,Configuration,Set,,Series,Packout,,,,,,,,,,,,,,,,,,,,,,,,,,,,,,,,,,,,,,,,,,,,,,,,,,,,,,,,,,,,,,,,,,,,,,,,,,,,,,,,,,,,,,,,,,,,,,,,,,,,,,,,,,,,,,,,,,,,,,,,,,,,,,,,,,,,,,,,,,,,,,,27111700,,,,,,,,,,,,,,,,,,,,,,,,,,,,,,,,,,,,,,,,,,,
,,,,,,,Tools,Hand Tools,Pliers & Cutters,,48-44-2770,48-44-2770 Milw Pole Pruning - Shears Replacement Blade,-- Unbranded --,-- No Unilog Brand --,-- No DIB Brand --,Milwaukee Accessory (4031),Milwaukee Tool,Milwaukee®,,48-44-2770,,Tools & Equipment>Hand Tools>Pliers & Cutters,"Milwaukee Tool Milwaukee, Shears, Replacement Blade, 48-44-2770",SHEARS 48-44-2770,Milwaukee® Replacement Blade 48-44-2770 Shears,"Milwaukee® Shears, Replacement Blade",Replacement Blade Shears,,,,,,,,,,,,,,,,,,,,,,,,,,,Shears,Series,Replacement Blade,,,,,,,,,,,,,,,,,,,,,,,,,,,,,,,,,,,,,,,,,,,,,,,,,,,,,,,,,,,,,,,,,,,,,,,,,,,,,,,,,,,,,,,,,,,,,,,,,,,,,,,,,,,,,,,,,,,,,,,,,,,,,,,,,,,,,,,,,,,,,,,,,,,,,,,,27111600,,,,,,,,,,,,,,,,,,,,,,,,,,,,,,,,,,,,,,,,,,,
,,,,,,,,,,,IWHT48441RC,IWHT48441RC Irwin 100ft - Red Chalk & Reel Set,-- Unbranded --,-- No Unilog Brand --,Irwin,Irwin Industrial Tools (5863),Irwin Industrial Tools,Irwin®,,IWHT48441RC,,,"Irwin Industrial Tools Irwin, Chalk Reel, IWHT48441RC, 100 ft",CHALK REEL 100FT SET,"Irwin® IWHT48441RC Chalk Reel, 100 ft, Set","Irwin® Chalk Reel, 100 ft, Set","Chalk Reel, 100 ft, Set",,,,,,,,,,,,,,,,,,,,,,,,,,,Chalk Reel,Wattage,,,Color Temperature,,,Bulb Shape,,,Base Type,,,Pack Quantity,,,Size,100,ft,Configuration,Set,,,,,,,,,,,,,,,,,,,,,,,,,,,,,,,,,,,,,,,,,,,,,,,,,,,,,,,,,,,,,,,,,,,,,,,,,,,,,,,,,,,,,,,,,,,,,,,,,,,,,,,,,,,,,,,,,,,,,,,,,,,,,,,,,,,,,,,,,,,,,,,,,,,,,,,,,,,,,,,,,,,,,,,,,,,,,,,,,
,,,,,,,Outdoor,Lawn & Garden,String Trimmers,,XRU23SM1,"XRU23SM1 Makita 18V 13"" - String Trimmer Kit",-- Unbranded --,-- No Unilog Brand --,-- No DIB Brand --,Makita Usa Inc (5142),"Makita U.S.A., Inc.",Makita®,,XRU23SM1,,Lawn & Garden>Outdoor Power Equipment>String Trimmers,"Makita U.S.A., Inc. Makita, String Trimmer, XRU23SM1, 13 in, 18 V",STRING TRIMMER 18V 13IN 18V KIT,"Makita® XRU23SM1 String Trimmer, 18V, 18 V, 13 in, Kit","Makita® String Trimmer, 18V, 18 V, 13 in, Kit","String Trimmer, 18V, 18 V, 13 in, Kit",,,,,,,,,,,,,,,,,,,,,,,,,,,String Trimmer,Battery Platform,18V,,Voltage Rating,18,V,Size,13,in,Configuration,Kit,,,,,,,,,,,,,,,,,,,,,,,,,,,,,,,,,,,,,,,,,,,,,,,,,,,,,,,,,,,,,,,,,,,,,,,,,,,,,,,,,,,,,,,,,,,,,,,,,,,,,,,,,,,,,,,,,,,,,,,,,,,,,,,,,,,,,,,,,,,,,,,21101800,,,,,,,,,,,,,,,,,,,,,,,,,,,,,,,,,,,,,,,,,,,
,,,,,,,Outdoor,Lawn & Garden,String Trimmers,,XRU15PT1,XRU15PT1 Makita String Trimmer,-- Unbranded --,-- No Unilog Brand --,-- No DIB Brand --,Makita Usa Inc (5142),"Makita U.S.A., Inc.",Makita®,,XRU15PT1,,Lawn & Garden>Outdoor Power Equipment>String Trimmers,"Makita U.S.A., Inc. Makita, String Trimmer, XRU15PT1",STRING TRIMMER,Makita® XRU15PT1 String Trimmer,Makita® String Trimmer,String Trimmer,,,,,,,,,,,,,,,,,,,,,,,,,,,String Trimmer,Battery Platform,,,Voltage Rating,,,Size,,,Configuration,,,,,,,,,,,,,,,,,,,,,,,,,,,,,,,,,,,,,,,,,,,,,,,,,,,,,,,,,,,,,,,,,,,,,,,,,,,,,,,,,,,,,,,,,,,,,,,,,,,,,,,,,,,,,,,,,,,,,,,,,,,,,,,,,,,,,,,,,,,,,,,,21101800,,,,,,,,,,,,,,,,,,,,,,,,,,,,,,,,,,,,,,,,,,,
,,,,,,,Outdoor,Lawn & Garden,String Trimmers,,XRU23Z,XRU23Z Makita 18V Trimmer Tool - Only,-- Unbranded --,-- No Unilog Brand --,-- No DIB Brand --,Makita Usa Inc (5142),"Makita U.S.A., Inc.",Makita®,,XRU23Z,,Lawn & Garden>Outdoor Power Equipment>String Trimmers,"Makita U.S.A., Inc. Makita, Trimmer, XRU23Z, 18 V, 18V",TRIMMER 18V 18V,"Makita® XRU23Z Trimmer, 18V, 18 V","Makita® Trimmer, 18V, 18 V","Trimmer, 18V, 18 V",,,,,,,,,,,,,,,,,,,,,,,,,,,Trimmer,Battery Platform,18V,,Voltage Rating,18,V,Size,,,Configuration,,,,,,,,,,,,,,,,,,,,,,,,,,,,,,,,,,,,,,,,,,,,,,,,,,,,,,,,,,,,,,,,,,,,,,,,,,,,,,,,,,,,,,,,,,,,,,,,,,,,,,,,,,,,,,,,,,,,,,,,,,,,,,,,,,,,,,,,,,,,,,,,21101800,,,,,,,,,,,,,,,,,,,,,,,,,,,,,,,,,,,,,,,,,,,
,,,,,,,Tools,Power Tools,Dust Extraction,,0887-20,0887-20 Milw M18 Brushless Precision Blower,-- Unbranded --,-- No Unilog Brand --,-- No DIB Brand --,Milwaukee Accessory (4031),Milwaukee Tool,Milwaukee®,,0887-20,,Tools & Equipment>Dust Management>Vacuums & Extractors,"Milwaukee Tool Milwaukee, Precision Blower, 0887-20, M18",PRECISION BLOWER M18,"Milwaukee® 0887-20 Precision Blower, M18","Milwaukee® Precision Blower, M18","Precision Blower, M18",,,,,,,,,,,,,,,,,,,,,,,,,,,Precision Blower,Battery Platform,M18,,Voltage Rating,,,Battery Included,,,,,,,,,,,,,,,,,,,,,,,,,,,,,,,,,,,,,,,,,,,,,,,,,,,,,,,,,,,,,,,,,,,,,,,,,,,,,,,,,,,,,,,,,,,,,,,,,,,,,,,,,,,,,,,,,,,,,,,,,,,,,,,,,,,,,,,,,,,,,,,,,,,47121701,,,,,,,,,,,,,,,,,,,,,,,,,,,,,,,,,,,,,,,,,,,
,,,,,,,Tools,Power Tools,Dust Extraction,,DCBL724B,DCBL724B Dewalt 20V Max XR Blower (Bare),-- Unbranded --,-- No Unilog Brand --,-- No DIB Brand --,Black & Decker/dewlt (2585),Stanley Black & Decker,DEWALT®,,DCBL724B,,Tools & Equipment>Dust Management>Vacuums & Extractors,"Stanley Black & Decker DEWALT, Blower, Max XR, DCBL724B, 20 V",BLOWER 20V 20V MAX,"DEWALT® Max XR DCBL724B Blower, 20V MAX, 20 V","DEWALT® Blower, Max XR, 20V MAX, 20 V","Max XR Blower, 20V MAX, 20 V",,,,,,,,,,,,,,,,,,,,,,,,,,,Blower,Battery Platform,20V MAX,,Voltage Rating,20,V,Battery Included,No,,Series,Max XR,,,,,,,,,,,,,,,,,,,,,,,,,,,,,,,,,,,,,,,,,,,,,,,,,,,,,,,,,,,,,,,,,,,,,,,,,,,,,,,,,,,,,,,,,,,,,,,,,,,,,,,,,,,,,,,,,,,,,,,,,,,,,,,,,,,,,,,,,,,,,,,47121701,,,,,,,,,,,,,,,,,,,,,,,,,,,,,,,,,,,,,,,,,,,
,,,,,,,,,,,2954-20,2954-20 Milw M18 Bluetooth Jobsite Speaker,-- Unbranded --,-- No Unilog Brand --,-- No DIB Brand --,Milwaukee Accessory (4031),Milwaukee Tool,Milwaukee®,,2954-20,,,"Milwaukee Tool Milwaukee, Jobsite Speaker, 2954-20, M18",JOBSITE SPEAKER M18,"Milwaukee® 2954-20 Jobsite Speaker, M18","Milwaukee® Jobsite Speaker, M18","Jobsite Speaker, M18",,,,,,,,,,,,,,,,,,,,,,,,,,,Jobsite Speaker,Wattage,,,Color Temperature,,,Bulb Shape,,,Base Type,,,Pack Quantity,,,Battery Platform,M18,,,,,,,,,,,,,,,,,,,,,,,,,,,,,,,,,,,,,,,,,,,,,,,,,,,,,,,,,,,,,,,,,,,,,,,,,,,,,,,,,,,,,,,,,,,,,,,,,,,,,,,,,,,,,,,,,,,,,,,,,,,,,,,,,,,,,,,,,,,,,,,,,,,,,,,,,,,,,,,,,,,,,,,,,,,,,,,,,,,,
,,,,,,,Tools,Hand Tools,Wrenches & Sockets,,2955-20,2955-20 Milw M12 Bluetooth - Jobsite Speaker w/Packout,-- Unbranded --,-- No Unilog Brand --,-- No DIB Brand --,Milwaukee Accessory (4031),Milwaukee Tool,Milwaukee®,,2955-20,,Tools & Equipment>Hand Tools>Wrenches & Sockets,"Milwaukee Tool Milwaukee, Wrench, Packout, 2955-20, M12",WRENCH M12 2955-20,"Milwaukee® Packout 2955-20 Wrench, M12","Milwaukee® Wrench, Packout, M12","Packout Wrench, M12",,,,,,,,,,,,,,,,,,,,,,,,,,,Wrench,Size,,,Pack Quantity,,,Configuration,,,Series,Packout,,Battery Platform,M12,,,,,,,,,,,,,,,,,,,,,,,,,,,,,,,,,,,,,,,,,,,,,,,,,,,,,,,,,,,,,,,,,,,,,,,,,,,,,,,,,,,,,,,,,,,,,,,,,,,,,,,,,,,,,,,,,,,,,,,,,,,,,,,,,,,,,,,,,,,,27111700,,,,,,,,,,,,,,,,,,,,,,,,,,,,,,,,,,,,,,,,,,,
,,,,,,,,,,,9A-219-180,9A-219-180 Abranet 4x6x6,-- Unbranded --,-- No Unilog Brand --,-- No DIB Brand --,Mirka Abrasives Inc (MIRUS),Mirka Ltd.,Mirka®,,9A-219-180,,,"Mirka Ltd. Mirka, Abranet, 9A-219-180, 4 in x 6 in x 6 in",ABRANET 4IN X 6IN X 6IN,"Mirka® 9A-219-180 Abranet, 4 in x 6 in x 6 in","Mirka® Abranet, 4 in x 6 in x 6 in","Abranet, 4 in x 6 in x 6 in",,,,,,,,,,,,,,,,,,,,,,,,,,,Abranet,Wattage,,,Color Temperature,,,Bulb Shape,,,Base Type,,,Pack Quantity,,,Size,4 in x 6 in x 6 in,,,,,,,,,,,,,,,,,,,,,,,,,,,,,,,,,,,,,,,,,,,,,,,,,,,,,,,,,,,,,,,,,,,,,,,,,,,,,,,,,,,,,,,,,,,,,,,,,,,,,,,,,,,,,,,,,,,,,,,,,,,,,,,,,,,,,,,,,,,,,,,,,,,,,,,,,,,,,,,,,,,,,,,,,,,,,,,,,,,,
,,,,,,,,,,,9A-219-120RP,9A-219-120RP Abranet 4x6x6,-- Unbranded --,-- No Unilog Brand --,-- No DIB Brand --,Mirka Abrasives Inc (MIRUS),Mirka Ltd.,Mirka®,,9A-219-120RP,,,"Mirka Ltd. Mirka, Abranet, 9A-219-120RP, 4 in x 6 in x 6 in",ABRANET 4IN X 6IN X 6IN,"Mirka® 9A-219-120RP Abranet, 4 in x 6 in x 6 in","Mirka® Abranet, 4 in x 6 in x 6 in","Abranet, 4 in x 6 in x 6 in",,,,,,,,,,,,,,,,,,,,,,,,,,,Abranet,Wattage,,,Color Temperature,,,Bulb Shape,,,Base Type,,,Pack Quantity,,,Size,4 in x 6 in x 6 in,,,,,,,,,,,,,,,,,,,,,,,,,,,,,,,,,,,,,,,,,,,,,,,,,,,,,,,,,,,,,,,,,,,,,,,,,,,,,,,,,,,,,,,,,,,,,,,,,,,,,,,,,,,,,,,,,,,,,,,,,,,,,,,,,,,,,,,,,,,,,,,,,,,,,,,,,,,,,,,,,,,,,,,,,,,,,,,,,,,,
,,,,,,,Outdoor,Lawn & Garden,String Trimmers,,3033-20,"3033-20 Milw M18 24"" - Hedge Trimmer",-- Unbranded --,-- No Unilog Brand --,Milwaukee,Milwaukee Accessory (4031),Milwaukee Tool,Milwaukee®,,3033-20,,Lawn & Garden>Outdoor Power Equipment>String Trimmers,"Milwaukee Tool Milwaukee, Hedge Trimmer, 3033-20, 24 in, M18",HEDGE TRIMMER 24IN M18,"Milwaukee® 3033-20 Hedge Trimmer, M18, 24 in","Milwaukee® Hedge Trimmer, M18, 24 in","Hedge Trimmer, M18, 24 in",,,,,,,,,,,,,,,,,,,,,,,,,,,Hedge Trimmer,Battery Platform,M18,,Voltage Rating,,,Size,24,in,Configuration,,,,,,,,,,,,,,,,,,,,,,,,,,,,,,,,,,,,,,,,,,,,,,,,,,,,,,,,,,,,,,,,,,,,,,,,,,,,,,,,,,,,,,,,,,,,,,,,,,,,,,,,,,,,,,,,,,,,,,,,,,,,,,,,,,,,,,,,,,,,,,,,21101800,,,,,,,,,,,,,,,,,,,,,,,,,,,,,,,,,,,,,,,,,,,
,,,,,,,Outdoor,Lawn & Garden,String Trimmers,,3033-21,"3033-21 Milw M18 24"" - Hedge Trimmer Kit",-- Unbranded --,-- No Unilog Brand --,-- No DIB Brand --,Milwaukee Accessory (4031),Milwaukee Tool,Milwaukee®,,3033-21,,Lawn & Garden>Outdoor Power Equipment>String Trimmers,"Milwaukee Tool Milwaukee, Hedge Trimmer, 3033-21, 24 in, M18",HEDGE TRIMMER 24IN M18 KIT,"Milwaukee® 3033-21 Hedge Trimmer, M18, 24 in, Kit","Milwaukee® Hedge Trimmer, M18, 24 in, Kit","Hedge Trimmer, M18, 24 in, Kit",,,,,,,,,,,,,,,,,,,,,,,,,,,Hedge Trimmer,Battery Platform,M18,,Voltage Rating,,,Size,24,in,Configuration,Kit,,,,,,,,,,,,,,,,,,,,,,,,,,,,,,,,,,,,,,,,,,,,,,,,,,,,,,,,,,,,,,,,,,,,,,,,,,,,,,,,,,,,,,,,,,,,,,,,,,,,,,,,,,,,,,,,,,,,,,,,,,,,,,,,,,,,,,,,,,,,,,,21101800,,,,,,,,,,,,,,,,,,,,,,,,,,,,,,,,,,,,,,,,,,,
,,,,,,,Outdoor,Lawn & Garden,String Trimmers,,3034-20,"3034-20 Milw M18 30"" - Hedge Trimmer",-- Unbranded --,-- No Unilog Brand --,Milwaukee,Milwaukee Accessory (4031),Milwaukee Tool,Milwaukee®,,3034-20,,Lawn & Garden>Outdoor Power Equipment>String Trimmers,"Milwaukee Tool Milwaukee, Hedge Trimmer, 3034-20, 30 in, M18",HEDGE TRIMMER 30IN M18,"Milwaukee® 3034-20 Hedge Trimmer, M18, 30 in","Milwaukee® Hedge Trimmer, M18, 30 in","Hedge Trimmer, M18, 30 in",,,,,,,,,,,,,,,,,,,,,,,,,,,Hedge Trimmer,Battery Platform,M18,,Voltage Rating,,,Size,30,in,Configuration,,,,,,,,,,,,,,,,,,,,,,,,,,,,,,,,,,,,,,,,,,,,,,,,,,,,,,,,,,,,,,,,,,,,,,,,,,,,,,,,,,,,,,,,,,,,,,,,,,,,,,,,,,,,,,,,,,,,,,,,,,,,,,,,,,,,,,,,,,,,,,,,21101800,,,,,,,,,,,,,,,,,,,,,,,,,,,,,,,,,,,,,,,,,,,
,,,,,,,Tools,Power Tools,Drills,,D25333K,D25333K Dewalt Hammer Drill,-- Unbranded --,-- No Unilog Brand --,-- No DIB Brand --,Black & Decker/dewlt (2585),Stanley Black & Decker,DEWALT®,,D25333K,,Tools & Equipment>Power Tools>Drills,"Stanley Black & Decker DEWALT, Hammer Drill, D25333K",HAMMER DRILL D25333K,DEWALT® D25333K Hammer Drill,DEWALT® Hammer Drill,Hammer Drill,,,,,,,,,,,,,,,,,,,,,,,,,,,Hammer Drill,Voltage Rating,,,Size,,,Battery Included,,,,,,,,,,,,,,,,,,,,,,,,,,,,,,,,,,,,,,,,,,,,,,,,,,,,,,,,,,,,,,,,,,,,,,,,,,,,,,,,,,,,,,,,,,,,,,,,,,,,,,,,,,,,,,,,,,,,,,,,,,,,,,,,,,,,,,,,,,,,,,,,,,,27112000,,,,,,,,,,,,,,,,,,,,,,,,,,,,,,,,,,,,,,,,,,,
,,,,,,,Tools,Power Tools,Drills,,DCD803B,DCD803B Dewalt Multi-Head Drill Driver,-- Unbranded --,-- No Unilog Brand --,-- No DIB Brand --,Black & Decker/dewlt (2585),Stanley Black & Decker,DEWALT®,,DCD803B,,Tools & Equipment>Power Tools>Drills,"Stanley Black & Decker DEWALT, Drill, Head Driver, DCD803B",DRILL DCD803B,DEWALT® Head Driver DCD803B Drill,"DEWALT® Drill, Head Driver",Head Driver Drill,,,,,,,,,,,,,,,,,,,,,,,,,,,Drill,Voltage Rating,,,Size,,,Battery Included,,,Series,Head Driver,,,,,,,,,,,,,,,,,,,,,,,,,,,,,,,,,,,,,,,,,,,,,,,,,,,,,,,,,,,,,,,,,,,,,,,,,,,,,,,,,,,,,,,,,,,,,,,,,,,,,,,,,,,,,,,,,,,,,,,,,,,,,,,,,,,,,,,,,,,,,,,27112000,,,,,,,,,,,,,,,,,,,,,,,,,,,,,,,,,,,,,,,,,,,
,,,,,,,Tools,Power Tools,Impact Tools,,DCF860B,DCF860B Dewalt 20V Impact - Driver Drill,-- Unbranded --,-- No Unilog Brand --,-- No DIB Brand --,Black & Decker/dewlt (2585),Stanley Black & Decker,DEWALT®,,DCF860B,,Tools & Equipment>Power Tools>Impact Drivers & Wrenches,"Stanley Black & Decker DEWALT, Impact, Driver Drill, DCF860B",IMPACT 20V DCF860B,"DEWALT® Driver Drill DCF860B Impact, 20 V","DEWALT® Impact, Driver Drill, 20 V","Driver Drill Impact, 20 V",,,,,,,,,,,,,,,,,,,,,,,,,,,Impact,Battery Platform,,,Voltage Rating,20,V,Size,,,Configuration,,,Series,Driver Drill,,,,,,,,,,,,,,,,,,,,,,,,,,,,,,,,,,,,,,,,,,,,,,,,,,,,,,,,,,,,,,,,,,,,,,,,,,,,,,,,,,,,,,,,,,,,,,,,,,,,,,,,,,,,,,,,,,,,,,,,,,,,,,,,,,,,,,,,,,,,27112000,,,,,,,,,,,,,,,,,,,,,,,,,,,,,,,,,,,,,,,,,,,
,,,,,,,Tools,Power Tools,Drills,,3401-20,3401-20 Milw M12 Drill Driver - Brushless Compact (Bare),-- Unbranded --,-- No Unilog Brand --,-- No DIB Brand --,Milwaukee Accessory (4031),Milwaukee Tool,Milwaukee®,,3401-20,,Tools & Equipment>Power Tools>Drills,"Milwaukee Tool Milwaukee, Drill, Brushless Compact, 3401-20, M12",DRILL M12 3401-20,"Milwaukee® Brushless Compact 3401-20 Drill, M12","Milwaukee® Drill, Brushless Compact, M12","Brushless Compact Drill, M12",,,,,,,,,,,,,,,,,,,,,,,,,,,Drill,Voltage Rating,,,Size,,,Battery Included,No,,Series,Brushless Compact,,Battery Platform,M12,,,,,,,,,,,,,,,,,,,,,,,,,,,,,,,,,,,,,,,,,,,,,,,,,,,,,,,,,,,,,,,,,,,,,,,,,,,,,,,,,,,,,,,,,,,,,,,,,,,,,,,,,,,,,,,,,,,,,,,,,,,,,,,,,,,,,,,,,,,,27112000,,,,,,,,,,,,,,,,,,,,,,,,,,,,,,,,,,,,,,,,,,,
,,,,,,,Tools,Power Tools,Drills,,KPTDR050A,KPTDR050A Kreg 20V Ionic Compact Drill,-- Unbranded --,-- No Unilog Brand --,-- No DIB Brand --,Kreg Tool Company (KRETO),Kreg Tool Company,Kreg®,,KPTDR050A,,Tools & Equipment>Power Tools>Drills,"Kreg Tool Company Kreg, Drill, Ionic Compact, KPTDR050A, 20 V",DRILL 20V KPTDR050A,"Kreg® Ionic Compact KPTDR050A Drill, 20 V","Kreg® Drill, Ionic Compact, 20 V","Ionic Compact Drill, 20 V",,,,,,,,,,,,,,,,,,,,,,,,,,,Drill,Voltage Rating,20,V,Size,,,Battery Included,,,Series,Ionic Compact,,,,,,,,,,,,,,,,,,,,,,,,,,,,,,,,,,,,,,,,,,,,,,,,,,,,,,,,,,,,,,,,,,,,,,,,,,,,,,,,,,,,,,,,,,,,,,,,,,,,,,,,,,,,,,,,,,,,,,,,,,,,,,,,,,,,,,,,,,,,,,,27112000,,,,,,,,,,,,,,,,,,,,,,,,,,,,,,,,,,,,,,,,,,,
,,,,,,,Tools,Power Tools,Drills,,DCD1007B,"DCD1007B Dewalt 20V Cordless - 1/2"" Hammer Drill (Bare)",-- Unbranded --,-- No Unilog Brand --,DEWALT,Black & Decker/dewlt (2585),Stanley Black & Decker,DEWALT®,,DCD1007B,,Tools & Equipment>Power Tools>Drills,"Stanley Black & Decker DEWALT, Hammer Drill, DCD1007B, 1/2 in",HAMMER DRILL 20V 1/2IN,"DEWALT® DCD1007B Hammer Drill, 1/2 in, 20 V","DEWALT® Hammer Drill, 1/2 in, 20 V","Hammer Drill, 1/2 in, 20 V",,,,,,,,,,,,,,,,,,,,,,,,,,,Hammer Drill,Voltage Rating,20,V,Size,1/2,in,Battery Included,No,,,,,,,,,,,,,,,,,,,,,,,,,,,,,,,,,,,,,,,,,,,,,,,,,,,,,,,,,,,,,,,,,,,,,,,,,,,,,,,,,,,,,,,,,,,,,,,,,,,,,,,,,,,,,,,,,,,,,,,,,,,,,,,,,,,,,,,,,,,,,,,,,,27112000,,,,,,,,,,,,,,,,,,,,,,,,,,,,,,,,,,,,,,,,,,,
,,,,,,,Tools,Power Tools,Drills,,DCD799B,DCD799B Dewalt Drill,-- Unbranded --,-- No Unilog Brand --,-- No DIB Brand --,Black & Decker/dewlt (2585),Stanley Black & Decker,DEWALT®,,DCD799B,,Tools & Equipment>Power Tools>Drills,"Stanley Black & Decker DEWALT, Drill, DCD799B",DRILL DCD799B,DEWALT® DCD799B Drill,DEWALT® Drill,Drill,,,,,,,,,,,,,,,,,,,,,,,,,,,Drill,Voltage Rating,,,Size,,,Battery Included,,,,,,,,,,,,,,,,,,,,,,,,,,,,,,,,,,,,,,,,,,,,,,,,,,,,,,,,,,,,,,,,,,,,,,,,,,,,,,,,,,,,,,,,,,,,,,,,,,,,,,,,,,,,,,,,,,,,,,,,,,,,,,,,,,,,,,,,,,,,,,,,,,,27112000,,,,,,,,,,,,,,,,,,,,,,,,,,,,,,,,,,,,,,,,,,,
,,,,,,,Tools,Power Tools,Drills,,58006,58006 Voyager Drill Press,-- Unbranded --,-- No Unilog Brand --,-- No DIB Brand --,King Canada Inc (KINCA),King Canada Inc.,King Canada®,,58006,,Tools & Equipment>Power Tools>Drills,"King Canada Inc. King Canada, Drill, Voyager Press, 58006",DRILL 58006,King Canada® Voyager Press 58006 Drill,"King Canada® Drill, Voyager Press",Voyager Press Drill,,,,,,,,,,,,,,,,,,,,,,,,,,,Drill,Voltage Rating,,,Size,,,Battery Included,,,Series,Voyager Press,,,,,,,,,,,,,,,,,,,,,,,,,,,,,,,,,,,,,,,,,,,,,,,,,,,,,,,,,,,,,,,,,,,,,,,,,,,,,,,,,,,,,,,,,,,,,,,,,,,,,,,,,,,,,,,,,,,,,,,,,,,,,,,,,,,,,,,,,,,,,,,27112000,,,,,,,,,,,,,,,,,,,,,,,,,,,,,,,,,,,,,,,,,,,
,,,,,,,Tools,Power Tools,Nailers,,2909-20,2909-20 Milw Roofing Nailer - M18,-- Unbranded --,-- No Unilog Brand --,Milwaukee,Milwaukee Accessory (4031),Milwaukee Tool,Milwaukee®,,2909-20,,Tools & Equipment>Power Tools>Nailers,"Milwaukee Tool Milwaukee, Roofing Nailer, 2909-20, M18",ROOFING NAILER M18,"Milwaukee® 2909-20 Roofing Nailer, M18","Milwaukee® Roofing Nailer, M18","Roofing Nailer, M18",,,,,,,,,,,,,,,,,,,,,,,,,,,Roofing Nailer,Battery Platform,M18,,Voltage Rating,,,Gauge,,,Size,,,Battery Included,,,Configuration,,,,,,,,,,,,,,,,,,,,,,,,,,,,,,,,,,,,,,,,,,,,,,,,,,,,,,,,,,,,,,,,,,,,,,,,,,,,,,,,,,,,,,,,,,,,,,,,,,,,,,,,,,,,,,,,,,,,,,,,,,,,,,,,,,,,,,,,,,27112000,,,,,,,,,,,,,,,,,,,,,,,,,,,,,,,,,,,,,,,,,,,
,,,,,,,Tools,Power Tools,Nailers,,2909-21,2909-21 Milw M18 Coil Roofing - Nailer Kit,-- Unbranded --,-- No Unilog Brand --,Milwaukee,Milwaukee Accessory (4031),Milwaukee Tool,Milwaukee®,,2909-21,,Tools & Equipment>Power Tools>Nailers,"Milwaukee Tool Milwaukee, Roofing Nailer, 2909-21, M18, Kit",ROOFING NAILER M18 KIT,"Milwaukee® 2909-21 Roofing Nailer, M18, Kit","Milwaukee® Roofing Nailer, M18, Kit","Roofing Nailer, M18, Kit",,,,,,,,,,,,,,,,,,,,,,,,,,,Roofing Nailer,Battery Platform,M18,,Voltage Rating,,,Gauge,,,Size,,,Battery Included,,,Configuration,Kit,,,,,,,,,,,,,,,,,,,,,,,,,,,,,,,,,,,,,,,,,,,,,,,,,,,,,,,,,,,,,,,,,,,,,,,,,,,,,,,,,,,,,,,,,,,,,,,,,,,,,,,,,,,,,,,,,,,,,,,,,,,,,,,,,,,,,,,,,27112000,,,,,,,,,,,,,,,,,,,,,,,,,,,,,,,,,,,,,,,,,,,
,,,,,,,Tools,Power Tools,Nailers,,918200,918200 Paslode CT200S24 18Ga ST Brad Nailer,-- Unbranded --,-- No Unilog Brand --,-- No DIB Brand --,National Nail Corp (7439),Illinois Tool Works Inc.,Paslode®,,918200,,Tools & Equipment>Power Tools>Nailers,"Illinois Tool Works Inc. Paslode, Brad Nailer, 918200, 18 GA",BRAD NAILER 18GA,"Paslode® 918200 Brad Nailer, 18 GA","Paslode® Brad Nailer, 18 GA","Brad Nailer, 18 GA",,,,,,,,,,,,,,,,,,,,,,,,,,,Brad Nailer,Battery Platform,,,Voltage Rating,,,Gauge,18,GA,Size,,,Battery Included,,,Configuration,,,,,,,,,,,,,,,,,,,,,,,,,,,,,,,,,,,,,,,,,,,,,,,,,,,,,,,,,,,,,,,,,,,,,,,,,,,,,,,,,,,,,,,,,,,,,,,,,,,,,,,,,,,,,,,,,,,,,,,,,,,,,,,,,,,,,,,,,,27112000,,,,,,,,,,,,,,,,,,,,,,,,,,,,,,,,,,,,,,,,,,,
,,,,,,,Tools,Power Tools,Nailers,,2541-20,2541-20 Milw M12 - Compact Brad Nailer (Bare),-- Unbranded --,-- No Unilog Brand --,-- No DIB Brand --,Milwaukee Accessory (4031),Milwaukee Tool,Milwaukee®,,2541-20,,Tools & Equipment>Power Tools>Nailers,"Milwaukee Tool Milwaukee, Brad Nailer, 2541-20, M12",BRAD NAILER M12,"Milwaukee® 2541-20 Brad Nailer, M12","Milwaukee® Brad Nailer, M12","Brad Nailer, M12",,,,,,,,,,,,,,,,,,,,,,,,,,,Brad Nailer,Battery Platform,M12,,Voltage Rating,,,Gauge,,,Size,,,Battery Included,No,,Configuration,,,,,,,,,,,,,,,,,,,,,,,,,,,,,,,,,,,,,,,,,,,,,,,,,,,,,,,,,,,,,,,,,,,,,,,,,,,,,,,,,,,,,,,,,,,,,,,,,,,,,,,,,,,,,,,,,,,,,,,,,,,,,,,,,,,,,,,,,,27112000,,,,,,,,,,,,,,,,,,,,,,,,,,,,,,,,,,,,,,,,,,,
,,,,,,,Tools,Power Tools,Nailers,,DCN930B,DCN930B Dewalt 20V 30 Degree - Framing Nailer,-- Unbranded --,-- No Unilog Brand --,DEWALT,Black & Decker/dewlt (2585),Stanley Black & Decker,DEWALT®,,DCN930B,,Tools & Equipment>Power Tools>Nailers,"Stanley Black & Decker DEWALT, Framing Nailer, Degree, DCN930B",FRAMING NAILER 20V,"DEWALT® Degree DCN930B Framing Nailer, 20 V","DEWALT® Framing Nailer, Degree, 20 V","Degree Framing Nailer, 20 V",,,,,,,,,,,,,,,,,,,,,,,,,,,Framing Nailer,Battery Platform,,,Voltage Rating,20,V,Gauge,,,Size,,,Battery Included,,,Configuration,,,Series,Degree,,,,,,,,,,,,,,,,,,,,,,,,,,,,,,,,,,,,,,,,,,,,,,,,,,,,,,,,,,,,,,,,,,,,,,,,,,,,,,,,,,,,,,,,,,,,,,,,,,,,,,,,,,,,,,,,,,,,,,,,,,,,,,,,,,,,,,27112000,,,,,,,,,,,,,,,,,,,,,,,,,,,,,,,,,,,,,,,,,,,
,,,,,,,Tools,Power Tools,Nailers,,DCN930P1,DCN930P1 Dewalt 20V 30 Degree - Framing Nailer Kit,-- Unbranded --,-- No Unilog Brand --,DEWALT,Black & Decker/dewlt (2585),Stanley Black & Decker,DEWALT®,,DCN930P1,,Tools & Equipment>Power Tools>Nailers,"Stanley Black & Decker DEWALT, Framing Nailer, Degree, DCN930P1",FRAMING NAILER 20V KIT,"DEWALT® Degree DCN930P1 Framing Nailer, 20 V, Kit","DEWALT® Framing Nailer, Degree, 20 V, Kit","Degree Framing Nailer, 20 V, Kit",,,,,,,,,,,,,,,,,,,,,,,,,,,Framing Nailer,Battery Platform,,,Voltage Rating,20,V,Gauge,,,Size,,,Battery Included,,,Configuration,Kit,,Series,Degree,,,,,,,,,,,,,,,,,,,,,,,,,,,,,,,,,,,,,,,,,,,,,,,,,,,,,,,,,,,,,,,,,,,,,,,,,,,,,,,,,,,,,,,,,,,,,,,,,,,,,,,,,,,,,,,,,,,,,,,,,,,,,,,,,,,,,,27112000,,,,,,,,,,,,,,,,,,,,,,,,,,,,,,,,,,,,,,,,,,,
,,,,,,,Tools,Power Tools,Nailers,,XNB04Z,"XNB04Z Makita 18V 2"" Brad Nailer 18GA (Bare)",-- Unbranded --,-- No Unilog Brand --,-- No DIB Brand --,Makita Usa Inc (5142),"Makita U.S.A., Inc.",Makita®,,XNB04Z,,Tools & Equipment>Power Tools>Nailers,"Makita U.S.A., Inc. Makita, Brad Nailer, XNB04Z, 2 in, 18 V, 18V",BRAD NAILER 18V 2IN 18V 18GA,"Makita® XNB04Z Brad Nailer, 18V, 18 V, 18 GA, 2 in","Makita® Brad Nailer, 18V, 18 V, 18 GA, 2 in","Brad Nailer, 18V, 18 V, 18 GA, 2 in",,,,,,,,,,,,,,,,,,,,,,,,,,,Brad Nailer,Battery Platform,18V,,Voltage Rating,18,V,Gauge,18,GA,Size,2,in,Battery Included,No,,Configuration,,,,,,,,,,,,,,,,,,,,,,,,,,,,,,,,,,,,,,,,,,,,,,,,,,,,,,,,,,,,,,,,,,,,,,,,,,,,,,,,,,,,,,,,,,,,,,,,,,,,,,,,,,,,,,,,,,,,,,,,,,,,,,,,,,,,,,,,,,27112000,,,,,,,,,,,,,,,,,,,,,,,,,,,,,,,,,,,,,,,,,,,
,,,,,,,Tools,Power Tools,Nailers,,XNB05Z,"XNB05Z Makita 18V 2-1/2"" Straight Finish Nailer 16GA",-- Unbranded --,-- No Unilog Brand --,-- No DIB Brand --,Makita Usa Inc (5142),"Makita U.S.A., Inc.",Makita®,,XNB05Z,,Tools & Equipment>Power Tools>Nailers,"Makita U.S.A., Inc. Makita, Finish Nailer, XNB05Z, 2-1/2 in, 18 V",FINISH NAILER 18V 2-1/2IN 18V 16GA,"Makita® XNB05Z Finish Nailer, 18V, 18 V, 16 GA, 2-1/2 in","Makita® Finish Nailer, 18V, 18 V, 16 GA, 2-1/2 in","Finish Nailer, 18V, 18 V, 16 GA, 2-1/2 in",,,,,,,,,,,,,,,,,,,,,,,,,,,Finish Nailer,Battery Platform,18V,,Voltage Rating,18,V,Gauge,16,GA,Size,2-1/2,in,Battery Included,,,Configuration,,,,,,,,,,,,,,,,,,,,,,,,,,,,,,,,,,,,,,,,,,,,,,,,,,,,,,,,,,,,,,,,,,,,,,,,,,,,,,,,,,,,,,,,,,,,,,,,,,,,,,,,,,,,,,,,,,,,,,,,,,,,,,,,,,,,,,,,,,27112000,,,,,,,,,,,,,,,,,,,,,,,,,,,,,,,,,,,,,,,,,,,
,,,,,,,Tools,Power Tools,Nailers,,XNB06Z,"XNB06Z Makita 18V 2-1/2"" Angled Finish Nailer 16GA",-- Unbranded --,-- No Unilog Brand --,-- No DIB Brand --,Makita Usa Inc (5142),"Makita U.S.A., Inc.",Makita®,,XNB06Z,,Tools & Equipment>Power Tools>Nailers,"Makita U.S.A., Inc. Makita, Finish Nailer, XNB06Z, 2-1/2 in, 18 V",FINISH NAILER 18V 2-1/2IN 18V 16GA,"Makita® XNB06Z Finish Nailer, 18V, 18 V, 16 GA, 2-1/2 in","Makita® Finish Nailer, 18V, 18 V, 16 GA, 2-1/2 in","Finish Nailer, 18V, 18 V, 16 GA, 2-1/2 in",,,,,,,,,,,,,,,,,,,,,,,,,,,Finish Nailer,Battery Platform,18V,,Voltage Rating,18,V,Gauge,16,GA,Size,2-1/2,in,Battery Included,,,Configuration,,,,,,,,,,,,,,,,,,,,,,,,,,,,,,,,,,,,,,,,,,,,,,,,,,,,,,,,,,,,,,,,,,,,,,,,,,,,,,,,,,,,,,,,,,,,,,,,,,,,,,,,,,,,,,,,,,,,,,,,,,,,,,,,,,,,,,,,,,27112000,,,,,,,,,,,,,,,,,,,,,,,,,,,,,,,,,,,,,,,,,,,
,,,,,,,Tools,Power Tools,Nailers,,XNB07Z,XNB07Z Makita 18V LXT BL 30 Nailer (Bare),-- Unbranded --,-- No Unilog Brand --,-- No DIB Brand --,Makita Usa Inc (5142),"Makita U.S.A., Inc.",Makita®,,XNB07Z,,Tools & Equipment>Power Tools>Nailers,"Makita U.S.A., Inc. Makita, Nailer, LXT BL, XNB07Z, 18 V, 18V",NAILER 18V 18V,"Makita® LXT BL XNB07Z Nailer, 18V, 18 V","Makita® Nailer, LXT BL, 18V, 18 V","LXT BL Nailer, 18V, 18 V",,,,,,,,,,,,,,,,,,,,,,,,,,,Nailer,Battery Platform,18V,,Voltage Rating,18,V,Gauge,,,Size,,,Battery Included,No,,Configuration,,,Series,LXT BL,,,,,,,,,,,,,,,,,,,,,,,,,,,,,,,,,,,,,,,,,,,,,,,,,,,,,,,,,,,,,,,,,,,,,,,,,,,,,,,,,,,,,,,,,,,,,,,,,,,,,,,,,,,,,,,,,,,,,,,,,,,,,,,,,,,,,,27112000,,,,,,,,,,,,,,,,,,,,,,,,,,,,,,,,,,,,,,,,,,,
,,,,,,,,,,,DZN930,DZN930 Dewalt 30 Degree - Framing Magazine,-- Unbranded --,-- No Unilog Brand --,-- No DIB Brand --,Black & Decker/dewlt (2585),Stanley Black & Decker,DEWALT®,,DZN930,,,"Stanley Black & Decker DEWALT, Degree, Framing Magazine, DZN930",DEGREE DZN930,DEWALT® Framing Magazine DZN930 Degree,"DEWALT® Degree, Framing Magazine",Framing Magazine Degree,,,,,,,,,,,,,,,,,,,,,,,,,,,Degree,Wattage,,,Color Temperature,,,Bulb Shape,,,Base Type,,,Pack Quantity,,,Series,Framing Magazine,,,,,,,,,,,,,,,,,,,,,,,,,,,,,,,,,,,,,,,,,,,,,,,,,,,,,,,,,,,,,,,,,,,,,,,,,,,,,,,,,,,,,,,,,,,,,,,,,,,,,,,,,,,,,,,,,,,,,,,,,,,,,,,,,,,,,,,,,,,,,,,,,,,,,,,,,,,,,,,,,,,,,,,,,,,,,,,,,,,,
,,,,,,,Tools,Hand Tools,Screwdrivers,,220USB25U,220USB25U Vessel Screwdriver w/25pc Bit Set,-- Unbranded --,-- No Unilog Brand --,-- No DIB Brand --,Vessel Tools USA Inc (VESTO),"Vessel Co., Inc.",Vessel®,,220USB25U,,Tools & Equipment>Hand Tools>Screwdrivers,"Vessel Co., Inc. Vessel, Screwdriver, Bit, 220USB25U, 25, Set",SCREWDRIVER 25 SET,"Vessel® Bit 220USB25U Screwdriver, 25, Set","Vessel® Screwdriver, Bit, 25, Set","Bit Screwdriver, 25, Set",,,,,,,,,,,,,,,,,,,,,,,,,,,Screwdriver,Battery Platform,,,Voltage Rating,,,Pack Quantity,25,,Configuration,Set,,Series,Bit,,,,,,,,,,,,,,,,,,,,,,,,,,,,,,,,,,,,,,,,,,,,,,,,,,,,,,,,,,,,,,,,,,,,,,,,,,,,,,,,,,,,,,,,,,,,,,,,,,,,,,,,,,,,,,,,,,,,,,,,,,,,,,,,,,,,,,,,,,,,27111500,,,,,,,,,,,,,,,,,,,,,,,,,,,,,,,,,,,,,,,,,,,
,,,,,,,Tools,Hand Tools,Screwdrivers,,XRF03Z,XRF03Z Makita 18V Screwdriver - Autofeed,-- Unbranded --,-- No Unilog Brand --,-- No DIB Brand --,Makita Usa Inc (5142),"Makita U.S.A., Inc.",Makita®,,XRF03Z,,Tools & Equipment>Hand Tools>Screwdrivers,"Makita U.S.A., Inc. Makita, Screwdriver, XRF03Z, 18 V, 18V",SCREWDRIVER 18V 18V,"Makita® XRF03Z Screwdriver, 18V, 18 V","Makita® Screwdriver, 18V, 18 V","Screwdriver, 18V, 18 V",,,,,,,,,,,,,,,,,,,,,,,,,,,Screwdriver,Battery Platform,18V,,Voltage Rating,18,V,Pack Quantity,,,Configuration,,,,,,,,,,,,,,,,,,,,,,,,,,,,,,,,,,,,,,,,,,,,,,,,,,,,,,,,,,,,,,,,,,,,,,,,,,,,,,,,,,,,,,,,,,,,,,,,,,,,,,,,,,,,,,,,,,,,,,,,,,,,,,,,,,,,,,,,,,,,,,,,27111500,,,,,,,,,,,,,,,,,,,,,,,,,,,,,,,,,,,,,,,,,,,
,,,,,,,Tools,Hand Tools,Screwdrivers,,220USBP5U,220USBP5U Vessel Screwdriver Plus w/5pc Bit Set,-- Unbranded --,-- No Unilog Brand --,-- No DIB Brand --,Vessel Tools USA Inc (VESTO),"Vessel Co., Inc.",Vessel®,,220USBP5U,,Tools & Equipment>Hand Tools>Screwdrivers,"Vessel Co., Inc. Vessel, Screwdriver, Bit, 220USBP5U, 5, Set",SCREWDRIVER 5 SET,"Vessel® Bit 220USBP5U Screwdriver, 5, Set","Vessel® Screwdriver, Bit, 5, Set","Bit Screwdriver, 5, Set",,,,,,,,,,,,,,,,,,,,,,,,,,,Screwdriver,Battery Platform,,,Voltage Rating,,,Pack Quantity,5,,Configuration,Set,,Series,Bit,,,,,,,,,,,,,,,,,,,,,,,,,,,,,,,,,,,,,,,,,,,,,,,,,,,,,,,,,,,,,,,,,,,,,,,,,,,,,,,,,,,,,,,,,,,,,,,,,,,,,,,,,,,,,,,,,,,,,,,,,,,,,,,,,,,,,,,,,,,,27111500,,,,,,,,,,,,,,,,,,,,,,,,,,,,,,,,,,,,,,,,,,,
,,,,,,,Tools,Power Tools,Impact Tools,,49-66-4567,"49-66-4567 Milw 6"" Magnetic - Impact Driver Set 6pc",-- Unbranded --,-- No Unilog Brand --,-- No DIB Brand --,Milwaukee Accessory (4031),Milwaukee Tool,Milwaukee®,,49-66-4567,,Tools & Equipment>Power Tools>Impact Drivers & Wrenches,"Milwaukee Tool Milwaukee, Impact Driver, 49-66-4567, 6 in, 6",IMPACT DRIVER 6IN 6 SET,"Milwaukee® 49-66-4567 Impact Driver, 6 in, 6, Set","Milwaukee® Impact Driver, 6 in, 6, Set","Impact Driver, 6 in, 6, Set",,,,,,,,,,,,,,,,,,,,,,,,,,,Impact Driver,Battery Platform,,,Voltage Rating,,,Size,6,in,Configuration,Set,,Pack Quantity,6,,,,,,,,,,,,,,,,,,,,,,,,,,,,,,,,,,,,,,,,,,,,,,,,,,,,,,,,,,,,,,,,,,,,,,,,,,,,,,,,,,,,,,,,,,,,,,,,,,,,,,,,,,,,,,,,,,,,,,,,,,,,,,,,,,,,,,,,,,,,27112000,,,,,,,,,,,,,,,,,,,,,,,,,,,,,,,,,,,,,,,,,,,
,,,,,,,Tools,Power Tool Accessories,Driver Bits,,IBMG90K003,"IBMG90K003 Vessel Impact Ball Torsion Bit Assort 5pc 3.5""",-- Unbranded --,-- No Unilog Brand --,-- No DIB Brand --,Vessel Tools USA Inc (VESTO),"Vessel Co., Inc.",Vessel®,,IBMG90K003,,Tools & Equipment>Power Tool Accessories>Driver Bits,"Vessel Co., Inc. Vessel, Bit, Impact Ball Torsion Assort, IBMG90K003",BIT 3-1/2IN 5,"Vessel® Impact Ball Torsion Assort IBMG90K003 Bit, 3-1/2 in, 5","Vessel® Bit, Impact Ball Torsion Assort, 3-1/2 in, 5","Impact Ball Torsion Assort Bit, 3-1/2 in, 5",,,,,,,,,,,,,,,,,,,,,,,,,,,Bit,Size,3-1/2,in,Series,Impact Ball Torsion Assort,,Pack Quantity,5,,,,,,,,,,,,,,,,,,,,,,,,,,,,,,,,,,,,,,,,,,,,,,,,,,,,,,,,,,,,,,,,,,,,,,,,,,,,,,,,,,,,,,,,,,,,,,,,,,,,,,,,,,,,,,,,,,,,,,,,,,,,,,,,,,,,,,,,,,,,,,,,,,27112800,,,,,,,,,,,,,,,,,,,,,,,,,,,,,,,,,,,,,,,,,,,
,,,,,,,Tools,Power Tool Accessories,Driver Bits,,IBPH250P15T,"IBPH250P15T Vessel Torsion Bit 2"" 15pc",-- Unbranded --,-- No Unilog Brand --,-- No DIB Brand --,Vessel Tools USA Inc (VESTO),"Vessel Co., Inc.",Vessel®,,IBPH250P15T,,Tools & Equipment>Power Tool Accessories>Driver Bits,"Vessel Co., Inc. Vessel, Bit, IBPH250P15T, 2 in, 15",BIT 2IN 15 IBPH250P15T,"Vessel® IBPH250P15T Bit, 2 in, 15","Vessel® Bit, 2 in, 15","Bit, 2 in, 15",,,,,,,,,,,,,,,,,,,,,,,,,,,Bit,Size,2,in,Pack Quantity,15,,,,,,,,,,,,,,,,,,,,,,,,,,,,,,,,,,,,,,,,,,,,,,,,,,,,,,,,,,,,,,,,,,,,,,,,,,,,,,,,,,,,,,,,,,,,,,,,,,,,,,,,,,,,,,,,,,,,,,,,,,,,,,,,,,,,,,,,,,,,,,,,,,,,,27112800,,,,,,,,,,,,,,,,,,,,,,,,,,,,,,,,,,,,,,,,,,,
,,,,,,,Tools,Power Tool Accessories,Driver Bits,,DPH12B,"DPH12B 2"" #1 Phillips Drive - Bit",-- Unbranded --,-- No Unilog Brand --,Diablo,Freud Inc (2435),"Freud America, Inc.",Diablo®,,DPH12B,,Tools & Equipment>Power Tool Accessories>Driver Bits,"Freud America, Inc. Diablo, Drive Bit, DPH12B, 2 in",DRIVE BIT 2IN,"Diablo® DPH12B Drive Bit, 2 in","Diablo® Drive Bit, 2 in","Drive Bit, 2 in",,,,,,,,,,,,,,,,,,,,,,,,,,,Drive Bit,Size,2,in,,,,,,,,,,,,,,,,,,,,,,,,,,,,,,,,,,,,,,,,,,,,,,,,,,,,,,,,,,,,,,,,,,,,,,,,,,,,,,,,,,,,,,,,,,,,,,,,,,,,,,,,,,,,,,,,,,,,,,,,,,,,,,,,,,,,,,,,,,,,,,,,,,,,,,,27112800,,,,,,,,,,,,,,,,,,,,,,,,,,,,,,,,,,,,,,,,,,,
,,,,,,,Tools,Power Tool Accessories,Driver Bits,,DPH135B,"DPH135B 3-1/2"" #1 Phillips - Drive Bit",-- Unbranded --,-- No Unilog Brand --,Diablo,Freud Inc (2435),"Freud America, Inc.",Diablo®,,DPH135B,,Tools & Equipment>Power Tool Accessories>Driver Bits,"Freud America, Inc. Diablo, Drive Bit, DPH135B, 3-1/2 in",DRIVE BIT 3-1/2IN,"Diablo® DPH135B Drive Bit, 3-1/2 in","Diablo® Drive Bit, 3-1/2 in","Drive Bit, 3-1/2 in",,,,,,,,,,,,,,,,,,,,,,,,,,,Drive Bit,Size,3-1/2,in,,,,,,,,,,,,,,,,,,,,,,,,,,,,,,,,,,,,,,,,,,,,,,,,,,,,,,,,,,,,,,,,,,,,,,,,,,,,,,,,,,,,,,,,,,,,,,,,,,,,,,,,,,,,,,,,,,,,,,,,,,,,,,,,,,,,,,,,,,,,,,,,,,,,,,,27112800,,,,,,,,,,,,,,,,,,,,,,,,,,,,,,,,,,,,,,,,,,,
,,,,,,,Tools,Power Tool Accessories,Driver Bits,,DPH21B,"DPH21B 1"" #2 Phillips Drive - Bit",-- Unbranded --,-- No Unilog Brand --,Diablo,Freud Inc (2435),"Freud America, Inc.",Diablo®,,DPH21B,,Tools & Equipment>Power Tool Accessories>Driver Bits,"Freud America, Inc. Diablo, Drive Bit, DPH21B, 1 in",DRIVE BIT 1IN,"Diablo® DPH21B Drive Bit, 1 in","Diablo® Drive Bit, 1 in","Drive Bit, 1 in",,,,,,,,,,,,,,,,,,,,,,,,,,,Drive Bit,Size,1,in,,,,,,,,,,,,,,,,,,,,,,,,,,,,,,,,,,,,,,,,,,,,,,,,,,,,,,,,,,,,,,,,,,,,,,,,,,,,,,,,,,,,,,,,,,,,,,,,,,,,,,,,,,,,,,,,,,,,,,,,,,,,,,,,,,,,,,,,,,,,,,,,,,,,,,,27112800,,,,,,,,,,,,,,,,,,,,,,,,,,,,,,,,,,,,,,,,,,,
,,,,,,,Tools,Power Tool Accessories,Driver Bits,,DPH22B,"DPH22B 2"" #2 Phillips Drive - Bit",-- Unbranded --,-- No Unilog Brand --,Diablo,Freud Inc (2435),"Freud America, Inc.",Diablo®,,DPH22B,,Tools & Equipment>Power Tool Accessories>Driver Bits,"Freud America, Inc. Diablo, Drive Bit, DPH22B, 2 in",DRIVE BIT 2IN,"Diablo® DPH22B Drive Bit, 2 in","Diablo® Drive Bit, 2 in","Drive Bit, 2 in",,,,,,,,,,,,,,,,,,,,,,,,,,,Drive Bit,Size,2,in,,,,,,,,,,,,,,,,,,,,,,,,,,,,,,,,,,,,,,,,,,,,,,,,,,,,,,,,,,,,,,,,,,,,,,,,,,,,,,,,,,,,,,,,,,,,,,,,,,,,,,,,,,,,,,,,,,,,,,,,,,,,,,,,,,,,,,,,,,,,,,,,,,,,,,,27112800,,,,,,,,,,,,,,,,,,,,,,,,,,,,,,,,,,,,,,,,,,,
,,,,,,,Tools,Power Tool Accessories,Driver Bits,,DPH235B,"DPH235B 3-1/2"" #2 Phillips - Drive Bit",-- Unbranded --,-- No Unilog Brand --,Diablo,Freud Inc (2435),"Freud America, Inc.",Diablo®,,DPH235B,,Tools & Equipment>Power Tool Accessories>Driver Bits,"Freud America, Inc. Diablo, Drive Bit, DPH235B, 3-1/2 in",DRIVE BIT 3-1/2IN,"Diablo® DPH235B Drive Bit, 3-1/2 in","Diablo® Drive Bit, 3-1/2 in","Drive Bit, 3-1/2 in",,,,,,,,,,,,,,,,,,,,,,,,,,,Drive Bit,Size,3-1/2,in,,,,,,,,,,,,,,,,,,,,,,,,,,,,,,,,,,,,,,,,,,,,,,,,,,,,,,,,,,,,,,,,,,,,,,,,,,,,,,,,,,,,,,,,,,,,,,,,,,,,,,,,,,,,,,,,,,,,,,,,,,,,,,,,,,,,,,,,,,,,,,,,,,,,,,,27112800,,,,,,,,,,,,,,,,,,,,,,,,,,,,,,,,,,,,,,,,,,,
,,,,,,,Tools,Power Tool Accessories,Driver Bits,,DPH26B,"DPH26B 6"" #2 Phillips Drive - Bit",-- Unbranded --,-- No Unilog Brand --,Diablo,Freud Inc (2435),"Freud America, Inc.",Diablo®,,DPH26B,,Tools & Equipment>Power Tool Accessories>Driver Bits,"Freud America, Inc. Diablo, Drive Bit, DPH26B, 6 in",DRIVE BIT 6IN,"Diablo® DPH26B Drive Bit, 6 in","Diablo® Drive Bit, 6 in","Drive Bit, 6 in",,,,,,,,,,,,,,,,,,,,,,,,,,,Drive Bit,Size,6,in,,,,,,,,,,,,,,,,,,,,,,,,,,,,,,,,,,,,,,,,,,,,,,,,,,,,,,,,,,,,,,,,,,,,,,,,,,,,,,,,,,,,,,,,,,,,,,,,,,,,,,,,,,,,,,,,,,,,,,,,,,,,,,,,,,,,,,,,,,,,,,,,,,,,,,,27112800,,,,,,,,,,,,,,,,,,,,,,,,,,,,,,,,,,,,,,,,,,,
,,,,,,,Tools,Power Tool Accessories,Driver Bits,,DPH2R1B,"DPH2R1B 1"" #2 Phillips Drywall - Screws Drive Bit",-- Unbranded --,-- No Unilog Brand --,Diablo,Freud Inc (2435),"Freud America, Inc.",Diablo®,,DPH2R1B,,Tools & Equipment>Power Tool Accessories>Driver Bits,"Freud America, Inc. Diablo, Drive Bit, DPH2R1B, 1 in, Drywall",DRIVE BIT 1IN DRYWALL,"Diablo® DPH2R1B Drive Bit, 1 in, Drywall","Diablo® Drive Bit, 1 in, Drywall","Drive Bit, 1 in, Drywall",,,,,,,,,,,,,,,,,,,,,,,,,,,Drive Bit,Size,1,in,Application,Drywall,,,,,,,,,,,,,,,,,,,,,,,,,,,,,,,,,,,,,,,,,,,,,,,,,,,,,,,,,,,,,,,,,,,,,,,,,,,,,,,,,,,,,,,,,,,,,,,,,,,,,,,,,,,,,,,,,,,,,,,,,,,,,,,,,,,,,,,,,,,,,,,,,,,,,27112800,,,,,,,,,,,,,,,,,,,,,,,,,,,,,,,,,,,,,,,,,,,
,,,,,,,Tools,Power Tool Accessories,Driver Bits,,DPH31B,"DPH31B 1"" #3 Phillips Drive - Bit",-- Unbranded --,-- No Unilog Brand --,Diablo,Freud Inc (2435),"Freud America, Inc.",Diablo®,,DPH31B,,Tools & Equipment>Power Tool Accessories>Driver Bits,"Freud America, Inc. Diablo, Drive Bit, DPH31B, 1 in",DRIVE BIT 1IN,"Diablo® DPH31B Drive Bit, 1 in","Diablo® Drive Bit, 1 in","Drive Bit, 1 in",,,,,,,,,,,,,,,,,,,,,,,,,,,Drive Bit,Size,1,in,,,,,,,,,,,,,,,,,,,,,,,,,,,,,,,,,,,,,,,,,,,,,,,,,,,,,,,,,,,,,,,,,,,,,,,,,,,,,,,,,,,,,,,,,,,,,,,,,,,,,,,,,,,,,,,,,,,,,,,,,,,,,,,,,,,,,,,,,,,,,,,,,,,,,,,27112800,,,,,,,,,,,,,,,,,,,,,,,,,,,,,,,,,,,,,,,,,,,
,,,,,,,Tools,Power Tool Accessories,Driver Bits,,DPH32B,"DPH32B 2"" #3 Phillips Drive - Bit",-- Unbranded --,-- No Unilog Brand --,Diablo,Freud Inc (2435),"Freud America, Inc.",Diablo®,,DPH32B,,Tools & Equipment>Power Tool Accessories>Driver Bits,"Freud America, Inc. Diablo, Drive Bit, DPH32B, 2 in",DRIVE BIT 2IN,"Diablo® DPH32B Drive Bit, 2 in","Diablo® Drive Bit, 2 in","Drive Bit, 2 in",,,,,,,,,,,,,,,,,,,,,,,,,,,Drive Bit,Size,2,in,,,,,,,,,,,,,,,,,,,,,,,,,,,,,,,,,,,,,,,,,,,,,,,,,,,,,,,,,,,,,,,,,,,,,,,,,,,,,,,,,,,,,,,,,,,,,,,,,,,,,,,,,,,,,,,,,,,,,,,,,,,,,,,,,,,,,,,,,,,,,,,,,,,,,,,27112800,,,,,,,,,,,,,,,,,,,,,,,,,,,,,,,,,,,,,,,,,,,
,,,,,,,Tools,Power Tool Accessories,Driver Bits,,DPH335B,"DPH335B 3-1/2"" #3 Phillips - Drive Bit",-- Unbranded --,-- No Unilog Brand --,Diablo,Freud Inc (2435),"Freud America, Inc.",Diablo®,,DPH335B,,Tools & Equipment>Power Tool Accessories>Driver Bits,"Freud America, Inc. Diablo, Drive Bit, DPH335B, 3-1/2 in",DRIVE BIT 3-1/2IN,"Diablo® DPH335B Drive Bit, 3-1/2 in","Diablo® Drive Bit, 3-1/2 in","Drive Bit, 3-1/2 in",,,,,,,,,,,,,,,,,,,,,,,,,,,Drive Bit,Size,3-1/2,in,,,,,,,,,,,,,,,,,,,,,,,,,,,,,,,,,,,,,,,,,,,,,,,,,,,,,,,,,,,,,,,,,,,,,,,,,,,,,,,,,,,,,,,,,,,,,,,,,,,,,,,,,,,,,,,,,,,,,,,,,,,,,,,,,,,,,,,,,,,,,,,,,,,,,,,27112800,,,,,,,,,,,,,,,,,,,,,,,,,,,,,,,,,,,,,,,,,,,
,,,,,,,Tools,Hand Tools,Layout & Measuring,,DSQ12B,"DSQ12B 2"" #1 Square Drive Bit",-- Unbranded --,-- No Unilog Brand --,Diablo,Freud Inc (2435),"Freud America, Inc.",Diablo®,,DSQ12B,,Tools & Equipment>Hand Tools>Layout & Measuring Tools,"Freud America, Inc. Diablo, Square, Drive Bit, DSQ12B, 2 in",SQUARE 2IN DSQ12B,"Diablo® Drive Bit DSQ12B Square, 2 in","Diablo® Square, Drive Bit, 2 in","Drive Bit Square, 2 in",,,,,,,,,,,,,,,,,,,,,,,,,,,Square,Size,2,in,Series,Drive Bit,,,,,,,,,,,,,,,,,,,,,,,,,,,,,,,,,,,,,,,,,,,,,,,,,,,,,,,,,,,,,,,,,,,,,,,,,,,,,,,,,,,,,,,,,,,,,,,,,,,,,,,,,,,,,,,,,,,,,,,,,,,,,,,,,,,,,,,,,,,,,,,,,,,,,41111700,,,,,,,,,,,,,,,,,,,,,,,,,,,,,,,,,,,,,,,,,,,
,,,,,,,Tools,Hand Tools,Layout & Measuring,,DSQ22B,"DSQ22B 2"" #2 Square Drive Bit",-- Unbranded --,-- No Unilog Brand --,Diablo,Freud Inc (2435),"Freud America, Inc.",Diablo®,,DSQ22B,,Tools & Equipment>Hand Tools>Layout & Measuring Tools,"Freud America, Inc. Diablo, Square, Drive Bit, DSQ22B, 2 in",SQUARE 2IN DSQ22B,"Diablo® Drive Bit DSQ22B Square, 2 in","Diablo® Square, Drive Bit, 2 in","Drive Bit Square, 2 in",,,,,,,,,,,,,,,,,,,,,,,,,,,Square,Size,2,in,Series,Drive Bit,,,,,,,,,,,,,,,,,,,,,,,,,,,,,,,,,,,,,,,,,,,,,,,,,,,,,,,,,,,,,,,,,,,,,,,,,,,,,,,,,,,,,,,,,,,,,,,,,,,,,,,,,,,,,,,,,,,,,,,,,,,,,,,,,,,,,,,,,,,,,,,,,,,,,41111700,,,,,,,,,,,,,,,,,,,,,,,,,,,,,,,,,,,,,,,,,,,
,,,,,,,Tools,Hand Tools,Layout & Measuring,,DSQ26B,"DSQ26B 6"" #2 Square Drive Bit",-- Unbranded --,-- No Unilog Brand --,Diablo,Freud Inc (2435),"Freud America, Inc.",Diablo®,,DSQ26B,,Tools & Equipment>Hand Tools>Layout & Measuring Tools,"Freud America, Inc. Diablo, Square, Drive Bit, DSQ26B, 6 in",SQUARE 6IN DSQ26B,"Diablo® Drive Bit DSQ26B Square, 6 in","Diablo® Square, Drive Bit, 6 in","Drive Bit Square, 6 in",,,,,,,,,,,,,,,,,,,,,,,,,,,Square,Size,6,in,Series,Drive Bit,,,,,,,,,,,,,,,,,,,,,,,,,,,,,,,,,,,,,,,,,,,,,,,,,,,,,,,,,,,,,,,,,,,,,,,,,,,,,,,,,,,,,,,,,,,,,,,,,,,,,,,,,,,,,,,,,,,,,,,,,,,,,,,,,,,,,,,,,,,,,,,,,,,,,41111700,,,,,,,,,,,,,,,,,,,,,,,,,,,,,,,,,,,,,,,,,,,
,,,,,,,Tools,Hand Tools,Layout & Measuring,,DSQ32B,"DSQ32B 2"" #3 Square Drive Bit",-- Unbranded --,-- No Unilog Brand --,Diablo,Freud Inc (2435),"Freud America, Inc.",Diablo®,,DSQ32B,,Tools & Equipment>Hand Tools>Layout & Measuring Tools,"Freud America, Inc. Diablo, Square, Drive Bit, DSQ32B, 2 in",SQUARE 2IN DSQ32B,"Diablo® Drive Bit DSQ32B Square, 2 in","Diablo® Square, Drive Bit, 2 in","Drive Bit Square, 2 in",,,,,,,,,,,,,,,,,,,,,,,,,,,Square,Size,2,in,Series,Drive Bit,,,,,,,,,,,,,,,,,,,,,,,,,,,,,,,,,,,,,,,,,,,,,,,,,,,,,,,,,,,,,,,,,,,,,,,,,,,,,,,,,,,,,,,,,,,,,,,,,,,,,,,,,,,,,,,,,,,,,,,,,,,,,,,,,,,,,,,,,,,,,,,,,,,,,41111700,,,,,,,,,,,,,,,,,,,,,,,,,,,,,,,,,,,,,,,,,,,
,,,,,,,Tools,Power Tool Accessories,Driver Bits,,DT102B,"DT102B 2"" #10 Torx Drive Bit",-- Unbranded --,-- No Unilog Brand --,Diablo,Freud Inc (2435),"Freud America, Inc.",Diablo®,,DT102B,,Tools & Equipment>Power Tool Accessories>Driver Bits,"Freud America, Inc. Diablo, Torx Drive Bit, DT102B, 2 in",TORX DRIVE BIT 2IN,"Diablo® DT102B Torx Drive Bit, 2 in","Diablo® Torx Drive Bit, 2 in","Torx Drive Bit, 2 in",,,,,,,,,,,,,,,,,,,,,,,,,,,Torx Drive Bit,Size,2,in,,,,,,,,,,,,,,,,,,,,,,,,,,,,,,,,,,,,,,,,,,,,,,,,,,,,,,,,,,,,,,,,,,,,,,,,,,,,,,,,,,,,,,,,,,,,,,,,,,,,,,,,,,,,,,,,,,,,,,,,,,,,,,,,,,,,,,,,,,,,,,,,,,,,,,,27112800,,,,,,,,,,,,,,,,,,,,,,,,,,,,,,,,,,,,,,,,,,,
,,,,,,,Tools,Power Tool Accessories,Driver Bits,,DT152B,"DT152B 2"" #15 Torx Drive Bit",-- Unbranded --,-- No Unilog Brand --,Diablo,Freud Inc (2435),"Freud America, Inc.",Diablo®,,DT152B,,Tools & Equipment>Power Tool Accessories>Driver Bits,"Freud America, Inc. Diablo, Torx Drive Bit, DT152B, 2 in",TORX DRIVE BIT 2IN,"Diablo® DT152B Torx Drive Bit, 2 in","Diablo® Torx Drive Bit, 2 in","Torx Drive Bit, 2 in",,,,,,,,,,,,,,,,,,,,,,,,,,,Torx Drive Bit,Size,2,in,,,,,,,,,,,,,,,,,,,,,,,,,,,,,,,,,,,,,,,,,,,,,,,,,,,,,,,,,,,,,,,,,,,,,,,,,,,,,,,,,,,,,,,,,,,,,,,,,,,,,,,,,,,,,,,,,,,,,,,,,,,,,,,,,,,,,,,,,,,,,,,,,,,,,,,27112800,,,,,,,,,,,,,,,,,,,,,,,,,,,,,,,,,,,,,,,,,,,
,,,,,,,Tools,Power Tool Accessories,Driver Bits,,DT1535B,"DT1535B 3-1/2"" #15 Torx Drive - Bit",-- Unbranded --,-- No Unilog Brand --,Diablo,Freud Inc (2435),"Freud America, Inc.",Diablo®,,DT1535B,,Tools & Equipment>Power Tool Accessories>Driver Bits,"Freud America, Inc. Diablo, Torx Drive Bit, DT1535B, 3-1/2 in",TORX DRIVE BIT 3-1/2IN,"Diablo® DT1535B Torx Drive Bit, 3-1/2 in","Diablo® Torx Drive Bit, 3-1/2 in","Torx Drive Bit, 3-1/2 in",,,,,,,,,,,,,,,,,,,,,,,,,,,Torx Drive Bit,Size,3-1/2,in,,,,,,,,,,,,,,,,,,,,,,,,,,,,,,,,,,,,,,,,,,,,,,,,,,,,,,,,,,,,,,,,,,,,,,,,,,,,,,,,,,,,,,,,,,,,,,,,,,,,,,,,,,,,,,,,,,,,,,,,,,,,,,,,,,,,,,,,,,,,,,,,,,,,,,,27112800,,,,,,,,,,,,,,,,,,,,,,,,,,,,,,,,,,,,,,,,,,,
,,,,,,,Tools,Power Tool Accessories,Driver Bits,,DT202B,"DT202B 2"" #20 Torx Drive Bit",-- Unbranded --,-- No Unilog Brand --,Diablo,Freud Inc (2435),"Freud America, Inc.",Diablo®,,DT202B,,Tools & Equipment>Power Tool Accessories>Driver Bits,"Freud America, Inc. Diablo, Torx Drive Bit, DT202B, 2 in",TORX DRIVE BIT 2IN,"Diablo® DT202B Torx Drive Bit, 2 in","Diablo® Torx Drive Bit, 2 in","Torx Drive Bit, 2 in",,,,,,,,,,,,,,,,,,,,,,,,,,,Torx Drive Bit,Size,2,in,,,,,,,,,,,,,,,,,,,,,,,,,,,,,,,,,,,,,,,,,,,,,,,,,,,,,,,,,,,,,,,,,,,,,,,,,,,,,,,,,,,,,,,,,,,,,,,,,,,,,,,,,,,,,,,,,,,,,,,,,,,,,,,,,,,,,,,,,,,,,,,,,,,,,,,27112800,,,,,,,,,,,,,,,,,,,,,,,,,,,,,,,,,,,,,,,,,,,
,,,,,,,Tools,Power Tool Accessories,Driver Bits,,DT2035B,"DT2035B 3-1/2"" #20 Torx Drive - Bit",-- Unbranded --,-- No Unilog Brand --,Diablo,Freud Inc (2435),"Freud America, Inc.",Diablo®,,DT2035B,,Tools & Equipment>Power Tool Accessories>Driver Bits,"Freud America, Inc. Diablo, Torx Drive Bit, DT2035B, 3-1/2 in",TORX DRIVE BIT 3-1/2IN,"Diablo® DT2035B Torx Drive Bit, 3-1/2 in","Diablo® Torx Drive Bit, 3-1/2 in","Torx Drive Bit, 3-1/2 in",,,,,,,,,,,,,,,,,,,,,,,,,,,Torx Drive Bit,Size,3-1/2,in,,,,,,,,,,,,,,,,,,,,,,,,,,,,,,,,,,,,,,,,,,,,,,,,,,,,,,,,,,,,,,,,,,,,,,,,,,,,,,,,,,,,,,,,,,,,,,,,,,,,,,,,,,,,,,,,,,,,,,,,,,,,,,,,,,,,,,,,,,,,,,,,,,,,,,,27112800,,,,,,,,,,,,,,,,,,,,,,,,,,,,,,,,,,,,,,,,,,,
,,,,,,,Tools,Power Tool Accessories,Driver Bits,,DT206B,"DT206B 6"" #20 Torx Drive Bit",-- Unbranded --,-- No Unilog Brand --,Diablo,Freud Inc (2435),"Freud America, Inc.",Diablo®,,DT206B,,Tools & Equipment>Power Tool Accessories>Driver Bits,"Freud America, Inc. Diablo, Torx Drive Bit, DT206B, 6 in",TORX DRIVE BIT 6IN,"Diablo® DT206B Torx Drive Bit, 6 in","Diablo® Torx Drive Bit, 6 in","Torx Drive Bit, 6 in",,,,,,,,,,,,,,,,,,,,,,,,,,,Torx Drive Bit,Size,6,in,,,,,,,,,,,,,,,,,,,,,,,,,,,,,,,,,,,,,,,,,,,,,,,,,,,,,,,,,,,,,,,,,,,,,,,,,,,,,,,,,,,,,,,,,,,,,,,,,,,,,,,,,,,,,,,,,,,,,,,,,,,,,,,,,,,,,,,,,,,,,,,,,,,,,,,27112800,,,,,,,,,,,,,,,,,,,,,,,,,,,,,,,,,,,,,,,,,,,
,,,,,,,Tools,Power Tool Accessories,Driver Bits,,DT252B,"DT252B 2"" #25 Trox Drive Bit",-- Unbranded --,-- No Unilog Brand --,Diablo,Freud Inc (2435),"Freud America, Inc.",Diablo®,,DT252B,,Tools & Equipment>Power Tool Accessories>Driver Bits,"Freud America, Inc. Diablo, Drive Bit, DT252B, 2 in",DRIVE BIT 2IN,"Diablo® DT252B Drive Bit, 2 in","Diablo® Drive Bit, 2 in","Drive Bit, 2 in",,,,,,,,,,,,,,,,,,,,,,,,,,,Drive Bit,Size,2,in,,,,,,,,,,,,,,,,,,,,,,,,,,,,,,,,,,,,,,,,,,,,,,,,,,,,,,,,,,,,,,,,,,,,,,,,,,,,,,,,,,,,,,,,,,,,,,,,,,,,,,,,,,,,,,,,,,,,,,,,,,,,,,,,,,,,,,,,,,,,,,,,,,,,,,,27112800,,,,,,,,,,,,,,,,,,,,,,,,,,,,,,,,,,,,,,,,,,,
,,,,,,,Tools,Power Tool Accessories,Driver Bits,,DT2535B,"DT2535B 3-1/4"" #25 Torx Drive - Bit",-- Unbranded --,-- No Unilog Brand --,Diablo,Freud Inc (2435),"Freud America, Inc.",Diablo®,,DT2535B,,Tools & Equipment>Power Tool Accessories>Driver Bits,"Freud America, Inc. Diablo, Torx Drive Bit, DT2535B, 3-1/4 in",TORX DRIVE BIT 3-1/4IN,"Diablo® DT2535B Torx Drive Bit, 3-1/4 in","Diablo® Torx Drive Bit, 3-1/4 in","Torx Drive Bit, 3-1/4 in",,,,,,,,,,,,,,,,,,,,,,,,,,,Torx Drive Bit,Size,3-1/4,in,,,,,,,,,,,,,,,,,,,,,,,,,,,,,,,,,,,,,,,,,,,,,,,,,,,,,,,,,,,,,,,,,,,,,,,,,,,,,,,,,,,,,,,,,,,,,,,,,,,,,,,,,,,,,,,,,,,,,,,,,,,,,,,,,,,,,,,,,,,,,,,,,,,,,,,27112800,,,,,,,,,,,,,,,,,,,,,,,,,,,,,,,,,,,,,,,,,,,
,,,,,,,Tools,Power Tool Accessories,Driver Bits,,DT256B,"DT256B 6"" #25 Torx Drive Bit",-- Unbranded --,-- No Unilog Brand --,Diablo,Freud Inc (2435),"Freud America, Inc.",Diablo®,,DT256B,,Tools & Equipment>Power Tool Accessories>Driver Bits,"Freud America, Inc. Diablo, Torx Drive Bit, DT256B, 6 in",TORX DRIVE BIT 6IN,"Diablo® DT256B Torx Drive Bit, 6 in","Diablo® Torx Drive Bit, 6 in","Torx Drive Bit, 6 in",,,,,,,,,,,,,,,,,,,,,,,,,,,Torx Drive Bit,Size,6,in,,,,,,,,,,,,,,,,,,,,,,,,,,,,,,,,,,,,,,,,,,,,,,,,,,,,,,,,,,,,,,,,,,,,,,,,,,,,,,,,,,,,,,,,,,,,,,,,,,,,,,,,,,,,,,,,,,,,,,,,,,,,,,,,,,,,,,,,,,,,,,,,,,,,,,,27112800,,,,,,,,,,,,,,,,,,,,,,,,,,,,,,,,,,,,,,,,,,,
,,,,,,,Tools,Power Tool Accessories,Driver Bits,,DT302B,"DT302B 2"" #30 Torx Drive Bit",-- Unbranded --,-- No Unilog Brand --,Diablo,Freud Inc (2435),"Freud America, Inc.",Diablo®,,DT302B,,Tools & Equipment>Power Tool Accessories>Driver Bits,"Freud America, Inc. Diablo, Torx Drive Bit, DT302B, 2 in",TORX DRIVE BIT 2IN,"Diablo® DT302B Torx Drive Bit, 2 in","Diablo® Torx Drive Bit, 2 in","Torx Drive Bit, 2 in",,,,,,,,,,,,,,,,,,,,,,,,,,,Torx Drive Bit,Size,2,in,,,,,,,,,,,,,,,,,,,,,,,,,,,,,,,,,,,,,,,,,,,,,,,,,,,,,,,,,,,,,,,,,,,,,,,,,,,,,,,,,,,,,,,,,,,,,,,,,,,,,,,,,,,,,,,,,,,,,,,,,,,,,,,,,,,,,,,,,,,,,,,,,,,,,,,27112800,,,,,,,,,,,,,,,,,,,,,,,,,,,,,,,,,,,,,,,,,,,
,,,,,,,Tools,Power Tool Accessories,Driver Bits,,DT402B,"DT402B 2"" #40 Torx Drive Bit",-- Unbranded --,-- No Unilog Brand --,Diablo,Freud Inc (2435),"Freud America, Inc.",Diablo®,,DT402B,,Tools & Equipment>Power Tool Accessories>Driver Bits,"Freud America, Inc. Diablo, Torx Drive Bit, DT402B, 2 in",TORX DRIVE BIT 2IN,"Diablo® DT402B Torx Drive Bit, 2 in","Diablo® Torx Drive Bit, 2 in","Torx Drive Bit, 2 in",,,,,,,,,,,,,,,,,,,,,,,,,,,Torx Drive Bit,Size,2,in,,,,,,,,,,,,,,,,,,,,,,,,,,,,,,,,,,,,,,,,,,,,,,,,,,,,,,,,,,,,,,,,,,,,,,,,,,,,,,,,,,,,,,,,,,,,,,,,,,,,,,,,,,,,,,,,,,,,,,,,,,,,,,,,,,,,,,,,,,,,,,,,,,,,,,,27112800,,,,,,,,,,,,,,,,,,,,,,,,,,,,,,,,,,,,,,,,,,,
,,,,,,,Building Materials,Fasteners,Fasteners,,DDWSSB,DDWSSB #2 Drywall Screw Setter,-- Unbranded --,-- No Unilog Brand --,Diablo,Freud Inc (2435),"Freud America, Inc.",Diablo®,,DDWSSB,,Building Materials>Fasteners>Nails & Staples,"Freud America, Inc. Diablo, Screw, DDWSSB, Drywall",SCREW DRYWALL,"Diablo® DDWSSB Screw, Drywall","Diablo® Screw, Drywall","Screw, Drywall",,,,,,,,,,,,,,,,,,,,,,,,,,,Screw,Gauge,,,Size,,,Size,,,Pack Quantity,,,Application,Drywall,,,,,,,,,,,,,,,,,,,,,,,,,,,,,,,,,,,,,,,,,,,,,,,,,,,,,,,,,,,,,,,,,,,,,,,,,,,,,,,,,,,,,,,,,,,,,,,,,,,,,,,,,,,,,,,,,,,,,,,,,,,,,,,,,,,,,,,,,,,,31161500,,,,,,,,,,,,,,,,,,,,,,,,,,,,,,,,,,,,,,,,,,,
,,,,,,,Tools,Power Tool Accessories,Driver Bits,,191V02-0,191V02-0 Makita #2 Phillips Bit 5pk,-- Unbranded --,-- No Unilog Brand --,-- No DIB Brand --,Makita Usa Inc (5142),"Makita U.S.A., Inc.",Makita®,,191V02-0,,Tools & Equipment>Power Tool Accessories>Driver Bits,"Makita U.S.A., Inc. Makita, Bit, 191V02-0, 5",BIT 5 191V02-0,"Makita® 191V02-0 Bit, 5","Makita® Bit, 5","Bit, 5",,,,,,,,,,,,,,,,,,,,,,,,,,,Bit,Size,,,Pack Quantity,5,,,,,,,,,,,,,,,,,,,,,,,,,,,,,,,,,,,,,,,,,,,,,,,,,,,,,,,,,,,,,,,,,,,,,,,,,,,,,,,,,,,,,,,,,,,,,,,,,,,,,,,,,,,,,,,,,,,,,,,,,,,,,,,,,,,,,,,,,,,,,,,,,,,,,27112800,,,,,,,,,,,,,,,,,,,,,,,,,,,,,,,,,,,,,,,,,,,
,,,,,,,,,,,XTS02Z,"XTS02Z Makita 18V 1/4"" Narrow Crown Stapler 18GA",-- Unbranded --,-- No Unilog Brand --,-- No DIB Brand --,Makita Usa Inc (5142),"Makita U.S.A., Inc.",Makita®,,XTS02Z,,,"Makita U.S.A., Inc. Makita, Crown Stapler, XTS02Z, 1/4 in, 18 V",CROWN STAPLER 18V 1/4IN 18V 18GA,"Makita® XTS02Z Crown Stapler, 1/4 in, 18 V, 18V, 18 GA","Makita® Crown Stapler, 1/4 in, 18 V, 18V, 18 GA","Crown Stapler, 1/4 in, 18 V, 18V, 18 GA",,,,,,,,,,,,,,,,,,,,,,,,,,,Crown Stapler,Wattage,,,Color Temperature,,,Bulb Shape,,,Base Type,,,Pack Quantity,,,Size,1/4,in,Voltage Rating,18,V,Battery Platform,18V,,Gauge,18,GA,,,,,,,,,,,,,,,,,,,,,,,,,,,,,,,,,,,,,,,,,,,,,,,,,,,,,,,,,,,,,,,,,,,,,,,,,,,,,,,,,,,,,,,,,,,,,,,,,,,,,,,,,,,,,,,,,,,,,,,,,,,,,,,,,,,,,,,,,,,,,,,,,,,,,,,,,,,,,,,,,,,,,,,,,,
,,,,,,,Tools,Power Tools,Impact Tools,,DCF809D1,"DCF809D1 Dewalt Atomic 20V 1/4"" Impact Driver Kit",-- Unbranded --,-- No Unilog Brand --,DEWALT,Black & Decker/dewlt (2585),Stanley Black & Decker,DEWALT®,,DCF809D1,,Tools & Equipment>Power Tools>Impact Drivers & Wrenches,"Stanley Black & Decker DEWALT, Impact Driver, DCF809D1, 1/4 in",IMPACT DRIVER 20V 1/4IN ATOMIC KIT,"DEWALT® DCF809D1 Impact Driver, ATOMIC, 20 V, 1/4 in, Kit","DEWALT® Impact Driver, ATOMIC, 20 V, 1/4 in, Kit","Impact Driver, ATOMIC, 20 V, 1/4 in, Kit",,,,,,,,,,,,,,,,,,,,,,,,,,,Impact Driver,Battery Platform,ATOMIC,,Voltage Rating,20,V,Size,1/4,in,Configuration,Kit,,,,,,,,,,,,,,,,,,,,,,,,,,,,,,,,,,,,,,,,,,,,,,,,,,,,,,,,,,,,,,,,,,,,,,,,,,,,,,,,,,,,,,,,,,,,,,,,,,,,,,,,,,,,,,,,,,,,,,,,,,,,,,,,,,,,,,,,,,,,,,,27112000,,,,,,,,,,,,,,,,,,,,,,,,,,,,,,,,,,,,,,,,,,,
,,,,,,,,,,,2761-20,"2761-20 Milw M18 1/4"" Hex Hydraulic Driver",-- Unbranded --,-- No Unilog Brand --,-- No DIB Brand --,Milwaukee Accessory (4031),Milwaukee Tool,Milwaukee®,,2761-20,,,"Milwaukee Tool Milwaukee, Driver, Hex Hydraulic, 2761-20, 1/4 in",DRIVER 1/4IN M18,"Milwaukee® Hex Hydraulic 2761-20 Driver, 1/4 in, M18","Milwaukee® Driver, Hex Hydraulic, 1/4 in, M18","Hex Hydraulic Driver, 1/4 in, M18",,,,,,,,,,,,,,,,,,,,,,,,,,,Driver,Wattage,,,Color Temperature,,,Bulb Shape,,,Base Type,,,Pack Quantity,,,Series,Hex Hydraulic,,Size,1/4,in,Battery Platform,M18,,,,,,,,,,,,,,,,,,,,,,,,,,,,,,,,,,,,,,,,,,,,,,,,,,,,,,,,,,,,,,,,,,,,,,,,,,,,,,,,,,,,,,,,,,,,,,,,,,,,,,,,,,,,,,,,,,,,,,,,,,,,,,,,,,,,,,,,,,,,,,,,,,,,,,,,,,,,,,,,,,,,,,,,,,,,,,
,,,,,,,,,,,2761-22,2761-22 Milw M18 Surge Kit,-- Unbranded --,-- No Unilog Brand --,-- No DIB Brand --,Milwaukee Accessory (4031),Milwaukee Tool,Milwaukee®,,2761-22,,,"Milwaukee Tool Milwaukee, Surge, 2761-22, M18, Kit",SURGE M18 KIT,"Milwaukee® 2761-22 Surge, M18, Kit","Milwaukee® Surge, M18, Kit","Surge, M18, Kit",,,,,,,,,,,,,,,,,,,,,,,,,,,Surge,Wattage,,,Color Temperature,,,Bulb Shape,,,Base Type,,,Pack Quantity,,,Battery Platform,M18,,Configuration,Kit,,,,,,,,,,,,,,,,,,,,,,,,,,,,,,,,,,,,,,,,,,,,,,,,,,,,,,,,,,,,,,,,,,,,,,,,,,,,,,,,,,,,,,,,,,,,,,,,,,,,,,,,,,,,,,,,,,,,,,,,,,,,,,,,,,,,,,,,,,,,,,,,,,,,,,,,,,,,,,,,,,,,,,,,,,,,,,,,,
,,,,,,,Tools,Power Tools,Impact Tools,,3450-20,3450-20 Milw M12 Impact Driver - Brushless Compact (Bare),-- Unbranded --,-- No Unilog Brand --,-- No DIB Brand --,Milwaukee Accessory (4031),Milwaukee Tool,Milwaukee®,,3450-20,,Tools & Equipment>Power Tools>Impact Drivers & Wrenches,"Milwaukee Tool Milwaukee, Impact Driver, Brushless Compact, 3450-20",IMPACT DRIVER M12,"Milwaukee® Brushless Compact 3450-20 Impact Driver, M12","Milwaukee® Impact Driver, Brushless Compact, M12","Brushless Compact Impact Driver, M12",,,,,,,,,,,,,,,,,,,,,,,,,,,Impact Driver,Battery Platform,M12,,Voltage Rating,,,Size,,,Configuration,,,Series,Brushless Compact,,Battery Included,No,,,,,,,,,,,,,,,,,,,,,,,,,,,,,,,,,,,,,,,,,,,,,,,,,,,,,,,,,,,,,,,,,,,,,,,,,,,,,,,,,,,,,,,,,,,,,,,,,,,,,,,,,,,,,,,,,,,,,,,,,,,,,,,,,,,,,,,,,27112000,,,,,,,,,,,,,,,,,,,,,,,,,,,,,,,,,,,,,,,,,,,
,,,,,,,Tools,Power Tools,Impact Tools,,KPTDV025A,KPTDV025A Kreg 20V Ionic Compact Impact Driver,-- Unbranded --,-- No Unilog Brand --,-- No DIB Brand --,Kreg Tool Company (KRETO),Kreg Tool Company,Kreg®,,KPTDV025A,,Tools & Equipment>Power Tools>Impact Drivers & Wrenches,"Kreg Tool Company Kreg, Impact Driver, Ionic Compact, KPTDV025A",IMPACT DRIVER 20V,"Kreg® Ionic Compact KPTDV025A Impact Driver, 20 V","Kreg® Impact Driver, Ionic Compact, 20 V","Ionic Compact Impact Driver, 20 V",,,,,,,,,,,,,,,,,,,,,,,,,,,Impact Driver,Battery Platform,,,Voltage Rating,20,V,Size,,,Configuration,,,Series,Ionic Compact,,,,,,,,,,,,,,,,,,,,,,,,,,,,,,,,,,,,,,,,,,,,,,,,,,,,,,,,,,,,,,,,,,,,,,,,,,,,,,,,,,,,,,,,,,,,,,,,,,,,,,,,,,,,,,,,,,,,,,,,,,,,,,,,,,,,,,,,,,,,27112000,,,,,,,,,,,,,,,,,,,,,,,,,,,,,,,,,,,,,,,,,,,
,,,,,,,Tools,Power Tools,Impact Tools,,3048-20,"3048-20 Milw M12 1/4"" Impact Wrench w/Friction Ring",-- Unbranded --,-- No Unilog Brand --,-- No DIB Brand --,Milwaukee Accessory (4031),Milwaukee Tool,Milwaukee®,,3048-20,,Tools & Equipment>Power Tools>Impact Drivers & Wrenches,"Milwaukee Tool Milwaukee, Impact Wrench, Friction Ring, 3048-20",IMPACT WRENCH 1/4IN M12,"Milwaukee® Friction Ring 3048-20 Impact Wrench, M12, 1/4 in","Milwaukee® Impact Wrench, Friction Ring, M12, 1/4 in","Friction Ring Impact Wrench, M12, 1/4 in",,,,,,,,,,,,,,,,,,,,,,,,,,,Impact Wrench,Battery Platform,M12,,Voltage Rating,,,Size,1/4,in,Configuration,,,Series,Friction Ring,,,,,,,,,,,,,,,,,,,,,,,,,,,,,,,,,,,,,,,,,,,,,,,,,,,,,,,,,,,,,,,,,,,,,,,,,,,,,,,,,,,,,,,,,,,,,,,,,,,,,,,,,,,,,,,,,,,,,,,,,,,,,,,,,,,,,,,,,,,,27112000,,,,,,,,,,,,,,,,,,,,,,,,,,,,,,,,,,,,,,,,,,,
,,,,,,,Tools,Power Tools,Impact Tools,,3049-20,"3049-20 Milw M12 3/8"" Impact Wrench w/Friction Ring",-- Unbranded --,-- No Unilog Brand --,-- No DIB Brand --,Milwaukee Accessory (4031),Milwaukee Tool,Milwaukee®,,3049-20,,Tools & Equipment>Power Tools>Impact Drivers & Wrenches,"Milwaukee Tool Milwaukee, Impact Wrench, Friction Ring, 3049-20",IMPACT WRENCH 3/8IN M12,"Milwaukee® Friction Ring 3049-20 Impact Wrench, M12, 3/8 in","Milwaukee® Impact Wrench, Friction Ring, M12, 3/8 in","Friction Ring Impact Wrench, M12, 3/8 in",,,,,,,,,,,,,,,,,,,,,,,,,,,Impact Wrench,Battery Platform,M12,,Voltage Rating,,,Size,3/8,in,Configuration,,,Series,Friction Ring,,,,,,,,,,,,,,,,,,,,,,,,,,,,,,,,,,,,,,,,,,,,,,,,,,,,,,,,,,,,,,,,,,,,,,,,,,,,,,,,,,,,,,,,,,,,,,,,,,,,,,,,,,,,,,,,,,,,,,,,,,,,,,,,,,,,,,,,,,,,27112000,,,,,,,,,,,,,,,,,,,,,,,,,,,,,,,,,,,,,,,,,,,
,,,,,,,Tools,Power Tools,Impact Tools,,2563-20,"2563-20 Milw M12 Stubby 1/2"" Impact Wrench",-- Unbranded --,-- No Unilog Brand --,-- No DIB Brand --,Milwaukee Accessory (4031),Milwaukee Tool,Milwaukee®,,2563-20,,Tools & Equipment>Power Tools>Impact Drivers & Wrenches,"Milwaukee Tool Milwaukee, Impact Wrench, 2563-20, 1/2 in, M12",IMPACT WRENCH 1/2IN M12,"Milwaukee® 2563-20 Impact Wrench, M12, 1/2 in","Milwaukee® Impact Wrench, M12, 1/2 in","Impact Wrench, M12, 1/2 in",,,,,,,,,,,,,,,,,,,,,,,,,,,Impact Wrench,Battery Platform,M12,,Voltage Rating,,,Size,1/2,in,Configuration,,,,,,,,,,,,,,,,,,,,,,,,,,,,,,,,,,,,,,,,,,,,,,,,,,,,,,,,,,,,,,,,,,,,,,,,,,,,,,,,,,,,,,,,,,,,,,,,,,,,,,,,,,,,,,,,,,,,,,,,,,,,,,,,,,,,,,,,,,,,,,,,27112000,,,,,,,,,,,,,,,,,,,,,,,,,,,,,,,,,,,,,,,,,,,
,,,,,,,Tools,Power Tools,Impact Tools,,DCF961B,"Dewalt DCF961B 20V 1/2"" Impact - Bare Tool",-- Unbranded --,-- No Unilog Brand --,DEWALT,Black & Decker/dewlt (2585),Stanley Black & Decker,DEWALT®,,DCF961B,,Tools & Equipment>Power Tools>Impact Drivers & Wrenches,"Stanley Black & Decker DEWALT, Impact, DCF961B, 1/2 in, 20 V",IMPACT 20V 1/2IN BARE TOOL,"DEWALT® DCF961B Impact, 20 V, 1/2 in, Bare Tool","DEWALT® Impact, 20 V, 1/2 in, Bare Tool","Impact, 20 V, 1/2 in, Bare Tool",,,,,,,,,,,,,,,,,,,,,,,,,,,Impact,Battery Platform,,,Voltage Rating,20,V,Size,1/2,in,Configuration,Bare Tool,,,,,,,,,,,,,,,,,,,,,,,,,,,,,,,,,,,,,,,,,,,,,,,,,,,,,,,,,,,,,,,,,,,,,,,,,,,,,,,,,,,,,,,,,,,,,,,,,,,,,,,,,,,,,,,,,,,,,,,,,,,,,,,,,,,,,,,,,,,,,,,27112000,,,,,,,,,,,,,,,,,,,,,,,,,,,,,,,,,,,,,,,,,,,
,,,,,,,Tools,Power Tools,Impact Tools,,DCF964B,"DCF964B Dewalt 20V 3/4"" Impact - Wrench (Bare)",-- Unbranded --,-- No Unilog Brand --,DEWALT,Black & Decker/dewlt (2585),Stanley Black & Decker,DEWALT®,,DCF964B,,Tools & Equipment>Power Tools>Impact Drivers & Wrenches,"Stanley Black & Decker DEWALT, Impact, DCF964B, 3/4 in, 20 V",IMPACT 20V 3/4IN,"DEWALT® DCF964B Impact, 20 V, 3/4 in","DEWALT® Impact, 20 V, 3/4 in","Impact, 20 V, 3/4 in",,,,,,,,,,,,,,,,,,,,,,,,,,,Impact,Battery Platform,,,Voltage Rating,20,V,Size,3/4,in,Configuration,,,Battery Included,No,,,,,,,,,,,,,,,,,,,,,,,,,,,,,,,,,,,,,,,,,,,,,,,,,,,,,,,,,,,,,,,,,,,,,,,,,,,,,,,,,,,,,,,,,,,,,,,,,,,,,,,,,,,,,,,,,,,,,,,,,,,,,,,,,,,,,,,,,,,,27112000,,,,,,,,,,,,,,,,,,,,,,,,,,,,,,,,,,,,,,,,,,,
,,,,,,,Tools,Power Tools,Impact Tools,,2563P-20,"2563P-20 Milw M12 1/2"" Stubby - Impact Wrench w/Pin Detent",-- Unbranded --,-- No Unilog Brand --,-- No DIB Brand --,Milwaukee Accessory (4031),Milwaukee Tool,Milwaukee®,,2563P-20,,Tools & Equipment>Power Tools>Impact Drivers & Wrenches,"Milwaukee Tool Milwaukee, Impact Wrench, Pin Detent, 2563P-20",IMPACT WRENCH 1/2IN M12,"Milwaukee® Pin Detent 2563P-20 Impact Wrench, M12, 1/2 in","Milwaukee® Impact Wrench, Pin Detent, M12, 1/2 in","Pin Detent Impact Wrench, M12, 1/2 in",,,,,,,,,,,,,,,,,,,,,,,,,,,Impact Wrench,Battery Platform,M12,,Voltage Rating,,,Size,1/2,in,Configuration,,,Series,Pin Detent,,,,,,,,,,,,,,,,,,,,,,,,,,,,,,,,,,,,,,,,,,,,,,,,,,,,,,,,,,,,,,,,,,,,,,,,,,,,,,,,,,,,,,,,,,,,,,,,,,,,,,,,,,,,,,,,,,,,,,,,,,,,,,,,,,,,,,,,,,,,27112000,,,,,,,,,,,,,,,,,,,,,,,,,,,,,,,,,,,,,,,,,,,
,,,,,,,Tools,Power Tools,Impact Tools,,DCF921P2,DCF921P2 Dewalt 20V 1/2 Impact,-- Unbranded --,-- No Unilog Brand --,-- No DIB Brand --,Black & Decker/dewlt (2585),Stanley Black & Decker,DEWALT®,,DCF921P2,,Tools & Equipment>Power Tools>Impact Drivers & Wrenches,"Stanley Black & Decker DEWALT, Impact, DCF921P2, 20 V",IMPACT 20V DCF921P2,"DEWALT® DCF921P2 Impact, 20 V","DEWALT® Impact, 20 V","Impact, 20 V",,,,,,,,,,,,,,,,,,,,,,,,,,,Impact,Battery Platform,,,Voltage Rating,20,V,Size,,,Configuration,,,,,,,,,,,,,,,,,,,,,,,,,,,,,,,,,,,,,,,,,,,,,,,,,,,,,,,,,,,,,,,,,,,,,,,,,,,,,,,,,,,,,,,,,,,,,,,,,,,,,,,,,,,,,,,,,,,,,,,,,,,,,,,,,,,,,,,,,,,,,,,,27112000,,,,,,,,,,,,,,,,,,,,,,,,,,,,,,,,,,,,,,,,,,,
,,,,,,,Tools,Power Tools,Impact Tools,,XLT03Z,"XLT03Z Makita 3/8"" 18V Angle Impact",-- Unbranded --,-- No Unilog Brand --,-- No DIB Brand --,Makita Usa Inc (5142),"Makita U.S.A., Inc.",Makita®,,XLT03Z,,Tools & Equipment>Power Tools>Impact Drivers & Wrenches,"Makita U.S.A., Inc. Makita, Angle Impact, XLT03Z, 3/8 in, 18 V",ANGLE IMPACT 18V 3/8IN 18V,"Makita® XLT03Z Angle Impact, 18V, 18 V, 3/8 in","Makita® Angle Impact, 18V, 18 V, 3/8 in","Angle Impact, 18V, 18 V, 3/8 in",,,,,,,,,,,,,,,,,,,,,,,,,,,Angle Impact,Battery Platform,18V,,Voltage Rating,18,V,Size,3/8,in,Configuration,,,,,,,,,,,,,,,,,,,,,,,,,,,,,,,,,,,,,,,,,,,,,,,,,,,,,,,,,,,,,,,,,,,,,,,,,,,,,,,,,,,,,,,,,,,,,,,,,,,,,,,,,,,,,,,,,,,,,,,,,,,,,,,,,,,,,,,,,,,,,,,,27112000,,,,,,,,,,,,,,,,,,,,,,,,,,,,,,,,,,,,,,,,,,,
,,,,,,,Tools,Power Tools,Impact Tools,,XLT04Z,"XLT04Z Makita 1/4"" 18V Angle Impact",-- Unbranded --,-- No Unilog Brand --,-- No DIB Brand --,Makita Usa Inc (5142),"Makita U.S.A., Inc.",Makita®,,XLT04Z,,Tools & Equipment>Power Tools>Impact Drivers & Wrenches,"Makita U.S.A., Inc. Makita, Angle Impact, XLT04Z, 1/4 in, 18 V",ANGLE IMPACT 18V 1/4IN 18V,"Makita® XLT04Z Angle Impact, 18V, 18 V, 1/4 in","Makita® Angle Impact, 18V, 18 V, 1/4 in","Angle Impact, 18V, 18 V, 1/4 in",,,,,,,,,,,,,,,,,,,,,,,,,,,Angle Impact,Battery Platform,18V,,Voltage Rating,18,V,Size,1/4,in,Configuration,,,,,,,,,,,,,,,,,,,,,,,,,,,,,,,,,,,,,,,,,,,,,,,,,,,,,,,,,,,,,,,,,,,,,,,,,,,,,,,,,,,,,,,,,,,,,,,,,,,,,,,,,,,,,,,,,,,,,,,,,,,,,,,,,,,,,,,,,,,,,,,,27112000,,,,,,,,,,,,,,,,,,,,,,,,,,,,,,,,,,,,,,,,,,,
,,,,,,,Tools,Power Tools,Impact Tools,,XLT05Z,"XLT05Z Makita 1/2"" 18V Angle Impact",-- Unbranded --,-- No Unilog Brand --,-- No DIB Brand --,Makita Usa Inc (5142),"Makita U.S.A., Inc.",Makita®,,XLT05Z,,Tools & Equipment>Power Tools>Impact Drivers & Wrenches,"Makita U.S.A., Inc. Makita, Angle Impact, XLT05Z, 1/2 in, 18 V",ANGLE IMPACT 18V 1/2IN 18V,"Makita® XLT05Z Angle Impact, 18V, 18 V, 1/2 in","Makita® Angle Impact, 18V, 18 V, 1/2 in","Angle Impact, 18V, 18 V, 1/2 in",,,,,,,,,,,,,,,,,,,,,,,,,,,Angle Impact,Battery Platform,18V,,Voltage Rating,18,V,Size,1/2,in,Configuration,,,,,,,,,,,,,,,,,,,,,,,,,,,,,,,,,,,,,,,,,,,,,,,,,,,,,,,,,,,,,,,,,,,,,,,,,,,,,,,,,,,,,,,,,,,,,,,,,,,,,,,,,,,,,,,,,,,,,,,,,,,,,,,,,,,,,,,,,,,,,,,,27112000,,,,,,,,,,,,,,,,,,,,,,,,,,,,,,,,,,,,,,,,,,,
,,,,,,,Tools,Hand Tools,Ratchets,,DCF510B,Dewalt DCF510B 20V Rachet - Interchangeable Anvil,-- Unbranded --,-- No Unilog Brand --,DEWALT,Black & Decker/dewlt (2585),Stanley Black & Decker,DEWALT®,,DCF510B,,Tools & Equipment>Hand Tools>Ratchets,"Stanley Black & Decker DEWALT, Rachet, Interchangeable Anvil, DCF510B",RACHET 20V DCF510B,"DEWALT® Interchangeable Anvil DCF510B Rachet, 20 V","DEWALT® Rachet, Interchangeable Anvil, 20 V","Interchangeable Anvil Rachet, 20 V",,,,,,,,,,,,,,,,,,,,,,,,,,,Rachet,Battery Platform,,,Voltage Rating,20,V,Size,,,Pack Quantity,,,Battery Included,,,Configuration,,,Series,Interchangeable Anvil,,,,,,,,,,,,,,,,,,,,,,,,,,,,,,,,,,,,,,,,,,,,,,,,,,,,,,,,,,,,,,,,,,,,,,,,,,,,,,,,,,,,,,,,,,,,,,,,,,,,,,,,,,,,,,,,,,,,,,,,,,,,,,,,,,,,,,27111700,,,,,,,,,,,,,,,,,,,,,,,,,,,,,,,,,,,,,,,,,,,
,,,,,,,Tools,Hand Tools,Ratchets,,3052-20,"3052-20 Milw M12 Fuel 1/4"" Rachet",-- Unbranded --,-- No Unilog Brand --,-- No DIB Brand --,Milwaukee Accessory (4031),Milwaukee Tool,Milwaukee®,,3052-20,,Tools & Equipment>Hand Tools>Ratchets,"Milwaukee Tool Milwaukee, Fuel Rachet, 3052-20, 1/4 in, M12",FUEL RACHET 1/4IN M12,"Milwaukee® 3052-20 Fuel Rachet, M12, 1/4 in","Milwaukee® Fuel Rachet, M12, 1/4 in","Fuel Rachet, M12, 1/4 in",,,,,,,,,,,,,,,,,,,,,,,,,,,Fuel Rachet,Battery Platform,M12,,Voltage Rating,,,Size,1/4,in,Pack Quantity,,,Battery Included,,,Configuration,,,,,,,,,,,,,,,,,,,,,,,,,,,,,,,,,,,,,,,,,,,,,,,,,,,,,,,,,,,,,,,,,,,,,,,,,,,,,,,,,,,,,,,,,,,,,,,,,,,,,,,,,,,,,,,,,,,,,,,,,,,,,,,,,,,,,,,,,,27111700,,,,,,,,,,,,,,,,,,,,,,,,,,,,,,,,,,,,,,,,,,,
,,,,,,,Tools,Hand Tools,Ratchets,,3054-20,"3054-20 Milw M12 1/2"" Ratchet (Bare)",-- Unbranded --,-- No Unilog Brand --,-- No DIB Brand --,Milwaukee Accessory (4031),Milwaukee Tool,Milwaukee®,,3054-20,,Tools & Equipment>Hand Tools>Ratchets,"Milwaukee Tool Milwaukee, Ratchet, 3054-20, 1/2 in, M12",RATCHET 1/2IN M12,"Milwaukee® 3054-20 Ratchet, M12, 1/2 in","Milwaukee® Ratchet, M12, 1/2 in","Ratchet, M12, 1/2 in",,,,,,,,,,,,,,,,,,,,,,,,,,,Ratchet,Battery Platform,M12,,Voltage Rating,,,Size,1/2,in,Pack Quantity,,,Battery Included,No,,Configuration,,,,,,,,,,,,,,,,,,,,,,,,,,,,,,,,,,,,,,,,,,,,,,,,,,,,,,,,,,,,,,,,,,,,,,,,,,,,,,,,,,,,,,,,,,,,,,,,,,,,,,,,,,,,,,,,,,,,,,,,,,,,,,,,,,,,,,,,,,27111700,,,,,,,,,,,,,,,,,,,,,,,,,,,,,,,,,,,,,,,,,,,
,,,,,,,Tools,Hand Tools,Ratchets,,DCF513EB,"DCF513EB Dewalt 3/8"" Open Head Rachet",-- Unbranded --,-- No Unilog Brand --,-- No DIB Brand --,Black & Decker/dewlt (2585),Stanley Black & Decker,DEWALT®,,DCF513EB,,Tools & Equipment>Hand Tools>Ratchets,"Stanley Black & Decker DEWALT, Head Rachet, DCF513EB, 3/8 in",HEAD RACHET 3/8IN,"DEWALT® DCF513EB Head Rachet, 3/8 in","DEWALT® Head Rachet, 3/8 in","Head Rachet, 3/8 in",,,,,,,,,,,,,,,,,,,,,,,,,,,Head Rachet,Battery Platform,,,Voltage Rating,,,Size,3/8,in,Pack Quantity,,,Battery Included,,,Configuration,,,,,,,,,,,,,,,,,,,,,,,,,,,,,,,,,,,,,,,,,,,,,,,,,,,,,,,,,,,,,,,,,,,,,,,,,,,,,,,,,,,,,,,,,,,,,,,,,,,,,,,,,,,,,,,,,,,,,,,,,,,,,,,,,,,,,,,,,,27111700,,,,,,,,,,,,,,,,,,,,,,,,,,,,,,,,,,,,,,,,,,,
,,,,,,,Tools,Power Tools,Sanders,,XVP01Z,"XVP01Z Makita 18V 3"" Polisher/ 2"" Sander",-- Unbranded --,-- No Unilog Brand --,-- No DIB Brand --,Makita Usa Inc (5142),"Makita U.S.A., Inc.",Makita®,,XVP01Z,,Tools & Equipment>Power Tools>Sanders,"Makita U.S.A., Inc. Makita, Sander, XVP01Z, 3 in, 18 V, 18V",SANDER 18V 3IN 18V,"Makita® XVP01Z Sander, 18V, 3 in, 18 V","Makita® Sander, 18V, 3 in, 18 V","Sander, 18V, 3 in, 18 V",,,,,,,,,,,,,,,,,,,,,,,,,,,Sander,Battery Platform,18V,,Voltage Rating,18,V,Size,3,in,,,,,,,,,,,,,,,,,,,,,,,,,,,,,,,,,,,,,,,,,,,,,,,,,,,,,,,,,,,,,,,,,,,,,,,,,,,,,,,,,,,,,,,,,,,,,,,,,,,,,,,,,,,,,,,,,,,,,,,,,,,,,,,,,,,,,,,,,,,,,,,,,27112000,,,,,,,,,,,,,,,,,,,,,,,,,,,,,,,,,,,,,,,,,,,
,,,,,,,Tools,Hand Tools,Files,,DCM200B,DCM200B Dewalt 1/2in x 18in - Band File,-- Unbranded --,-- No Unilog Brand --,DEWALT,Black & Decker/dewlt (2585),Stanley Black & Decker,DEWALT®,,DCM200B,,Tools & Equipment>Hand Tools>Files & Rasps,"Stanley Black & Decker DEWALT, File, DCM200B, 1/2 in x 18 in",FILE 1/2IN X 18IN,"DEWALT® DCM200B File, 1/2 in x 18 in","DEWALT® File, 1/2 in x 18 in","File, 1/2 in x 18 in",,,,,,,,,,,,,,,,,,,,,,,,,,,File,Size,1/2 in x 18 in,,,,,,,,,,,,,,,,,,,,,,,,,,,,,,,,,,,,,,,,,,,,,,,,,,,,,,,,,,,,,,,,,,,,,,,,,,,,,,,,,,,,,,,,,,,,,,,,,,,,,,,,,,,,,,,,,,,,,,,,,,,,,,,,,,,,,,,,,,,,,,,,,,,,,,,,27111900,,,,,,,,,,,,,,,,,,,,,,,,,,,,,,,,,,,,,,,,,,,
,,,,,,,Tools,Power Tools,Grinders,,DCG410B,"DCG410B Dewalt 20V 4-1/2""-5"" - Angle Grinder (Bare)",-- Unbranded --,-- No Unilog Brand --,DEWALT,Black & Decker/dewlt (2585),Stanley Black & Decker,DEWALT®,,DCG410B,,Tools & Equipment>Power Tools>Grinders,"Stanley Black & Decker DEWALT, Angle Grinder, DCG410B, 4-1/2 in",ANGLE GRINDER 20V 4-1/2IN,"DEWALT® DCG410B Angle Grinder, 20 V, 4-1/2 in","DEWALT® Angle Grinder, 20 V, 4-1/2 in","Angle Grinder, 20 V, 4-1/2 in",,,,,,,,,,,,,,,,,,,,,,,,,,,Angle Grinder,Voltage Rating,20,V,Size,4-1/2,in,Battery Included,No,,,,,,,,,,,,,,,,,,,,,,,,,,,,,,,,,,,,,,,,,,,,,,,,,,,,,,,,,,,,,,,,,,,,,,,,,,,,,,,,,,,,,,,,,,,,,,,,,,,,,,,,,,,,,,,,,,,,,,,,,,,,,,,,,,,,,,,,,,,,,,,,,,27112000,,,,,,,,,,,,,,,,,,,,,,,,,,,,,,,,,,,,,,,,,,,
,,,,,,,Tools,Power Tools,Grinders,,DCG460B,"DCG460B Dewalt 60V Grinder - 7-9""",-- Unbranded --,-- No Unilog Brand --,DEWALT,Black & Decker/dewlt (2585),Stanley Black & Decker,DEWALT®,,DCG460B,,Tools & Equipment>Power Tools>Grinders,"Stanley Black & Decker DEWALT, Grinder, DCG460B, 9 in, 60 V",GRINDER 60V 9IN,"DEWALT® DCG460B Grinder, 60 V, 9 in","DEWALT® Grinder, 60 V, 9 in","Grinder, 60 V, 9 in",,,,,,,,,,,,,,,,,,,,,,,,,,,Grinder,Voltage Rating,60,V,Size,9,in,Battery Included,,,,,,,,,,,,,,,,,,,,,,,,,,,,,,,,,,,,,,,,,,,,,,,,,,,,,,,,,,,,,,,,,,,,,,,,,,,,,,,,,,,,,,,,,,,,,,,,,,,,,,,,,,,,,,,,,,,,,,,,,,,,,,,,,,,,,,,,,,,,,,,,,,,27112000,,,,,,,,,,,,,,,,,,,,,,,,,,,,,,,,,,,,,,,,,,,
,,,,,,,Tools,Power Tools,Grinders,,DCG402B,"DCG402B Dewalt 20V 4.5"" Angle Grinder (Bare)",-- Unbranded --,-- No Unilog Brand --,-- No DIB Brand --,Black & Decker/dewlt (2585),Stanley Black & Decker,DEWALT®,,DCG402B,,Tools & Equipment>Power Tools>Grinders,"Stanley Black & Decker DEWALT, Angle Grinder, DCG402B, 4-1/2 in",ANGLE GRINDER 20V 4-1/2IN,"DEWALT® DCG402B Angle Grinder, 20 V, 4-1/2 in","DEWALT® Angle Grinder, 20 V, 4-1/2 in","Angle Grinder, 20 V, 4-1/2 in",,,,,,,,,,,,,,,,,,,,,,,,,,,Angle Grinder,Voltage Rating,20,V,Size,4-1/2,in,Battery Included,No,,,,,,,,,,,,,,,,,,,,,,,,,,,,,,,,,,,,,,,,,,,,,,,,,,,,,,,,,,,,,,,,,,,,,,,,,,,,,,,,,,,,,,,,,,,,,,,,,,,,,,,,,,,,,,,,,,,,,,,,,,,,,,,,,,,,,,,,,,,,,,,,,,27112000,,,,,,,,,,,,,,,,,,,,,,,,,,,,,,,,,,,,,,,,,,,
,,,,,,,Tools,Power Tools,Grinders,,3485-20,"3485-20 Milw M12 1/4"" Right Angle Die Grinder",-- Unbranded --,-- No Unilog Brand --,-- No DIB Brand --,Milwaukee Accessory (4031),Milwaukee Tool,Milwaukee®,,3485-20,,Tools & Equipment>Power Tools>Grinders,"Milwaukee Tool Milwaukee, Die Grinder, 3485-20, 1/4 in, M12",DIE GRINDER 1/4IN M12,"Milwaukee® 3485-20 Die Grinder, 1/4 in, M12","Milwaukee® Die Grinder, 1/4 in, M12","Die Grinder, 1/4 in, M12",,,,,,,,,,,,,,,,,,,,,,,,,,,Die Grinder,Voltage Rating,,,Size,1/4,in,Battery Included,,,Battery Platform,M12,,,,,,,,,,,,,,,,,,,,,,,,,,,,,,,,,,,,,,,,,,,,,,,,,,,,,,,,,,,,,,,,,,,,,,,,,,,,,,,,,,,,,,,,,,,,,,,,,,,,,,,,,,,,,,,,,,,,,,,,,,,,,,,,,,,,,,,,,,,,,,,27112000,,,,,,,,,,,,,,,,,,,,,,,,,,,,,,,,,,,,,,,,,,,
,,,,,,,Tools,Power Tools,Grinders,,DCG420B,DCG420B Dewalt 20V Die Grinder (Bare),-- Unbranded --,-- No Unilog Brand --,-- No DIB Brand --,Black & Decker/dewlt (2585),Stanley Black & Decker,DEWALT®,,DCG420B,,Tools & Equipment>Power Tools>Grinders,"Stanley Black & Decker DEWALT, Die Grinder, DCG420B, 20 V",DIE GRINDER 20V,"DEWALT® DCG420B Die Grinder, 20 V","DEWALT® Die Grinder, 20 V","Die Grinder, 20 V",,,,,,,,,,,,,,,,,,,,,,,,,,,Die Grinder,Voltage Rating,20,V,Size,,,Battery Included,No,,,,,,,,,,,,,,,,,,,,,,,,,,,,,,,,,,,,,,,,,,,,,,,,,,,,,,,,,,,,,,,,,,,,,,,,,,,,,,,,,,,,,,,,,,,,,,,,,,,,,,,,,,,,,,,,,,,,,,,,,,,,,,,,,,,,,,,,,,,,,,,,,,27112000,,,,,,,,,,,,,,,,,,,,,,,,,,,,,,,,,,,,,,,,,,,
,,,,,,,Tools,Power Tools,Grinders,,DCG422B,DCG422B Dewalt 20V Right Angle Die Grinder (Bare),-- Unbranded --,-- No Unilog Brand --,-- No DIB Brand --,Black & Decker/dewlt (2585),Stanley Black & Decker,DEWALT®,,DCG422B,,Tools & Equipment>Power Tools>Grinders,"Stanley Black & Decker DEWALT, Die Grinder, DCG422B, 20 V",DIE GRINDER 20V,"DEWALT® DCG422B Die Grinder, 20 V","DEWALT® Die Grinder, 20 V","Die Grinder, 20 V",,,,,,,,,,,,,,,,,,,,,,,,,,,Die Grinder,Voltage Rating,20,V,Size,,,Battery Included,No,,,,,,,,,,,,,,,,,,,,,,,,,,,,,,,,,,,,,,,,,,,,,,,,,,,,,,,,,,,,,,,,,,,,,,,,,,,,,,,,,,,,,,,,,,,,,,,,,,,,,,,,,,,,,,,,,,,,,,,,,,,,,,,,,,,,,,,,,,,,,,,,,,27112000,,,,,,,,,,,,,,,,,,,,,,,,,,,,,,,,,,,,,,,,,,,
,,,,,,,,,,,924422,924422 Mafell Carpentry - Planing Machine ZH 320 Ec 120V,-- Unbranded --,-- No Unilog Brand --,-- No DIB Brand --,-,,,,924422,,,"Machine, Mafell Carpentry, 924422, 120 V",MACHINE 120V 924422,"Mafell Carpentry 924422 Machine, 120 V","Machine, Mafell Carpentry, 120 V","Mafell Carpentry Machine, 120 V",,,,,,,,,,,,,,,,,,,,,,,,,,,Machine,Wattage,,,Color Temperature,,,Bulb Shape,,,Base Type,,,Pack Quantity,,,Series,Mafell Carpentry,,Voltage Rating,120,V,,,,,,,,,,,,,,,,,,,,,,,,,,,,,,,,,,,,,,,,,,,,,,,,,,,,,,,,,,,,,,,,,,,,,,,,,,,,,,,,,,,,,,,,,,,,,,,,,,,,,,,,,,,,,,,,,,,,,,,,,,,,,,,,,,,,,,,,,,,,,,,,,,,,,,,,,,,,,,,,,,,,,,,,,,,,,,,,
,,,,,,,,,,,DCW620B,DCW620B Dewalt 20V Plunge - Router,-- Unbranded --,-- No Unilog Brand --,-- No DIB Brand --,Black & Decker/dewlt (2585),Stanley Black & Decker,DEWALT®,,DCW620B,,,"Stanley Black & Decker DEWALT, Plunge, DCW620B, 20 V",PLUNGE 20V DCW620B,"DEWALT® DCW620B Plunge, 20 V","DEWALT® Plunge, 20 V","Plunge, 20 V",,,,,,,,,,,,,,,,,,,,,,,,,,,Plunge,Wattage,,,Color Temperature,,,Bulb Shape,,,Base Type,,,Pack Quantity,,,Voltage Rating,20,V,,,,,,,,,,,,,,,,,,,,,,,,,,,,,,,,,,,,,,,,,,,,,,,,,,,,,,,,,,,,,,,,,,,,,,,,,,,,,,,,,,,,,,,,,,,,,,,,,,,,,,,,,,,,,,,,,,,,,,,,,,,,,,,,,,,,,,,,,,,,,,,,,,,,,,,,,,,,,,,,,,,,,,,,,,,,,,,,,,,
,,,,,,,Tools,Power Tools,Sanders,,2535-20,"2535-20 Milw 3"" Orbit Sander - M12",-- Unbranded --,-- No Unilog Brand --,-- No DIB Brand --,Milwaukee Accessory (4031),Milwaukee Tool,Milwaukee®,,2535-20,,Tools & Equipment>Power Tools>Sanders,"Milwaukee Tool Milwaukee, Orbit Sander, 2535-20, 3 in, M12",ORBIT SANDER 3IN M12,"Milwaukee® 2535-20 Orbit Sander, M12, 3 in","Milwaukee® Orbit Sander, M12, 3 in","Orbit Sander, M12, 3 in",,,,,,,,,,,,,,,,,,,,,,,,,,,Orbit Sander,Battery Platform,M12,,Voltage Rating,,,Size,3,in,,,,,,,,,,,,,,,,,,,,,,,,,,,,,,,,,,,,,,,,,,,,,,,,,,,,,,,,,,,,,,,,,,,,,,,,,,,,,,,,,,,,,,,,,,,,,,,,,,,,,,,,,,,,,,,,,,,,,,,,,,,,,,,,,,,,,,,,,,,,,,,,,27112000,,,,,,,,,,,,,,,,,,,,,,,,,,,,,,,,,,,,,,,,,,,
,,,,,,,Tools,Power Tools,Sanders,,2837-20,"2837-20 Milw M18 5"" Sander - Orbital (Bare)",-- Unbranded --,-- No Unilog Brand --,Milwaukee,Milwaukee Accessory (4031),Milwaukee Tool,Milwaukee®,,2837-20,,Tools & Equipment>Power Tools>Sanders,"Milwaukee Tool Milwaukee, Sander, 2837-20, 5 in, M18",SANDER 5IN M18,"Milwaukee® 2837-20 Sander, M18, 5 in","Milwaukee® Sander, M18, 5 in","Sander, M18, 5 in",,,,,,,,,,,,,,,,,,,,,,,,,,,Sander,Battery Platform,M18,,Voltage Rating,,,Size,5,in,Battery Included,No,,,,,,,,,,,,,,,,,,,,,,,,,,,,,,,,,,,,,,,,,,,,,,,,,,,,,,,,,,,,,,,,,,,,,,,,,,,,,,,,,,,,,,,,,,,,,,,,,,,,,,,,,,,,,,,,,,,,,,,,,,,,,,,,,,,,,,,,,,,,,,,27112000,,,,,,,,,,,,,,,,,,,,,,,,,,,,,,,,,,,,,,,,,,,
,,,,,,,Tools,Power Tools,Sanders,,577728,577728 Festool Cordless Sander - ETSC 2 150 I-Plus,-- Unbranded --,-- No Unilog Brand --,-- No DIB Brand --,Festool USA (FESTO),Festool GmbH,Festool®,,577728,,Tools & Equipment>Power Tools>Sanders,"Festool GmbH Festool, Sander, 577728",SANDER 577728,Festool® 577728 Sander,Festool® Sander,Sander,,,,,,,,,,,,,,,,,,,,,,,,,,,Sander,Battery Platform,,,Voltage Rating,,,Size,,,,,,,,,,,,,,,,,,,,,,,,,,,,,,,,,,,,,,,,,,,,,,,,,,,,,,,,,,,,,,,,,,,,,,,,,,,,,,,,,,,,,,,,,,,,,,,,,,,,,,,,,,,,,,,,,,,,,,,,,,,,,,,,,,,,,,,,,,,,,,,,,,,27112000,,,,,,,,,,,,,,,,,,,,,,,,,,,,,,,,,,,,,,,,,,,
,,,,,,,Tools,Power Tools,Sanders,,577738,577738 Festool Cordless Sander - ETSC 2 125 I-Plus,-- Unbranded --,-- No Unilog Brand --,-- No DIB Brand --,Festool USA (FESTO),Festool GmbH,Festool®,,577738,,Tools & Equipment>Power Tools>Sanders,"Festool GmbH Festool, Sander, 577738",SANDER 577738,Festool® 577738 Sander,Festool® Sander,Sander,,,,,,,,,,,,,,,,,,,,,,,,,,,Sander,Battery Platform,,,Voltage Rating,,,Size,,,,,,,,,,,,,,,,,,,,,,,,,,,,,,,,,,,,,,,,,,,,,,,,,,,,,,,,,,,,,,,,,,,,,,,,,,,,,,,,,,,,,,,,,,,,,,,,,,,,,,,,,,,,,,,,,,,,,,,,,,,,,,,,,,,,,,,,,,,,,,,,,,,27112000,,,,,,,,,,,,,,,,,,,,,,,,,,,,,,,,,,,,,,,,,,,
,,,,,,,Tools,Power Tools,Sanders,,KPTRS500A,"KPTRS500A Kreg 20V Ionic 5"" Random Orbit Sander",-- Unbranded --,-- No Unilog Brand --,-- No DIB Brand --,Kreg Tool Company (KRETO),Kreg Tool Company,Kreg®,,KPTRS500A,,Tools & Equipment>Power Tools>Sanders,"Kreg Tool Company Kreg, Random Orbit Sander, KPTRS500A, 5 in",RANDOM ORBIT SANDER 20V 5IN,"Kreg® KPTRS500A Random Orbit Sander, 5 in, 20 V","Kreg® Random Orbit Sander, 5 in, 20 V","Random Orbit Sander, 5 in, 20 V",,,,,,,,,,,,,,,,,,,,,,,,,,,Random Orbit Sander,Battery Platform,,,Voltage Rating,20,V,Size,5,in,,,,,,,,,,,,,,,,,,,,,,,,,,,,,,,,,,,,,,,,,,,,,,,,,,,,,,,,,,,,,,,,,,,,,,,,,,,,,,,,,,,,,,,,,,,,,,,,,,,,,,,,,,,,,,,,,,,,,,,,,,,,,,,,,,,,,,,,,,,,,,,,,27112000,,,,,,,,,,,,,,,,,,,,,,,,,,,,,,,,,,,,,,,,,,,
,,,,,,,,,,,24-35M-320,"24-35M-320 Iridium Grip - 3.2"" x 5.2"" Grip",-- Unbranded --,-- No Unilog Brand --,-- No DIB Brand --,Mirka Abrasives Inc (MIRUS),Mirka Ltd.,Mirka®,,24-35M-320,,,"Mirka Ltd. Mirka, Iridium Grip, 24-35M-320, 3.2 in x 5.2 in",IRIDIUM GRIP 3.2IN X 5.2IN,"Mirka® 24-35M-320 Iridium Grip, 3.2 in x 5.2 in","Mirka® Iridium Grip, 3.2 in x 5.2 in","Iridium Grip, 3.2 in x 5.2 in",,,,,,,,,,,,,,,,,,,,,,,,,,,Iridium Grip,Wattage,,,Color Temperature,,,Bulb Shape,,,Base Type,,,Pack Quantity,,,Size,3.2 in x 5.2 in,,,,,,,,,,,,,,,,,,,,,,,,,,,,,,,,,,,,,,,,,,,,,,,,,,,,,,,,,,,,,,,,,,,,,,,,,,,,,,,,,,,,,,,,,,,,,,,,,,,,,,,,,,,,,,,,,,,,,,,,,,,,,,,,,,,,,,,,,,,,,,,,,,,,,,,,,,,,,,,,,,,,,,,,,,,,,,,,,,,,
,,,,,,,,,,,9A-129-120,9A-129-120 Abranet 3x4 - 50 Sheets/Box,-- Unbranded --,-- No Unilog Brand --,-- No DIB Brand --,Mirka Abrasives Inc (MIRUS),Mirka Ltd.,Mirka®,,9A-129-120,,,"Mirka Ltd. Mirka, Abranet, 9A-129-120, 3 in x 4 in, 50, BOX",ABRANET 3IN X 4IN 50 BOX,"Mirka® 9A-129-120 Abranet, 3 in x 4 in, 50, BOX","Mirka® Abranet, 3 in x 4 in, 50, BOX","Abranet, 3 in x 4 in, 50, BOX",,,,,,,,,,,,,,,,,,,,,,,,,,,Abranet,Wattage,,,Color Temperature,,,Bulb Shape,,,Base Type,,,Pack Quantity,,,Size,3 in x 4 in,,Selling Qty,50,,Selling UOM,BOX,,,,,,,,,,,,,,,,,,,,,,,,,,,,,,,,,,,,,,,,,,,,,,,,,,,,,,,,,,,,,,,,,,,,,,,,,,,,,,,,,,,,,,,,,,,,,,,,,,,,,,,,,,,,,,,,,,,,,,,,,,,,,,,,,,,,,,50,BOX,,,,,,,,,,,,,,,,,,,,,,,,,,,,,,,,,,,,,,,
,,,,,,,Tools,Power Tool Accessories,Sanding Sheets,,578800,578800 Festool 80x133 M GR PRO/10,-- Unbranded --,-- No Unilog Brand --,-- No DIB Brand --,Festool USA (FESTO),Festool GmbH,Festool®,,578800,,Tools & Equipment>Abrasives>Sanding Sheets,"Festool GmbH Festool, Sanding Sheet, 578800, 80 in x 133 in, Gray",SANDING SHEET GRAY 80IN X 133IN,"Festool® 578800 Sanding Sheet, 80 in x 133 in, Gray","Festool® Sanding Sheet, 80 in x 133 in, Gray","Sanding Sheet, 80 in x 133 in, Gray",,,,,,,,,,,,,,,,,,,,,,,,,,,Sanding Sheet,Size,80 in x 133 in,,Color,Gray,,,,,,,,,,,,,,,,,,,,,,,,,,,,,,,,,,,,,,,,,,,,,,,,,,,,,,,,,,,,,,,,,,,,,,,,,,,,,,,,,,,,,,,,,,,,,,,,,,,,,,,,,,,,,,,,,,,,,,,,,,,,,,,,,,,,,,,,,,,,,,,,,,,,,31191500,,,,,,,,,,,,,,,,,,,,,,,,,,,,,,,,,,,,,,,,,,,
,,,,,,,Tools,Power Tool Accessories,Sanding Sheets,,578801,578801 Festool 80x133 F GR PRO/10,-- Unbranded --,-- No Unilog Brand --,-- No DIB Brand --,Festool USA (FESTO),Festool GmbH,Festool®,,578801,,Tools & Equipment>Abrasives>Sanding Sheets,"Festool GmbH Festool, Sanding Sheet, 578801, 80 in x 133 in, Gray",SANDING SHEET GRAY 80IN X 133IN,"Festool® 578801 Sanding Sheet, 80 in x 133 in, Gray","Festool® Sanding Sheet, 80 in x 133 in, Gray","Sanding Sheet, 80 in x 133 in, Gray",,,,,,,,,,,,,,,,,,,,,,,,,,,Sanding Sheet,Size,80 in x 133 in,,Color,Gray,,,,,,,,,,,,,,,,,,,,,,,,,,,,,,,,,,,,,,,,,,,,,,,,,,,,,,,,,,,,,,,,,,,,,,,,,,,,,,,,,,,,,,,,,,,,,,,,,,,,,,,,,,,,,,,,,,,,,,,,,,,,,,,,,,,,,,,,,,,,,,,,,,,,,31191500,,,,,,,,,,,,,,,,,,,,,,,,,,,,,,,,,,,,,,,,,,,
,,,,,,,Tools,Power Tool Accessories,Sanding Sheets,,578802,578802 Festool 80x133 S GR PRO/10,-- Unbranded --,-- No Unilog Brand --,-- No DIB Brand --,Festool USA (FESTO),Festool GmbH,Festool®,,578802,,Tools & Equipment>Abrasives>Sanding Sheets,"Festool GmbH Festool, Sanding Sheet, 578802, 80 in x 133 in, Gray",SANDING SHEET GRAY 80IN X 133IN,"Festool® 578802 Sanding Sheet, 80 in x 133 in, Gray","Festool® Sanding Sheet, 80 in x 133 in, Gray","Sanding Sheet, 80 in x 133 in, Gray",,,,,,,,,,,,,,,,,,,,,,,,,,,Sanding Sheet,Size,80 in x 133 in,,Color,Gray,,,,,,,,,,,,,,,,,,,,,,,,,,,,,,,,,,,,,,,,,,,,,,,,,,,,,,,,,,,,,,,,,,,,,,,,,,,,,,,,,,,,,,,,,,,,,,,,,,,,,,,,,,,,,,,,,,,,,,,,,,,,,,,,,,,,,,,,,,,,,,,,,,,,,31191500,,,,,,,,,,,,,,,,,,,,,,,,,,,,,,,,,,,,,,,,,,,
,,,,,,,Tools,Power Tool Accessories,Sanding Sheets,,578808,578808 Festool 3x4 M GR PRO/10,-- Unbranded --,-- No Unilog Brand --,-- No DIB Brand --,Festool USA (FESTO),Festool GmbH,Festool®,,578808,,Tools & Equipment>Abrasives>Sanding Sheets,"Festool GmbH Festool, Sanding Sheet, 578808, 3 in x 4 in, Gray",SANDING SHEET GRAY 3IN X 4IN,"Festool® 578808 Sanding Sheet, 3 in x 4 in, Gray","Festool® Sanding Sheet, 3 in x 4 in, Gray","Sanding Sheet, 3 in x 4 in, Gray",,,,,,,,,,,,,,,,,,,,,,,,,,,Sanding Sheet,Size,3 in x 4 in,,Color,Gray,,,,,,,,,,,,,,,,,,,,,,,,,,,,,,,,,,,,,,,,,,,,,,,,,,,,,,,,,,,,,,,,,,,,,,,,,,,,,,,,,,,,,,,,,,,,,,,,,,,,,,,,,,,,,,,,,,,,,,,,,,,,,,,,,,,,,,,,,,,,,,,,,,,,,31191500,,,,,,,,,,,,,,,,,,,,,,,,,,,,,,,,,,,,,,,,,,,
,,,,,,,Tools,Power Tool Accessories,Sanding Sheets,,578809,578809 Festool 3x4 F GR PRO/10,-- Unbranded --,-- No Unilog Brand --,-- No DIB Brand --,Festool USA (FESTO),Festool GmbH,Festool®,,578809,,Tools & Equipment>Abrasives>Sanding Sheets,"Festool GmbH Festool, Sanding Sheet, 578809, 3 in x 4 in, Gray",SANDING SHEET GRAY 3IN X 4IN,"Festool® 578809 Sanding Sheet, 3 in x 4 in, Gray","Festool® Sanding Sheet, 3 in x 4 in, Gray","Sanding Sheet, 3 in x 4 in, Gray",,,,,,,,,,,,,,,,,,,,,,,,,,,Sanding Sheet,Size,3 in x 4 in,,Color,Gray,,,,,,,,,,,,,,,,,,,,,,,,,,,,,,,,,,,,,,,,,,,,,,,,,,,,,,,,,,,,,,,,,,,,,,,,,,,,,,,,,,,,,,,,,,,,,,,,,,,,,,,,,,,,,,,,,,,,,,,,,,,,,,,,,,,,,,,,,,,,,,,,,,,,,31191500,,,,,,,,,,,,,,,,,,,,,,,,,,,,,,,,,,,,,,,,,,,
,,,,,,,Tools,Power Tool Accessories,Sanding Sheets,,578810,578810 Festool 3x4 S GR PRO/10,-- Unbranded --,-- No Unilog Brand --,-- No DIB Brand --,Festool USA (FESTO),Festool GmbH,Festool®,,578810,,Tools & Equipment>Abrasives>Sanding Sheets,"Festool GmbH Festool, Sanding Sheet, 578810, 3 in x 4 in, Gray",SANDING SHEET GRAY 3IN X 4IN,"Festool® 578810 Sanding Sheet, 3 in x 4 in, Gray","Festool® Sanding Sheet, 3 in x 4 in, Gray","Sanding Sheet, 3 in x 4 in, Gray",,,,,,,,,,,,,,,,,,,,,,,,,,,Sanding Sheet,Size,3 in x 4 in,,Color,Gray,,,,,,,,,,,,,,,,,,,,,,,,,,,,,,,,,,,,,,,,,,,,,,,,,,,,,,,,,,,,,,,,,,,,,,,,,,,,,,,,,,,,,,,,,,,,,,,,,,,,,,,,,,,,,,,,,,,,,,,,,,,,,,,,,,,,,,,,,,,,,,,,,,,,,31191500,,,,,,,,,,,,,,,,,,,,,,,,,,,,,,,,,,,,,,,,,,,
,,,,,,,,,,,578811,578811 Festool 3x4 GR PRO/10-Set,-- Unbranded --,-- No Unilog Brand --,-- No DIB Brand --,Festool USA (FESTO),Festool GmbH,Festool®,,578811,,,"Festool GmbH Festool, 578811, 3 in x 4 in, Gray, Set",GRAY 3IN X 4IN SET,"Festool® 578811, 3 in x 4 in, Gray, Set","Festool®, 3 in x 4 in, Gray, Set",", 3 in x 4 in, Gray, Set",,,,,,,,,,,,,,,,,,,,,,,,,,,,Wattage,,,Color Temperature,,,Bulb Shape,,,Base Type,,,Pack Quantity,,,Size,3 in x 4 in,,Color,Gray,,Configuration,Set,,,,,,,,,,,,,,,,,,,,,,,,,,,,,,,,,,,,,,,,,,,,,,,,,,,,,,,,,,,,,,,,,,,,,,,,,,,,,,,,,,,,,,,,,,,,,,,,,,,,,,,,,,,,,,,,,,,,,,,,,,,,,,,,,,,,,,,,,,,,,,,,,,,,,,,,,,,,,,,,,,,,,,,,,,,,,,
,,,,,,,,,,,578192,578192 Festool D 150 GR SYS - Systainer Abrasive Set,-- Unbranded --,-- No Unilog Brand --,-- No DIB Brand --,Festool USA (FESTO),Festool GmbH,Festool®,,578192,,,"Festool GmbH Festool, Sys, 578192, Gray, Set",SYS GRAY SET 578192,"Festool® 578192 Sys, Gray, Set","Festool® Sys, Gray, Set","Sys, Gray, Set",,,,,,,,,,,,,,,,,,,,,,,,,,,Sys,Wattage,,,Color Temperature,,,Bulb Shape,,,Base Type,,,Pack Quantity,,,Color,Gray,,Configuration,Set,,,,,,,,,,,,,,,,,,,,,,,,,,,,,,,,,,,,,,,,,,,,,,,,,,,,,,,,,,,,,,,,,,,,,,,,,,,,,,,,,,,,,,,,,,,,,,,,,,,,,,,,,,,,,,,,,,,,,,,,,,,,,,,,,,,,,,,,,,,,,,,,,,,,,,,,,,,,,,,,,,,,,,,,,,,,,,,,,
,,,,,,,,,,,578806,578806 Festool Delta S GR PRO/10,-- Unbranded --,-- No Unilog Brand --,-- No DIB Brand --,Festool USA (FESTO),Festool GmbH,Festool®,,578806,,,"Festool GmbH Festool, Delta, 578806, Gray",DELTA GRAY 578806,"Festool® 578806 Delta, Gray","Festool® Delta, Gray","Delta, Gray",,,,,,,,,,,,,,,,,,,,,,,,,,,Delta,Wattage,,,Color Temperature,,,Bulb Shape,,,Base Type,,,Pack Quantity,,,Color,Gray,,,,,,,,,,,,,,,,,,,,,,,,,,,,,,,,,,,,,,,,,,,,,,,,,,,,,,,,,,,,,,,,,,,,,,,,,,,,,,,,,,,,,,,,,,,,,,,,,,,,,,,,,,,,,,,,,,,,,,,,,,,,,,,,,,,,,,,,,,,,,,,,,,,,,,,,,,,,,,,,,,,,,,,,,,,,,,,,,,,,
,,,,,,,Tools,Power Tool Accessories,Saw Blades,,D0860X,"D0860X Diablo 8-1/4"" 60 Tooth - Fine Finish Saw Blade",-- Unbranded --,-- No Unilog Brand --,-- No DIB Brand --,Freud Inc (2435),"Freud America, Inc.",Diablo®,,D0860X,,Tools & Equipment>Power Tool Accessories>Saw Blades,"Freud America, Inc. Diablo, Saw Blade, Tooth, D0860X, 8-1/4 in",SAW BLADE 8-1/4IN,"Diablo® Tooth D0860X Saw Blade, 8-1/4 in","Diablo® Saw Blade, Tooth, 8-1/4 in","Tooth Saw Blade, 8-1/4 in",,,,,,,,,,,,,,,,,,,,,,,,,,,Saw Blade,Size,8-1/4,in,Application,,,Series,Tooth,,,,,,,,,,,,,,,,,,,,,,,,,,,,,,,,,,,,,,,,,,,,,,,,,,,,,,,,,,,,,,,,,,,,,,,,,,,,,,,,,,,,,,,,,,,,,,,,,,,,,,,,,,,,,,,,,,,,,,,,,,,,,,,,,,,,,,,,,,,,,,,,,,27112700,,,,,,,,,,,,,,,,,,,,,,,,,,,,,,,,,,,,,,,,,,,
,,,,,,,Tools,Power Tool Accessories,Saw Blades,,48-40-0740,48-40-0740 Milw 7-1/4in. 24T - Framing Circ Saw Blade,-- Unbranded --,-- No Unilog Brand --,Milwaukee,Milwaukee Accessory (4031),Milwaukee Tool,Milwaukee®,,48-40-0740,,Tools & Equipment>Power Tool Accessories>Saw Blades,"Milwaukee Tool Milwaukee, Saw Blade, Framing Circ, 48-40-0740",SAW BLADE 7-1/4IN,"Milwaukee® Framing Circ 48-40-0740 Saw Blade, 7-1/4 in","Milwaukee® Saw Blade, Framing Circ, 7-1/4 in","Framing Circ Saw Blade, 7-1/4 in",,,,,,,,,,,,,,,,,,,,,,,,,,,Saw Blade,Size,7-1/4,in,Application,,,Series,Framing Circ,,,,,,,,,,,,,,,,,,,,,,,,,,,,,,,,,,,,,,,,,,,,,,,,,,,,,,,,,,,,,,,,,,,,,,,,,,,,,,,,,,,,,,,,,,,,,,,,,,,,,,,,,,,,,,,,,,,,,,,,,,,,,,,,,,,,,,,,,,,,,,,,,,27112700,,,,,,,,,,,,,,,,,,,,,,,,,,,,,,,,,,,,,,,,,,,
,,,,,,,Tools,Power Tool Accessories,Saw Blades,,48-41-0740,48-41-0740 Milw7-1/4 24TFrming - Blade,-- Unbranded --,-- No Unilog Brand --,-- No DIB Brand --,Milwaukee Accessory (4031),Milwaukee Tool,Milwaukee®,,48-41-0740,,Tools & Equipment>Power Tool Accessories>Saw Blades,"Milwaukee Tool Milwaukee, Blade, 48-41-0740",BLADE 48-41-0740,Milwaukee® 48-41-0740 Blade,Milwaukee® Blade,Blade,,,,,,,,,,,,,,,,,,,,,,,,,,,Blade,Size,,,Application,,,,,,,,,,,,,,,,,,,,,,,,,,,,,,,,,,,,,,,,,,,,,,,,,,,,,,,,,,,,,,,,,,,,,,,,,,,,,,,,,,,,,,,,,,,,,,,,,,,,,,,,,,,,,,,,,,,,,,,,,,,,,,,,,,,,,,,,,,,,,,,,,,,,,,27112700,,,,,,,,,,,,,,,,,,,,,,,,,,,,,,,,,,,,,,,,,,,
,,,,,,,Tools,Power Tool Accessories,Saw Blades,,A-96095,"A-96095 Makita 5-7/8"" 32T Saw Blade",-- Unbranded --,-- No Unilog Brand --,-- No DIB Brand --,Makita Usa Inc (5142),"Makita U.S.A., Inc.",Makita®,,A-96095,,Tools & Equipment>Power Tool Accessories>Saw Blades,"Makita U.S.A., Inc. Makita, Saw Blade, A-96095, 5-7/8 in",SAW BLADE 5-7/8IN,"Makita® A-96095 Saw Blade, 5-7/8 in","Makita® Saw Blade, 5-7/8 in","Saw Blade, 5-7/8 in",,,,,,,,,,,,,,,,,,,,,,,,,,,Saw Blade,Size,5-7/8,in,Application,,,,,,,,,,,,,,,,,,,,,,,,,,,,,,,,,,,,,,,,,,,,,,,,,,,,,,,,,,,,,,,,,,,,,,,,,,,,,,,,,,,,,,,,,,,,,,,,,,,,,,,,,,,,,,,,,,,,,,,,,,,,,,,,,,,,,,,,,,,,,,,,,,,,,,27112700,,,,,,,,,,,,,,,,,,,,,,,,,,,,,,,,,,,,,,,,,,,
,,,,,,,Tools,Power Tool Accessories,Saw Blades,,D0760UX,"D0760UX Diablo 7-1/4"" 60T Circ - Saw Blade",-- Unbranded --,-- No Unilog Brand --,Diablo,Freud Inc (2435),"Freud America, Inc.",Diablo®,,D0760UX,,Tools & Equipment>Power Tool Accessories>Saw Blades,"Freud America, Inc. Diablo, Saw Blade, D0760UX, 7-1/4 in",SAW BLADE 7-1/4IN,"Diablo® D0760UX Saw Blade, 7-1/4 in","Diablo® Saw Blade, 7-1/4 in","Saw Blade, 7-1/4 in",,,,,,,,,,,,,,,,,,,,,,,,,,,Saw Blade,Size,7-1/4,in,Application,,,,,,,,,,,,,,,,,,,,,,,,,,,,,,,,,,,,,,,,,,,,,,,,,,,,,,,,,,,,,,,,,,,,,,,,,,,,,,,,,,,,,,,,,,,,,,,,,,,,,,,,,,,,,,,,,,,,,,,,,,,,,,,,,,,,,,,,,,,,,,,,,,,,,,27112700,,,,,,,,,,,,,,,,,,,,,,,,,,,,,,,,,,,,,,,,,,,
,,,,,,,,,,,230.312.08,230.312.08 CMT Locked Dado Pro Set,-- Unbranded --,-- No Unilog Brand --,-- No DIB Brand --,CMT USA Inc (CMTUS),CMT Utensili S.p.A.,CMT®,,230.312.08,,,"CMT Utensili S.p.A. CMT, Locked Dado, 230.312.08, Set",LOCKED DADO SET,"CMT® 230.312.08 Locked Dado, Set","CMT® Locked Dado, Set","Locked Dado, Set",,,,,,,,,,,,,,,,,,,,,,,,,,,Locked Dado,Wattage,,,Color Temperature,,,Bulb Shape,,,Base Type,,,Pack Quantity,,,Configuration,Set,,,,,,,,,,,,,,,,,,,,,,,,,,,,,,,,,,,,,,,,,,,,,,,,,,,,,,,,,,,,,,,,,,,,,,,,,,,,,,,,,,,,,,,,,,,,,,,,,,,,,,,,,,,,,,,,,,,,,,,,,,,,,,,,,,,,,,,,,,,,,,,,,,,,,,,,,,,,,,,,,,,,,,,,,,,,,,,,,,,,
,,,,,,,Tools,Power Tool Accessories,Saw Blades,,D0708LF,"D0708LF Saw Blade 7-1/4""x8 - Laminate & Wood Flooring",-- Unbranded --,-- No Unilog Brand --,-- No DIB Brand --,Freud Inc (2435),"Freud America, Inc.",Diablo®,,D0708LF,,Tools & Equipment>Power Tool Accessories>Saw Blades,"Freud America, Inc. Diablo, Saw Blade, Laminate, D0708LF, 7-1/4 in x 8 in",SAW BLADE 7-1/4IN X 8IN WOOD,"Diablo® Laminate D0708LF Saw Blade, Wood, 7-1/4 in x 8 in","Diablo® Saw Blade, Laminate, Wood, 7-1/4 in x 8 in","Laminate Saw Blade, Wood, 7-1/4 in x 8 in",,,,,,,,,,,,,,,,,,,,,,,,,,,Saw Blade,Size,,,Application,Wood,,Series,Laminate,,Size,7-1/4 in x 8 in,,,,,,,,,,,,,,,,,,,,,,,,,,,,,,,,,,,,,,,,,,,,,,,,,,,,,,,,,,,,,,,,,,,,,,,,,,,,,,,,,,,,,,,,,,,,,,,,,,,,,,,,,,,,,,,,,,,,,,,,,,,,,,,,,,,,,,,,,,,,,,,27112700,,,,,,,,,,,,,,,,,,,,,,,,,,,,,,,,,,,,,,,,,,,
,,,,,,,Tools,Power Tool Accessories,Saw Blades,,D1012LF,"D1012LF Saw Blade 10""x12Teeth - Laminate & Wood Flooring",-- Unbranded --,-- No Unilog Brand --,-- No DIB Brand --,Freud Inc (2435),"Freud America, Inc.",Diablo®,,D1012LF,,Tools & Equipment>Power Tool Accessories>Saw Blades,"Freud America, Inc. Diablo, Saw Blade, Laminate, D1012LF, 10 in x 12 in",SAW BLADE 10IN X 12IN WOOD,"Diablo® Laminate D1012LF Saw Blade, Wood, 10 in x 12 in","Diablo® Saw Blade, Laminate, Wood, 10 in x 12 in","Laminate Saw Blade, Wood, 10 in x 12 in",,,,,,,,,,,,,,,,,,,,,,,,,,,Saw Blade,Size,,,Application,Wood,,Series,Laminate,,Size,10 in x 12 in,,,,,,,,,,,,,,,,,,,,,,,,,,,,,,,,,,,,,,,,,,,,,,,,,,,,,,,,,,,,,,,,,,,,,,,,,,,,,,,,,,,,,,,,,,,,,,,,,,,,,,,,,,,,,,,,,,,,,,,,,,,,,,,,,,,,,,,,,,,,,,,27112700,,,,,,,,,,,,,,,,,,,,,,,,,,,,,,,,,,,,,,,,,,,
,,,,,,,Tools,Power Tool Accessories,Saw Blades,,D1216LF,"D1216LF Saw Blade 12""x16Teeth - Laminate & Wood Flooring",-- Unbranded --,-- No Unilog Brand --,-- No DIB Brand --,Freud Inc (2435),"Freud America, Inc.",Diablo®,,D1216LF,,Tools & Equipment>Power Tool Accessories>Saw Blades,"Freud America, Inc. Diablo, Saw Blade, Laminate, D1216LF, 12 in x 16 in",SAW BLADE 12IN X 16IN WOOD,"Diablo® Laminate D1216LF Saw Blade, Wood, 12 in x 16 in","Diablo® Saw Blade, Laminate, Wood, 12 in x 16 in","Laminate Saw Blade, Wood, 12 in x 16 in",,,,,,,,,,,,,,,,,,,,,,,,,,,Saw Blade,Size,,,Application,Wood,,Series,Laminate,,Size,12 in x 16 in,,,,,,,,,,,,,,,,,,,,,,,,,,,,,,,,,,,,,,,,,,,,,,,,,,,,,,,,,,,,,,,,,,,,,,,,,,,,,,,,,,,,,,,,,,,,,,,,,,,,,,,,,,,,,,,,,,,,,,,,,,,,,,,,,,,,,,,,,,,,,,,27112700,,,,,,,,,,,,,,,,,,,,,,,,,,,,,,,,,,,,,,,,,,,
,,,,,,,Tools,Power Tool Accessories,Saw Blades,,DWA47421,"DWA47421 Dewalt 14"" Segmented - Rim Diamond Blade",-- Unbranded --,-- No Unilog Brand --,DEWALT,Black & Decker/dewlt (2585),Stanley Black & Decker,DEWALT®,,DWA47421,,Tools & Equipment>Power Tool Accessories>Saw Blades,"Stanley Black & Decker DEWALT, Diamond Blade, DWA47421, 14 in",DIAMOND BLADE 14IN,"DEWALT® DWA47421 Diamond Blade, 14 in","DEWALT® Diamond Blade, 14 in","Diamond Blade, 14 in",,,,,,,,,,,,,,,,,,,,,,,,,,,Diamond Blade,Size,14,in,Application,,,,,,,,,,,,,,,,,,,,,,,,,,,,,,,,,,,,,,,,,,,,,,,,,,,,,,,,,,,,,,,,,,,,,,,,,,,,,,,,,,,,,,,,,,,,,,,,,,,,,,,,,,,,,,,,,,,,,,,,,,,,,,,,,,,,,,,,,,,,,,,,,,,,,,27112700,,,,,,,,,,,,,,,,,,,,,,,,,,,,,,,,,,,,,,,,,,,
,,,,,,,Tools,Power Tool Accessories,Saw Blades,,DWA4769,"DWA4769 Dewalt Rim Glass Tile - Blade 10""",-- Unbranded --,-- No Unilog Brand --,-- No DIB Brand --,Black & Decker/dewlt (2585),Stanley Black & Decker,DEWALT®,,DWA4769,,Tools & Equipment>Power Tool Accessories>Saw Blades,"Stanley Black & Decker DEWALT, Blade, DWA4769, 10 in, Tile",BLADE 10IN TILE,"DEWALT® DWA4769 Blade, 10 in, Tile","DEWALT® Blade, 10 in, Tile","Blade, 10 in, Tile",,,,,,,,,,,,,,,,,,,,,,,,,,,Blade,Size,10,in,Application,Tile,,,,,,,,,,,,,,,,,,,,,,,,,,,,,,,,,,,,,,,,,,,,,,,,,,,,,,,,,,,,,,,,,,,,,,,,,,,,,,,,,,,,,,,,,,,,,,,,,,,,,,,,,,,,,,,,,,,,,,,,,,,,,,,,,,,,,,,,,,,,,,,,,,,,,27112700,,,,,,,,,,,,,,,,,,,,,,,,,,,,,,,,,,,,,,,,,,,
,,,,,,,Tools,Power Tool Accessories,Saw Blades,,49-93-9204,"49-93-9204 Milw 4-1/2"" Diamond - Tile Blade",-- Unbranded --,-- No Unilog Brand --,-- No DIB Brand --,Milwaukee Accessory (4031),Milwaukee Tool,Milwaukee®,,49-93-9204,,Tools & Equipment>Power Tool Accessories>Saw Blades,"Milwaukee Tool Milwaukee, Diamond Blade, 49-93-9204, 4-1/2 in",DIAMOND BLADE 4-1/2IN TILE,"Milwaukee® 49-93-9204 Diamond Blade, 4-1/2 in, Tile","Milwaukee® Diamond Blade, 4-1/2 in, Tile","Diamond Blade, 4-1/2 in, Tile",,,,,,,,,,,,,,,,,,,,,,,,,,,Diamond Blade,Size,4-1/2,in,Application,Tile,,,,,,,,,,,,,,,,,,,,,,,,,,,,,,,,,,,,,,,,,,,,,,,,,,,,,,,,,,,,,,,,,,,,,,,,,,,,,,,,,,,,,,,,,,,,,,,,,,,,,,,,,,,,,,,,,,,,,,,,,,,,,,,,,,,,,,,,,,,,,,,,,,,,,27112700,,,,,,,,,,,,,,,,,,,,,,,,,,,,,,,,,,,,,,,,,,,
,,,,,,,Tools,Power Tool Accessories,Saw Blades,,49-93-9207,"49-93-9207 Milw 7"" Diamond - Tile Blade",-- Unbranded --,-- No Unilog Brand --,-- No DIB Brand --,Milwaukee Accessory (4031),Milwaukee Tool,Milwaukee®,,49-93-9207,,Tools & Equipment>Power Tool Accessories>Saw Blades,"Milwaukee Tool Milwaukee, Diamond Blade, 49-93-9207, 7 in, Tile",DIAMOND BLADE 7IN TILE,"Milwaukee® 49-93-9207 Diamond Blade, 7 in, Tile","Milwaukee® Diamond Blade, 7 in, Tile","Diamond Blade, 7 in, Tile",,,,,,,,,,,,,,,,,,,,,,,,,,,Diamond Blade,Size,7,in,Application,Tile,,,,,,,,,,,,,,,,,,,,,,,,,,,,,,,,,,,,,,,,,,,,,,,,,,,,,,,,,,,,,,,,,,,,,,,,,,,,,,,,,,,,,,,,,,,,,,,,,,,,,,,,,,,,,,,,,,,,,,,,,,,,,,,,,,,,,,,,,,,,,,,,,,,,,27112700,,,,,,,,,,,,,,,,,,,,,,,,,,,,,,,,,,,,,,,,,,,
,,,,,,,Tools,Power Tool Accessories,Saw Blades,,49-93-9210,"49-93-9210 Milw 10"" Diamond - Tile Blade",-- Unbranded --,-- No Unilog Brand --,-- No DIB Brand --,Milwaukee Accessory (4031),Milwaukee Tool,Milwaukee®,,49-93-9210,,Tools & Equipment>Power Tool Accessories>Saw Blades,"Milwaukee Tool Milwaukee, Diamond Blade, 49-93-9210, 10 in, Tile",DIAMOND BLADE 10IN TILE,"Milwaukee® 49-93-9210 Diamond Blade, 10 in, Tile","Milwaukee® Diamond Blade, 10 in, Tile","Diamond Blade, 10 in, Tile",,,,,,,,,,,,,,,,,,,,,,,,,,,Diamond Blade,Size,10,in,Application,Tile,,,,,,,,,,,,,,,,,,,,,,,,,,,,,,,,,,,,,,,,,,,,,,,,,,,,,,,,,,,,,,,,,,,,,,,,,,,,,,,,,,,,,,,,,,,,,,,,,,,,,,,,,,,,,,,,,,,,,,,,,,,,,,,,,,,,,,,,,,,,,,,,,,,,,27112700,,,,,,,,,,,,,,,,,,,,,,,,,,,,,,,,,,,,,,,,,,,
,,,,,,,Tools,Power Tool Accessories,Saw Blades,,49-93-9202,"49-93-9202 Milw 4"" Diamond - Tile Blade",-- Unbranded --,-- No Unilog Brand --,-- No DIB Brand --,Milwaukee Accessory (4031),Milwaukee Tool,Milwaukee®,,49-93-9202,,Tools & Equipment>Power Tool Accessories>Saw Blades,"Milwaukee Tool Milwaukee, Diamond Blade, 49-93-9202, 4 in, Tile",DIAMOND BLADE 4IN TILE,"Milwaukee® 49-93-9202 Diamond Blade, 4 in, Tile","Milwaukee® Diamond Blade, 4 in, Tile","Diamond Blade, 4 in, Tile",,,,,,,,,,,,,,,,,,,,,,,,,,,Diamond Blade,Size,4,in,Application,Tile,,,,,,,,,,,,,,,,,,,,,,,,,,,,,,,,,,,,,,,,,,,,,,,,,,,,,,,,,,,,,,,,,,,,,,,,,,,,,,,,,,,,,,,,,,,,,,,,,,,,,,,,,,,,,,,,,,,,,,,,,,,,,,,,,,,,,,,,,,,,,,,,,,,,,27112700,,,,,,,,,,,,,,,,,,,,,,,,,,,,,,,,,,,,,,,,,,,
,,,,,,,Tools,Power Tool Accessories,Saw Blades,,49-93-9205,"49-93-9205 Milw 5"" Diamond - Tile Blade",-- Unbranded --,-- No Unilog Brand --,-- No DIB Brand --,Milwaukee Accessory (4031),Milwaukee Tool,Milwaukee®,,49-93-9205,,Tools & Equipment>Power Tool Accessories>Saw Blades,"Milwaukee Tool Milwaukee, Diamond Blade, 49-93-9205, 5 in, Tile",DIAMOND BLADE 5IN TILE,"Milwaukee® 49-93-9205 Diamond Blade, 5 in, Tile","Milwaukee® Diamond Blade, 5 in, Tile","Diamond Blade, 5 in, Tile",,,,,,,,,,,,,,,,,,,,,,,,,,,Diamond Blade,Size,5,in,Application,Tile,,,,,,,,,,,,,,,,,,,,,,,,,,,,,,,,,,,,,,,,,,,,,,,,,,,,,,,,,,,,,,,,,,,,,,,,,,,,,,,,,,,,,,,,,,,,,,,,,,,,,,,,,,,,,,,,,,,,,,,,,,,,,,,,,,,,,,,,,,,,,,,,,,,,,27112700,,,,,,,,,,,,,,,,,,,,,,,,,,,,,,,,,,,,,,,,,,,
,,,,,,,,,,,49-22-4702,49-22-4702 Milw 13pc Quik-Lock Hole Dozer Kit,-- Unbranded --,-- No Unilog Brand --,-- No DIB Brand --,Milwaukee Accessory (4031),Milwaukee Tool,Milwaukee®,,49-22-4702,,,"Milwaukee Tool Milwaukee, Hole Dozer, Quik Lock, 49-22-4702, 13",HOLE DOZER 13 KIT,"Milwaukee® Quik Lock 49-22-4702 Hole Dozer, 13, Kit","Milwaukee® Hole Dozer, Quik Lock, 13, Kit","Quik Lock Hole Dozer, 13, Kit",,,,,,,,,,,,,,,,,,,,,,,,,,,Hole Dozer,Wattage,,,Color Temperature,,,Bulb Shape,,,Base Type,,,Pack Quantity,13,,Series,Quik Lock,,Configuration,Kit,,,,,,,,,,,,,,,,,,,,,,,,,,,,,,,,,,,,,,,,,,,,,,,,,,,,,,,,,,,,,,,,,,,,,,,,,,,,,,,,,,,,,,,,,,,,,,,,,,,,,,,,,,,,,,,,,,,,,,,,,,,,,,,,,,,,,,,,,,,,,,,,,,,,,,,,,,,,,,,,,,,,,,,,,,,,,,,,,
,,,,,,,Tools,Power Tool Accessories,Saw Blades,,DJT155HHM,"DJT155HHM Diablo 3-3/5"" 10 TPI - Jig Saw Blade",-- Unbranded --,-- No Unilog Brand --,-- No DIB Brand --,Freud Inc (2435),"Freud America, Inc.",Diablo®,,DJT155HHM,,Tools & Equipment>Power Tool Accessories>Saw Blades,"Freud America, Inc. Diablo, Saw Blade, DJT155HHM, 3-3/5 in",SAW BLADE 3-3/5IN,"Diablo® DJT155HHM Saw Blade, 3-3/5 in","Diablo® Saw Blade, 3-3/5 in","Saw Blade, 3-3/5 in",,,,,,,,,,,,,,,,,,,,,,,,,,,Saw Blade,Size,3-3/5,in,Application,,,,,,,,,,,,,,,,,,,,,,,,,,,,,,,,,,,,,,,,,,,,,,,,,,,,,,,,,,,,,,,,,,,,,,,,,,,,,,,,,,,,,,,,,,,,,,,,,,,,,,,,,,,,,,,,,,,,,,,,,,,,,,,,,,,,,,,,,,,,,,,,,,,,,,27112700,,,,,,,,,,,,,,,,,,,,,,,,,,,,,,,,,,,,,,,,,,,
,,,,,,,Tools,Stationary Power Tools,Woodworking Machinery,,790.82,790.820 CMT Planer Blade 2pc,-- Unbranded --,-- No Unilog Brand --,-- No DIB Brand --,CMT USA Inc (CMTUS),CMT Utensili S.p.A.,CMT®,,790.82,,Tools & Equipment>Stationary Power Tools>Woodworking Machinery,"CMT Utensili S.p.A. CMT, Planer, Blade, 790.82, 2",PLANER 2 790.82,"CMT® Blade 790.82 Planer, 2","CMT® Planer, Blade, 2","Blade Planer, 2",,,,,,,,,,,,,,,,,,,,,,,,,,,Planer,Voltage Rating,,,Horsepower,,,Phase,,,Size,,,Pack Quantity,2,,Series,Blade,,,,,,,,,,,,,,,,,,,,,,,,,,,,,,,,,,,,,,,,,,,,,,,,,,,,,,,,,,,,,,,,,,,,,,,,,,,,,,,,,,,,,,,,,,,,,,,,,,,,,,,,,,,,,,,,,,,,,,,,,,,,,,,,,,,,,,,,,27112100,,,,,,,,,,,,,,,,,,,,,,,,,,,,,,,,,,,,,,,,,,,
,,,,,,,Tools,Stationary Power Tools,Woodworking Machinery,,794.321,794.321 HS Planer Knives 3pc,-- Unbranded --,-- No Unilog Brand --,-- No DIB Brand --,CMT USA Inc (CMTUS),CMT Utensili S.p.A.,CMT®,,794.321,,Tools & Equipment>Stationary Power Tools>Woodworking Machinery,"CMT Utensili S.p.A. CMT, Planer, HS Knives, 794.321, 3",PLANER 3 794.321,"CMT® HS Knives 794.321 Planer, 3","CMT® Planer, HS Knives, 3","HS Knives Planer, 3",,,,,,,,,,,,,,,,,,,,,,,,,,,Planer,Voltage Rating,,,Horsepower,,,Phase,,,Size,,,Pack Quantity,3,,Series,HS Knives,,,,,,,,,,,,,,,,,,,,,,,,,,,,,,,,,,,,,,,,,,,,,,,,,,,,,,,,,,,,,,,,,,,,,,,,,,,,,,,,,,,,,,,,,,,,,,,,,,,,,,,,,,,,,,,,,,,,,,,,,,,,,,,,,,,,,,,,,27112100,,,,,,,,,,,,,,,,,,,,,,,,,,,,,,,,,,,,,,,,,,,
,,,,,,,Tools,Power Tool Accessories,Saw Blades,,49-22-5641,49-22-5641 Milw Packout 15pc - Sawzall Blade Kit,-- Unbranded --,-- No Unilog Brand --,-- No DIB Brand --,Milwaukee Accessory (4031),Milwaukee Tool,Milwaukee®,,49-22-5641,,Tools & Equipment>Power Tool Accessories>Saw Blades,"Milwaukee Tool Milwaukee, Blade, Packout, 49-22-5641, 15, Kit",BLADE 15 KIT 49-22-5641,"Milwaukee® Packout 49-22-5641 Blade, 15, Kit","Milwaukee® Blade, Packout, 15, Kit","Packout Blade, 15, Kit",,,,,,,,,,,,,,,,,,,,,,,,,,,Blade,Size,,,Application,,,Series,Packout,,Pack Quantity,15,,Configuration,Kit,,,,,,,,,,,,,,,,,,,,,,,,,,,,,,,,,,,,,,,,,,,,,,,,,,,,,,,,,,,,,,,,,,,,,,,,,,,,,,,,,,,,,,,,,,,,,,,,,,,,,,,,,,,,,,,,,,,,,,,,,,,,,,,,,,,,,,,,,,,,27112700,,,,,,,,,,,,,,,,,,,,,,,,,,,,,,,,,,,,,,,,,,,
,,,,,,,Tools,Power Tool Accessories,Saw Blades,,D0604TSH,"D0604TSH Diablo 6-1/2"" 4-Tooth - Cement Track Saw Blade",-- Unbranded --,-- No Unilog Brand --,-- No DIB Brand --,Freud Inc (2435),"Freud America, Inc.",Diablo®,,D0604TSH,,Tools & Equipment>Power Tool Accessories>Saw Blades,"Freud America, Inc. Diablo, Saw Blade, Tooth, D0604TSH, 6-1/2 in",SAW BLADE 6-1/2IN,"Diablo® Tooth D0604TSH Saw Blade, 6-1/2 in","Diablo® Saw Blade, Tooth, 6-1/2 in","Tooth Saw Blade, 6-1/2 in",,,,,,,,,,,,,,,,,,,,,,,,,,,Saw Blade,Size,6-1/2,in,Application,,,Series,Tooth,,,,,,,,,,,,,,,,,,,,,,,,,,,,,,,,,,,,,,,,,,,,,,,,,,,,,,,,,,,,,,,,,,,,,,,,,,,,,,,,,,,,,,,,,,,,,,,,,,,,,,,,,,,,,,,,,,,,,,,,,,,,,,,,,,,,,,,,,,,,,,,,,,27112700,,,,,,,,,,,,,,,,,,,,,,,,,,,,,,,,,,,,,,,,,,,
,,,,,,,Tools,Power Tool Accessories,Saw Blades,,D0620TSR,"D0620TSR Diablo 6-1/2""20 Tooth - Framing Saw Blade",-- Unbranded --,-- No Unilog Brand --,-- No DIB Brand --,Freud Inc (2435),"Freud America, Inc.",Diablo®,,D0620TSR,,Tools & Equipment>Power Tool Accessories>Saw Blades,"Freud America, Inc. Diablo, Saw Blade, Tooth, D0620TSR",SAW BLADE D0620TSR,Diablo® Tooth D0620TSR Saw Blade,"Diablo® Saw Blade, Tooth",Tooth Saw Blade,,,,,,,,,,,,,,,,,,,,,,,,,,,Saw Blade,Size,,,Application,,,Series,Tooth,,,,,,,,,,,,,,,,,,,,,,,,,,,,,,,,,,,,,,,,,,,,,,,,,,,,,,,,,,,,,,,,,,,,,,,,,,,,,,,,,,,,,,,,,,,,,,,,,,,,,,,,,,,,,,,,,,,,,,,,,,,,,,,,,,,,,,,,,,,,,,,,,,27112700,,,,,,,,,,,,,,,,,,,,,,,,,,,,,,,,,,,,,,,,,,,
,,,,,,,Tools,Power Tool Accessories,Saw Blades,,D0648TSF,"D0648TSF Diablo 6-1/2""48 Tooth - Plywood Track Saw Blade",-- Unbranded --,-- No Unilog Brand --,-- No DIB Brand --,Freud Inc (2435),"Freud America, Inc.",Diablo®,,D0648TSF,,Tools & Equipment>Power Tool Accessories>Saw Blades,"Freud America, Inc. Diablo, Saw Blade, Tooth, D0648TSF",SAW BLADE D0648TSF,Diablo® Tooth D0648TSF Saw Blade,"Diablo® Saw Blade, Tooth",Tooth Saw Blade,,,,,,,,,,,,,,,,,,,,,,,,,,,Saw Blade,Size,,,Application,,,Series,Tooth,,,,,,,,,,,,,,,,,,,,,,,,,,,,,,,,,,,,,,,,,,,,,,,,,,,,,,,,,,,,,,,,,,,,,,,,,,,,,,,,,,,,,,,,,,,,,,,,,,,,,,,,,,,,,,,,,,,,,,,,,,,,,,,,,,,,,,,,,,,,,,,,,,27112700,,,,,,,,,,,,,,,,,,,,,,,,,,,,,,,,,,,,,,,,,,,
,,,,,,,Tools,Power Tool Accessories,Saw Blades,,D0652TSL,"D0652TSL Diablo 6-1/2""52 Tooth - Laminate Track Saw Blade",-- Unbranded --,-- No Unilog Brand --,-- No DIB Brand --,Freud Inc (2435),"Freud America, Inc.",Diablo®,,D0652TSL,,Tools & Equipment>Power Tool Accessories>Saw Blades,"Freud America, Inc. Diablo, Saw Blade, Tooth, D0652TSL",SAW BLADE D0652TSL,Diablo® Tooth D0652TSL Saw Blade,"Diablo® Saw Blade, Tooth",Tooth Saw Blade,,,,,,,,,,,,,,,,,,,,,,,,,,,Saw Blade,Size,,,Application,,,Series,Tooth,,,,,,,,,,,,,,,,,,,,,,,,,,,,,,,,,,,,,,,,,,,,,,,,,,,,,,,,,,,,,,,,,,,,,,,,,,,,,,,,,,,,,,,,,,,,,,,,,,,,,,,,,,,,,,,,,,,,,,,,,,,,,,,,,,,,,,,,,,,,,,,,,,27112700,,,,,,,,,,,,,,,,,,,,,,,,,,,,,,,,,,,,,,,,,,,
,,,,,,,Tools,Stationary Power Tools,Band Saws,,JT1-549,"JT1-549 JWBS18SFX 18"" Bandsaw - 1.75HP 1PH 115V",-- Unbranded --,-- No Unilog Brand --,-- No DIB Brand --,JPW Industries (JPWIN),"JPW Industries, Inc.",JET®,,JT1-549,,Tools & Equipment>Stationary Power Tools>Band Saws,"JPW Industries, Inc. JET, Bandsaw, JT1-549, 18 in, 115 V, 1.75 HP",BANDSAW 115V 18IN 1.75HP 1PH,"JET® JT1-549 Bandsaw, 115 V, 1.75 HP, 1 PH, 18 in","JET® Bandsaw, 115 V, 1.75 HP, 1 PH, 18 in","Bandsaw, 115 V, 1.75 HP, 1 PH, 18 in",,,,,,,,,,,,,,,,,,,,,,,,,,,Bandsaw,Voltage Rating,115,V,Horsepower,1.75,HP,Phase,1,PH,Size,18,in,Color,,,,,,,,,,,,,,,,,,,,,,,,,,,,,,,,,,,,,,,,,,,,,,,,,,,,,,,,,,,,,,,,,,,,,,,,,,,,,,,,,,,,,,,,,,,,,,,,,,,,,,,,,,,,,,,,,,,,,,,,,,,,,,,,,,,,,,,,,,,,,27112100,,,,,,,,,,,,,,,,,,,,,,,,,,,,,,,,,,,,,,,,,,,
,,,,,,,Tools,Stationary Power Tools,Band Saws,,JT1-1371,"JWBS14-SFX-BLK Jet 14"" Bandsaw - JT1-1371",-- Unbranded --,-- No Unilog Brand --,-- No DIB Brand --,JPW Industries (JPWIN),"JPW Industries, Inc.",JET®,,JT1-1371,,Tools & Equipment>Stationary Power Tools>Band Saws,"JPW Industries, Inc. JET, Bandsaw, JT1-1371, 14 in, Black",BANDSAW BK 14IN,"JET® JT1-1371 Bandsaw, 14 in, Black","JET® Bandsaw, 14 in, Black","Bandsaw, 14 in, Black",,,,,,,,,,,,,,,,,,,,,,,,,,,Bandsaw,Voltage Rating,,,Horsepower,,,Phase,,,Size,14,in,Color,Black,,,,,,,,,,,,,,,,,,,,,,,,,,,,,,,,,,,,,,,,,,,,,,,,,,,,,,,,,,,,,,,,,,,,,,,,,,,,,,,,,,,,,,,,,,,,,,,,,,,,,,,,,,,,,,,,,,,,,,,,,,,,,,,,,,,,,,,,,,,,27112100,,,,,,,,,,,,,,,,,,,,,,,,,,,,,,,,,,,,,,,,,,,
,,,,,,,Tools,Stationary Power Tools,Band Saws,,JT9-714400K,"JWBS-14SFX 14"" Bandsaw JTP-714400K",-- Unbranded --,-- No Unilog Brand --,-- No DIB Brand --,JPW Industries (JPWIN),"JPW Industries, Inc.",JET®,,JT9-714400K,,Tools & Equipment>Stationary Power Tools>Band Saws,"JPW Industries, Inc. JET, Bandsaw, JT9-714400K, 14 in",BANDSAW 14IN JT9-714400K,"JET® JT9-714400K Bandsaw, 14 in","JET® Bandsaw, 14 in","Bandsaw, 14 in",,,,,,,,,,,,,,,,,,,,,,,,,,,Bandsaw,Voltage Rating,,,Horsepower,,,Phase,,,Size,14,in,Color,,,,,,,,,,,,,,,,,,,,,,,,,,,,,,,,,,,,,,,,,,,,,,,,,,,,,,,,,,,,,,,,,,,,,,,,,,,,,,,,,,,,,,,,,,,,,,,,,,,,,,,,,,,,,,,,,,,,,,,,,,,,,,,,,,,,,,,,,,,,,27112100,,,,,,,,,,,,,,,,,,,,,,,,,,,,,,,,,,,,,,,,,,,
,,,,,,,Tools,Power Tools,Saws,,2834-21HD,"2834-21HD Milw M18 7-1/4"" Circ - Saw Kit",-- Unbranded --,-- No Unilog Brand --,Milwaukee,Milwaukee Accessory (4031),Milwaukee Tool,Milwaukee®,,2834-21HD,,Tools & Equipment>Power Tools>Saws,"Milwaukee Tool Milwaukee, Circ Saw, 2834-21HD, 7-1/4 in, M18",CIRC SAW 7-1/4IN M18 KIT,"Milwaukee® 2834-21HD Circ Saw, 7-1/4 in, M18, Kit","Milwaukee® Circ Saw, 7-1/4 in, M18, Kit","Circ Saw, 7-1/4 in, M18, Kit",,,,,,,,,,,,,,,,,,,,,,,,,,,Circ Saw,Battery Platform,M18,,Voltage Rating,,,Size,7-1/4,in,Configuration,Kit,,,,,,,,,,,,,,,,,,,,,,,,,,,,,,,,,,,,,,,,,,,,,,,,,,,,,,,,,,,,,,,,,,,,,,,,,,,,,,,,,,,,,,,,,,,,,,,,,,,,,,,,,,,,,,,,,,,,,,,,,,,,,,,,,,,,,,,,,,,,,,,27112100,,,,,,,,,,,,,,,,,,,,,,,,,,,,,,,,,,,,,,,,,,,
,,,,,,,Tools,Power Tools,Saws,,DCS383B,"DCS383B Dewalt 20V 7-1/4"" - Metal Cutting Circ Saw",-- Unbranded --,-- No Unilog Brand --,-- No DIB Brand --,Black & Decker/dewlt (2585),Stanley Black & Decker,DEWALT®,,DCS383B,,Tools & Equipment>Power Tools>Saws,"Stanley Black & Decker DEWALT, Circ Saw, DCS383B, 7-1/4 in, 20 V",CIRC SAW 20V 7-1/4IN METAL,"DEWALT® DCS383B Circ Saw, 20 V, 7-1/4 in, Metal","DEWALT® Circ Saw, 20 V, 7-1/4 in, Metal","Circ Saw, 20 V, 7-1/4 in, Metal",,,,,,,,,,,,,,,,,,,,,,,,,,,Circ Saw,Battery Platform,,,Voltage Rating,20,V,Size,7-1/4,in,Configuration,,,Application,Metal,,,,,,,,,,,,,,,,,,,,,,,,,,,,,,,,,,,,,,,,,,,,,,,,,,,,,,,,,,,,,,,,,,,,,,,,,,,,,,,,,,,,,,,,,,,,,,,,,,,,,,,,,,,,,,,,,,,,,,,,,,,,,,,,,,,,,,,,,,,,27112100,,,,,,,,,,,,,,,,,,,,,,,,,,,,,,,,,,,,,,,,,,,
,,,,,,,Tools,Power Tools,Saws,,DCS590B,"DCS590B Dewalt 20V Cordless - 7-1/4"" Circular Saw (Bare)",-- Unbranded --,-- No Unilog Brand --,DEWALT,Black & Decker/dewlt (2585),Stanley Black & Decker,DEWALT®,,DCS590B,,Tools & Equipment>Power Tools>Saws,"Stanley Black & Decker DEWALT, Circular Saw, DCS590B, 7-1/4 in",CIRCULAR SAW 20V 7-1/4IN,"DEWALT® DCS590B Circular Saw, 20 V, 7-1/4 in","DEWALT® Circular Saw, 20 V, 7-1/4 in","Circular Saw, 20 V, 7-1/4 in",,,,,,,,,,,,,,,,,,,,,,,,,,,Circular Saw,Battery Platform,,,Voltage Rating,20,V,Size,7-1/4,in,Configuration,,,Battery Included,No,,,,,,,,,,,,,,,,,,,,,,,,,,,,,,,,,,,,,,,,,,,,,,,,,,,,,,,,,,,,,,,,,,,,,,,,,,,,,,,,,,,,,,,,,,,,,,,,,,,,,,,,,,,,,,,,,,,,,,,,,,,,,,,,,,,,,,,,,,,,27112100,,,,,,,,,,,,,,,,,,,,,,,,,,,,,,,,,,,,,,,,,,,
,,,,,,,Tools,Power Tools,Saws,,KPTCS725A,"KPTCS725A Kreg 20V Ionic 7-1/4"" Circ Saw",-- Unbranded --,-- No Unilog Brand --,-- No DIB Brand --,Kreg Tool Company (KRETO),Kreg Tool Company,Kreg®,,KPTCS725A,,Tools & Equipment>Power Tools>Saws,"Kreg Tool Company Kreg, Ionic Circ Saw, KPTCS725A, 7-1/4 in, 20 V",IONIC CIRC SAW 20V 7-1/4IN,"Kreg® KPTCS725A Ionic Circ Saw, 20 V, 7-1/4 in","Kreg® Ionic Circ Saw, 20 V, 7-1/4 in","Ionic Circ Saw, 20 V, 7-1/4 in",,,,,,,,,,,,,,,,,,,,,,,,,,,Ionic Circ Saw,Battery Platform,,,Voltage Rating,20,V,Size,7-1/4,in,Configuration,,,,,,,,,,,,,,,,,,,,,,,,,,,,,,,,,,,,,,,,,,,,,,,,,,,,,,,,,,,,,,,,,,,,,,,,,,,,,,,,,,,,,,,,,,,,,,,,,,,,,,,,,,,,,,,,,,,,,,,,,,,,,,,,,,,,,,,,,,,,,,,,27112100,,,,,,,,,,,,,,,,,,,,,,,,,,,,,,,,,,,,,,,,,,,
,,,,,,,Tools,Power Tools,Saws,,KPTCS450A,"KPTCS450A Kreg 20V Ionic 4-1/2"" Circ Saw",-- Unbranded --,-- No Unilog Brand --,-- No DIB Brand --,Kreg Tool Company (KRETO),Kreg Tool Company,Kreg®,,KPTCS450A,,Tools & Equipment>Power Tools>Saws,"Kreg Tool Company Kreg, Ionic Circ Saw, KPTCS450A, 4-1/2 in, 20 V",IONIC CIRC SAW 20V 4-1/2IN,"Kreg® KPTCS450A Ionic Circ Saw, 20 V, 4-1/2 in","Kreg® Ionic Circ Saw, 20 V, 4-1/2 in","Ionic Circ Saw, 20 V, 4-1/2 in",,,,,,,,,,,,,,,,,,,,,,,,,,,Ionic Circ Saw,Battery Platform,,,Voltage Rating,20,V,Size,4-1/2,in,Configuration,,,,,,,,,,,,,,,,,,,,,,,,,,,,,,,,,,,,,,,,,,,,,,,,,,,,,,,,,,,,,,,,,,,,,,,,,,,,,,,,,,,,,,,,,,,,,,,,,,,,,,,,,,,,,,,,,,,,,,,,,,,,,,,,,,,,,,,,,,,,,,,,27112100,,,,,,,,,,,,,,,,,,,,,,,,,,,,,,,,,,,,,,,,,,,
,,,,,,,Tools,Power Tools,Saws,,2545-20,2545-20 Milw M12 Jig Saw,-- Unbranded --,-- No Unilog Brand --,Milwaukee,Milwaukee Accessory (4031),Milwaukee Tool,Milwaukee®,,2545-20,,Tools & Equipment>Power Tools>Saws,"Milwaukee Tool Milwaukee, Jig Saw, 2545-20, M12",JIG SAW M12 2545-20,"Milwaukee® 2545-20 Jig Saw, M12","Milwaukee® Jig Saw, M12","Jig Saw, M12",,,,,,,,,,,,,,,,,,,,,,,,,,,Jig Saw,Battery Platform,M12,,Voltage Rating,,,Size,,,Configuration,,,,,,,,,,,,,,,,,,,,,,,,,,,,,,,,,,,,,,,,,,,,,,,,,,,,,,,,,,,,,,,,,,,,,,,,,,,,,,,,,,,,,,,,,,,,,,,,,,,,,,,,,,,,,,,,,,,,,,,,,,,,,,,,,,,,,,,,,,,,,,,,27112100,,,,,,,,,,,,,,,,,,,,,,,,,,,,,,,,,,,,,,,,,,,
,,,,,,,Tools,Power Tools,Saws,,KPTJS100A,KPTJS100A Kreg 20V Ionic Barrel Grip Jigsaw,-- Unbranded --,-- No Unilog Brand --,-- No DIB Brand --,Kreg Tool Company (KRETO),Kreg Tool Company,Kreg®,,KPTJS100A,,Tools & Equipment>Power Tools>Saws,"Kreg Tool Company Kreg, Grip Jigsaw, Ionic Barrel, KPTJS100A",GRIP JIGSAW 20V,"Kreg® Ionic Barrel KPTJS100A Grip Jigsaw, 20 V","Kreg® Grip Jigsaw, Ionic Barrel, 20 V","Ionic Barrel Grip Jigsaw, 20 V",,,,,,,,,,,,,,,,,,,,,,,,,,,Grip Jigsaw,Battery Platform,,,Voltage Rating,20,V,Size,,,Configuration,,,Series,Ionic Barrel,,,,,,,,,,,,,,,,,,,,,,,,,,,,,,,,,,,,,,,,,,,,,,,,,,,,,,,,,,,,,,,,,,,,,,,,,,,,,,,,,,,,,,,,,,,,,,,,,,,,,,,,,,,,,,,,,,,,,,,,,,,,,,,,,,,,,,,,,,,,27112100,,,,,,,,,,,,,,,,,,,,,,,,,,,,,,,,,,,,,,,,,,,
,,,,,,,Tools,Power Tools,Miter Saws,,DCS714B,"DCS714B Dewalt 20V Miter Saw - (Bare) 10"" Double Bevel Fixed",-- Unbranded --,-- No Unilog Brand --,-- No DIB Brand --,Black & Decker/dewlt (2585),Stanley Black & Decker,DEWALT®,,DCS714B,,Tools & Equipment>Power Tools>Miter Saws,"Stanley Black & Decker DEWALT, Miter Saw, Double Fixed, DCS714B",MITER SAW 20V 10IN BEVELED,"DEWALT® Double Fixed DCS714B Miter Saw, 20 V, 10 in, Beveled","DEWALT® Miter Saw, Double Fixed, 20 V, 10 in, Beveled","Double Fixed Miter Saw, 20 V, 10 in, Beveled",,,,,,,,,,,,,,,,,,,,,,,,,,,Miter Saw,Voltage Rating,20,V,Size,10,in,Battery Included,No,,Edge Profile,Beveled,,Configuration,,,Series,Double Fixed,,,,,,,,,,,,,,,,,,,,,,,,,,,,,,,,,,,,,,,,,,,,,,,,,,,,,,,,,,,,,,,,,,,,,,,,,,,,,,,,,,,,,,,,,,,,,,,,,,,,,,,,,,,,,,,,,,,,,,,,,,,,,,,,,,,,,,,,,27112100,,,,,,,,,,,,,,,,,,,,,,,,,,,,,,,,,,,,,,,,,,,
,,,,,,,Tools,Power Tools,Miter Saws,,DCS785B,"DCS785B Dewalt 20V Miter Saw - Kit 12"" Double Bevel Sliding",-- Unbranded --,-- No Unilog Brand --,-- No DIB Brand --,Black & Decker/dewlt (2585),Stanley Black & Decker,DEWALT®,,DCS785B,,Tools & Equipment>Power Tools>Miter Saws,"Stanley Black & Decker DEWALT, Miter Saw, Double Sliding, DCS785B",MITER SAW 20V 12IN BEVELED KIT,"DEWALT® Double Sliding DCS785B Miter Saw, 20 V, 12 in, Beveled, Kit","DEWALT® Miter Saw, Double Sliding, 20 V, 12 in, Beveled, Kit","Double Sliding Miter Saw, 20 V, 12 in, Beveled, Kit",,,,,,,,,,,,,,,,,,,,,,,,,,,Miter Saw,Voltage Rating,20,V,Size,12,in,Battery Included,,,Edge Profile,Beveled,,Configuration,Kit,,Series,Double Sliding,,,,,,,,,,,,,,,,,,,,,,,,,,,,,,,,,,,,,,,,,,,,,,,,,,,,,,,,,,,,,,,,,,,,,,,,,,,,,,,,,,,,,,,,,,,,,,,,,,,,,,,,,,,,,,,,,,,,,,,,,,,,,,,,,,,,,,,,,27112100,,,,,,,,,,,,,,,,,,,,,,,,,,,,,,,,,,,,,,,,,,,
,,,,,,,Tools,Power Tools,Miter Saws,,GSL02M1,"GSL02M1 Makita Miter Saw - 40V 8-1/2""",-- Unbranded --,-- No Unilog Brand --,-- No DIB Brand --,Makita Usa Inc (5142),"Makita U.S.A., Inc.",Makita®,,GSL02M1,,Tools & Equipment>Power Tools>Miter Saws,"Makita U.S.A., Inc. Makita, Miter Saw, GSL02M1, 8-1/2 in, 40 V",MITER SAW 40V 8-1/2IN,"Makita® GSL02M1 Miter Saw, 40 V, 8-1/2 in","Makita® Miter Saw, 40 V, 8-1/2 in","Miter Saw, 40 V, 8-1/2 in",,,,,,,,,,,,,,,,,,,,,,,,,,,Miter Saw,Voltage Rating,40,V,Size,8-1/2,in,Battery Included,,,Edge Profile,,,Configuration,,,,,,,,,,,,,,,,,,,,,,,,,,,,,,,,,,,,,,,,,,,,,,,,,,,,,,,,,,,,,,,,,,,,,,,,,,,,,,,,,,,,,,,,,,,,,,,,,,,,,,,,,,,,,,,,,,,,,,,,,,,,,,,,,,,,,,,,,,,,,27112100,,,,,,,,,,,,,,,,,,,,,,,,,,,,,,,,,,,,,,,,,,,
,,,,,,,Tools,Power Tools,Miter Saws,,DW7029,DW7029 Dewalt Miter Saw - Stand Support/Stop,-- Unbranded --,-- No Unilog Brand --,-- No DIB Brand --,Black & Decker/dewlt (2585),Stanley Black & Decker,DEWALT®,,DW7029,,Tools & Equipment>Power Tools>Miter Saws,"Stanley Black & Decker DEWALT, Miter Saw, Stand Support Stop, DW7029",MITER SAW DW7029,DEWALT® Stand Support Stop DW7029 Miter Saw,"DEWALT® Miter Saw, Stand Support Stop",Stand Support Stop Miter Saw,,,,,,,,,,,,,,,,,,,,,,,,,,,Miter Saw,Voltage Rating,,,Size,,,Battery Included,,,Edge Profile,,,Configuration,,,Series,Stand Support Stop,,,,,,,,,,,,,,,,,,,,,,,,,,,,,,,,,,,,,,,,,,,,,,,,,,,,,,,,,,,,,,,,,,,,,,,,,,,,,,,,,,,,,,,,,,,,,,,,,,,,,,,,,,,,,,,,,,,,,,,,,,,,,,,,,,,,,,,,,27112100,,,,,,,,,,,,,,,,,,,,,,,,,,,,,,,,,,,,,,,,,,,
,,,,,,,Tools,Power Tools,Saws,,DCS384B,DCS384B Dewalt 20V Brushless - Cordless Recip Saw (Bare),-- Unbranded --,-- No Unilog Brand --,DEWALT,Black & Decker/dewlt (2585),Stanley Black & Decker,DEWALT®,,DCS384B,,Tools & Equipment>Power Tools>Saws,"Stanley Black & Decker DEWALT, Recip Saw, DCS384B, 20 V",RECIP SAW 20V,"DEWALT® DCS384B Recip Saw, 20 V","DEWALT® Recip Saw, 20 V","Recip Saw, 20 V",,,,,,,,,,,,,,,,,,,,,,,,,,,Recip Saw,Battery Platform,,,Voltage Rating,20,V,Size,,,Configuration,,,Battery Included,No,,,,,,,,,,,,,,,,,,,,,,,,,,,,,,,,,,,,,,,,,,,,,,,,,,,,,,,,,,,,,,,,,,,,,,,,,,,,,,,,,,,,,,,,,,,,,,,,,,,,,,,,,,,,,,,,,,,,,,,,,,,,,,,,,,,,,,,,,,,,27112100,,,,,,,,,,,,,,,,,,,,,,,,,,,,,,,,,,,,,,,,,,,
,,,,,,,Tools,Power Tools,Saws,,XRJ08Z,XRJ08Z Makita 18V Recip Saw - Bare Tool,-- Unbranded --,-- No Unilog Brand --,-- No DIB Brand --,Makita Usa Inc (5142),"Makita U.S.A., Inc.",Makita®,,XRJ08Z,,Tools & Equipment>Power Tools>Saws,"Makita U.S.A., Inc. Makita, Recip Saw, XRJ08Z, 18 V, 18V, Bare Tool",RECIP SAW 18V 18V BARE TOOL,"Makita® XRJ08Z Recip Saw, 18 V, 18V, Bare Tool","Makita® Recip Saw, 18 V, 18V, Bare Tool","Recip Saw, 18 V, 18V, Bare Tool",,,,,,,,,,,,,,,,,,,,,,,,,,,Recip Saw,Battery Platform,18V,,Voltage Rating,18,V,Size,,,Configuration,Bare Tool,,,,,,,,,,,,,,,,,,,,,,,,,,,,,,,,,,,,,,,,,,,,,,,,,,,,,,,,,,,,,,,,,,,,,,,,,,,,,,,,,,,,,,,,,,,,,,,,,,,,,,,,,,,,,,,,,,,,,,,,,,,,,,,,,,,,,,,,,,,,,,,27112100,,,,,,,,,,,,,,,,,,,,,,,,,,,,,,,,,,,,,,,,,,,
,,,,,,,Tools,Stationary Power Tools,Table Saws,,G0771Z,"Grizzly G0771Z 30"" Table Saw",-- Unbranded --,-- No Unilog Brand --,-- No DIB Brand --,Woodstock Intl (3658),"Grizzly Industrial, Inc.",Grizzly®,,G0771Z,,Tools & Equipment>Stationary Power Tools>Table Saws,"Grizzly Industrial, Inc. Grizzly, Table Saw, G0771Z, 30 in",TABLE SAW 30IN,"Grizzly® G0771Z Table Saw, 30 in","Grizzly® Table Saw, 30 in","Table Saw, 30 in",,,,,,,,,,,,,,,,,,,,,,,,,,,Table Saw,Size,30,in,,,,,,,,,,,,,,,,,,,,,,,,,,,,,,,,,,,,,,,,,,,,,,,,,,,,,,,,,,,,,,,,,,,,,,,,,,,,,,,,,,,,,,,,,,,,,,,,,,,,,,,,,,,,,,,,,,,,,,,,,,,,,,,,,,,,,,,,,,,,,,,,,,,,,,,27112100,,,,,,,,,,,,,,,,,,,,,,,,,,,,,,,,,,,,,,,,,,,
,,,,,,,Tools,Stationary Power Tools,Table Saws,,TS1017,TS1017 Table Saw Zero-Clearance Insert,-- Unbranded --,-- No Unilog Brand --,-- No DIB Brand --,Robt Bosch Tool Corp (6564),Robert Bosch Tool Corporation,Bosch®,,TS1017,,Tools & Equipment>Stationary Power Tools>Table Saws,"Robert Bosch Tool Corporation Bosch, Table Saw, Zero Clearance Insert, TS1017",TABLE SAW TS1017,Bosch® Zero Clearance Insert TS1017 Table Saw,"Bosch® Table Saw, Zero Clearance Insert",Zero Clearance Insert Table Saw,,,,,,,,,,,,,,,,,,,,,,,,,,,Table Saw,Series,Zero Clearance Insert,,,,,,,,,,,,,,,,,,,,,,,,,,,,,,,,,,,,,,,,,,,,,,,,,,,,,,,,,,,,,,,,,,,,,,,,,,,,,,,,,,,,,,,,,,,,,,,,,,,,,,,,,,,,,,,,,,,,,,,,,,,,,,,,,,,,,,,,,,,,,,,,,,,,,,,,27112100,,,,,,,,,,,,,,,,,,,,,,,,,,,,,,,,,,,,,,,,,,,
,,,,,,,Tools,Power Tool Accessories,Fences & Guides,,XT524,"XT524 24"" XT XTENDER Fence",-- Unbranded --,-- No Unilog Brand --,-- No DIB Brand --,Bow Products (BOWPR),Bow Products LLC,Bow Products®,,XT524,,Tools & Equipment>Power Tool Accessories>Fences & Guides,"Bow Products LLC Bow Products, Fence, XT XTENDER, XT524, 24 in",FENCE 24IN XT524,"Bow Products® XT XTENDER XT524 Fence, 24 in","Bow Products® Fence, XT XTENDER, 24 in","XT XTENDER Fence, 24 in",,,,,,,,,,,,,,,,,,,,,,,,,,,Fence,Size,24,in,Series,XT XTENDER,,,,,,,,,,,,,,,,,,,,,,,,,,,,,,,,,,,,,,,,,,,,,,,,,,,,,,,,,,,,,,,,,,,,,,,,,,,,,,,,,,,,,,,,,,,,,,,,,,,,,,,,,,,,,,,,,,,,,,,,,,,,,,,,,,,,,,,,,,,,,,,,,,,,,27112800,,,,,,,,,,,,,,,,,,,,,,,,,,,,,,,,,,,,,,,,,,,
,,,,,,,Tools,Power Tool Accessories,Fences & Guides,,XT536,"XT536 36"" XT XTENDER Fence",-- Unbranded --,-- No Unilog Brand --,-- No DIB Brand --,Bow Products (BOWPR),Bow Products LLC,Bow Products®,,XT536,,Tools & Equipment>Power Tool Accessories>Fences & Guides,"Bow Products LLC Bow Products, Fence, XT XTENDER, XT536, 36 in",FENCE 36IN XT536,"Bow Products® XT XTENDER XT536 Fence, 36 in","Bow Products® Fence, XT XTENDER, 36 in","XT XTENDER Fence, 36 in",,,,,,,,,,,,,,,,,,,,,,,,,,,Fence,Size,36,in,Series,XT XTENDER,,,,,,,,,,,,,,,,,,,,,,,,,,,,,,,,,,,,,,,,,,,,,,,,,,,,,,,,,,,,,,,,,,,,,,,,,,,,,,,,,,,,,,,,,,,,,,,,,,,,,,,,,,,,,,,,,,,,,,,,,,,,,,,,,,,,,,,,,,,,,,,,,,,,,27112800,,,,,,,,,,,,,,,,,,,,,,,,,,,,,,,,,,,,,,,,,,,
,,,,,,,Tools,Power Tool Accessories,Fences & Guides,,XT546,"XT546 46"" XT XTENDER Fence",-- Unbranded --,-- No Unilog Brand --,-- No DIB Brand --,Bow Products (BOWPR),Bow Products LLC,Bow Products®,,XT546,,Tools & Equipment>Power Tool Accessories>Fences & Guides,"Bow Products LLC Bow Products, Fence, XT XTENDER, XT546, 46 in",FENCE 46IN XT546,"Bow Products® XT XTENDER XT546 Fence, 46 in","Bow Products® Fence, XT XTENDER, 46 in","XT XTENDER Fence, 46 in",,,,,,,,,,,,,,,,,,,,,,,,,,,Fence,Size,46,in,Series,XT XTENDER,,,,,,,,,,,,,,,,,,,,,,,,,,,,,,,,,,,,,,,,,,,,,,,,,,,,,,,,,,,,,,,,,,,,,,,,,,,,,,,,,,,,,,,,,,,,,,,,,,,,,,,,,,,,,,,,,,,,,,,,,,,,,,,,,,,,,,,,,,,,,,,,,,,,,27112800,,,,,,,,,,,,,,,,,,,,,,,,,,,,,,,,,,,,,,,,,,,
,,,,,,,Tools,Power Tool Accessories,Fences & Guides,,XTP235,"35"" XTP XTENDER PRO Fence - XTP235",-- Unbranded --,-- No Unilog Brand --,-- No DIB Brand --,Bow Products (BOWPR),Bow Products LLC,Bow Products®,,XTP235,,Tools & Equipment>Power Tool Accessories>Fences & Guides,"Bow Products LLC Bow Products, Fence, XTP XTENDER, XTP235, 35 in",FENCE 35IN XTP235,"Bow Products® XTP XTENDER XTP235 Fence, 35 in","Bow Products® Fence, XTP XTENDER, 35 in","XTP XTENDER Fence, 35 in",,,,,,,,,,,,,,,,,,,,,,,,,,,Fence,Size,35,in,Series,XTP XTENDER,,,,,,,,,,,,,,,,,,,,,,,,,,,,,,,,,,,,,,,,,,,,,,,,,,,,,,,,,,,,,,,,,,,,,,,,,,,,,,,,,,,,,,,,,,,,,,,,,,,,,,,,,,,,,,,,,,,,,,,,,,,,,,,,,,,,,,,,,,,,,,,,,,,,,27112800,,,,,,,,,,,,,,,,,,,,,,,,,,,,,,,,,,,,,,,,,,,
,,,,,,,Tools,Power Tool Accessories,Fences & Guides,,TGP2-FA,TGP2-FA T-Glide Fence Professional,-- Unbranded --,-- No Unilog Brand --,-- No DIB Brand --,Saw Stop LLC (SAWST),"SawStop, LLC",SawStop®,,TGP2-FA,,Tools & Equipment>Power Tool Accessories>Fences & Guides,"SawStop, LLC SawStop, Fence, Glide Professional, TGP2-FA",FENCE TGP2-FA,SawStop® Glide Professional TGP2-FA Fence,"SawStop® Fence, Glide Professional",Glide Professional Fence,,,,,,,,,,,,,,,,,,,,,,,,,,,Fence,Size,,,Series,Glide Professional,,,,,,,,,,,,,,,,,,,,,,,,,,,,,,,,,,,,,,,,,,,,,,,,,,,,,,,,,,,,,,,,,,,,,,,,,,,,,,,,,,,,,,,,,,,,,,,,,,,,,,,,,,,,,,,,,,,,,,,,,,,,,,,,,,,,,,,,,,,,,,,,,,,,,27112800,,,,,,,,,,,,,,,,,,,,,,,,,,,,,,,,,,,,,,,,,,,
,,,,,,,Tools,Power Tool Accessories,Fences & Guides,,ATGI-FA,ATGI-FA T-Glide Advanced Fence Industrial,-- Unbranded --,-- No Unilog Brand --,-- No DIB Brand --,Saw Stop LLC (SAWST),"SawStop, LLC",SawStop®,,ATGI-FA,,Tools & Equipment>Power Tool Accessories>Fences & Guides,"SawStop, LLC SawStop, Fence, Glide Advanced Industrial, ATGI-FA",FENCE ATGI-FA,SawStop® Glide Advanced Industrial ATGI-FA Fence,"SawStop® Fence, Glide Advanced Industrial",Glide Advanced Industrial Fence,,,,,,,,,,,,,,,,,,,,,,,,,,,Fence,Size,,,Series,Glide Advanced Industrial,,,,,,,,,,,,,,,,,,,,,,,,,,,,,,,,,,,,,,,,,,,,,,,,,,,,,,,,,,,,,,,,,,,,,,,,,,,,,,,,,,,,,,,,,,,,,,,,,,,,,,,,,,,,,,,,,,,,,,,,,,,,,,,,,,,,,,,,,,,,,,,,,,,,,27112800,,,,,,,,,,,,,,,,,,,,,,,,,,,,,,,,,,,,,,,,,,,
,,,,,,,Tools,Power Tool Accessories,Fences & Guides,,ATGP-FA,ATGP-FA T-Glide Advance Fence Professional,-- Unbranded --,-- No Unilog Brand --,-- No DIB Brand --,Saw Stop LLC (SAWST),"SawStop, LLC",SawStop®,,ATGP-FA,,Tools & Equipment>Power Tool Accessories>Fences & Guides,"SawStop, LLC SawStop, Fence, Glide Advance Professional, ATGP-FA",FENCE ATGP-FA,SawStop® Glide Advance Professional ATGP-FA Fence,"SawStop® Fence, Glide Advance Professional",Glide Advance Professional Fence,,,,,,,,,,,,,,,,,,,,,,,,,,,Fence,Size,,,Series,Glide Advance Professional,,,,,,,,,,,,,,,,,,,,,,,,,,,,,,,,,,,,,,,,,,,,,,,,,,,,,,,,,,,,,,,,,,,,,,,,,,,,,,,,,,,,,,,,,,,,,,,,,,,,,,,,,,,,,,,,,,,,,,,,,,,,,,,,,,,,,,,,,,,,,,,,,,,,,27112800,,,,,,,,,,,,,,,,,,,,,,,,,,,,,,,,,,,,,,,,,,,
,,,,,,,Tools,Power Tool Accessories,Fences & Guides,,TGI2-FA,TGI2-FA T-Glide Fence Indudtrial,-- Unbranded --,-- No Unilog Brand --,-- No DIB Brand --,Saw Stop LLC (SAWST),"SawStop, LLC",SawStop®,,TGI2-FA,,Tools & Equipment>Power Tool Accessories>Fences & Guides,"SawStop, LLC SawStop, Fence, Glide Indudtrial, TGI2-FA",FENCE TGI2-FA,SawStop® Glide Indudtrial TGI2-FA Fence,"SawStop® Fence, Glide Indudtrial",Glide Indudtrial Fence,,,,,,,,,,,,,,,,,,,,,,,,,,,Fence,Size,,,Series,Glide Indudtrial,,,,,,,,,,,,,,,,,,,,,,,,,,,,,,,,,,,,,,,,,,,,,,,,,,,,,,,,,,,,,,,,,,,,,,,,,,,,,,,,,,,,,,,,,,,,,,,,,,,,,,,,,,,,,,,,,,,,,,,,,,,,,,,,,,,,,,,,,,,,,,,,,,,,,27112800,,,,,,,,,,,,,,,,,,,,,,,,,,,,,,,,,,,,,,,,,,,
,,,,,,,Tools,Shop Equipment,Benches & Supports,,TGI2-T36A,"TGI2-T36A 36"" Table Assembly Industrial",-- Unbranded --,-- No Unilog Brand --,-- No DIB Brand --,Saw Stop LLC (SAWST),"SawStop, LLC",SawStop®,,TGI2-T36A,,Tools & Equipment>Shop Equipment>Benches & Supports,"SawStop, LLC SawStop, Table, Assembly Industrial, TGI2-T36A, 36 in",TABLE 36IN TGI2-T36A,"SawStop® Assembly Industrial TGI2-T36A Table, 36 in","SawStop® Table, Assembly Industrial, 36 in","Assembly Industrial Table, 36 in",,,,,,,,,,,,,,,,,,,,,,,,,,,Table,Series,Assembly Industrial,,Size,36,in,,,,,,,,,,,,,,,,,,,,,,,,,,,,,,,,,,,,,,,,,,,,,,,,,,,,,,,,,,,,,,,,,,,,,,,,,,,,,,,,,,,,,,,,,,,,,,,,,,,,,,,,,,,,,,,,,,,,,,,,,,,,,,,,,,,,,,,,,,,,,,,,,,,,56101700,,,,,,,,,,,,,,,,,,,,,,,,,,,,,,,,,,,,,,,,,,,
,,,,,,,Tools,Power Tools,Saws,,KPTBPS100A,"KPTBPS100A Kreg 20V Ionic 6-1/2"" Plunge-Cut Track Saw Kit",-- Unbranded --,-- No Unilog Brand --,-- No DIB Brand --,Kreg Tool Company (KRETO),Kreg Tool Company,Kreg®,,KPTBPS100A,,Tools & Equipment>Power Tools>Saws,"Kreg Tool Company Kreg, Saw, Ionic Plunge Cut Track, KPTBPS100A",SAW 20V 6-1/2IN KIT,"Kreg® Ionic Plunge Cut Track KPTBPS100A Saw, 20 V, 6-1/2 in, Kit","Kreg® Saw, Ionic Plunge Cut Track, 20 V, 6-1/2 in, Kit","Ionic Plunge Cut Track Saw, 20 V, 6-1/2 in, Kit",,,,,,,,,,,,,,,,,,,,,,,,,,,Saw,Battery Platform,,,Voltage Rating,20,V,Size,6-1/2,in,Configuration,Kit,,Series,Ionic Plunge Cut Track,,,,,,,,,,,,,,,,,,,,,,,,,,,,,,,,,,,,,,,,,,,,,,,,,,,,,,,,,,,,,,,,,,,,,,,,,,,,,,,,,,,,,,,,,,,,,,,,,,,,,,,,,,,,,,,,,,,,,,,,,,,,,,,,,,,,,,,,,,,,27112100,,,,,,,,,,,,,,,,,,,,,,,,,,,,,,,,,,,,,,,,,,,
,,,,,,,,,,,DCB606C,DCB606C Dewalt Flexvolt Starter Kit,-- Unbranded --,-- No Unilog Brand --,-- No DIB Brand --,Black & Decker/dewlt (2585),Stanley Black & Decker,DEWALT®,,DCB606C,,,"Stanley Black & Decker DEWALT, DCB606C, FLEXVOLT, Starter Kit",FLEXVOLT STARTER KIT,"DEWALT® DCB606C, FLEXVOLT, Starter Kit","DEWALT®, FLEXVOLT, Starter Kit",", FLEXVOLT, Starter Kit",,,,,,,,,,,,,,,,,,,,,,,,,,,,Wattage,,,Color Temperature,,,Bulb Shape,,,Base Type,,,Pack Quantity,,,Battery Platform,FLEXVOLT,,Configuration,Starter Kit,,,,,,,,,,,,,,,,,,,,,,,,,,,,,,,,,,,,,,,,,,,,,,,,,,,,,,,,,,,,,,,,,,,,,,,,,,,,,,,,,,,,,,,,,,,,,,,,,,,,,,,,,,,,,,,,,,,,,,,,,,,,,,,,,,,,,,,,,,,,,,,,,,,,,,,,,,,,,,,,,,,,,,,,,,,,,,,,,
,,,,,,,,,,,BL1850BDC1,BL1850BDC1 Makita Starter Kit,-- Unbranded --,-- No Unilog Brand --,-- No DIB Brand --,Makita Usa Inc (5142),"Makita U.S.A., Inc.",Makita®,,BL1850BDC1,,,"Makita U.S.A., Inc. Makita, BL1850BDC1, Starter Kit",STARTER KIT BL1850BDC1,"Makita® BL1850BDC1, Starter Kit","Makita®, Starter Kit",", Starter Kit",,,,,,,,,,,,,,,,,,,,,,,,,,,,Wattage,,,Color Temperature,,,Bulb Shape,,,Base Type,,,Pack Quantity,,,Configuration,Starter Kit,,,,,,,,,,,,,,,,,,,,,,,,,,,,,,,,,,,,,,,,,,,,,,,,,,,,,,,,,,,,,,,,,,,,,,,,,,,,,,,,,,,,,,,,,,,,,,,,,,,,,,,,,,,,,,,,,,,,,,,,,,,,,,,,,,,,,,,,,,,,,,,,,,,,,,,,,,,,,,,,,,,,,,,,,,,,,,,,,,,,
,,,,,,,,,,,DCB205C,DCB205C 20V Starter Kit,-- Unbranded --,-- No Unilog Brand --,DEWALT,Black & Decker/dewlt (2585),Stanley Black & Decker,DEWALT®,,DCB205C,,,"Stanley Black & Decker DEWALT, DCB205C, 20 V, Starter Kit",20V STARTER KIT,"DEWALT® DCB205C, 20 V, Starter Kit","DEWALT®, 20 V, Starter Kit",", 20 V, Starter Kit",,,,,,,,,,,,,,,,,,,,,,,,,,,,Wattage,,,Color Temperature,,,Bulb Shape,,,Base Type,,,Pack Quantity,,,Voltage Rating,20,V,Configuration,Starter Kit,,,,,,,,,,,,,,,,,,,,,,,,,,,,,,,,,,,,,,,,,,,,,,,,,,,,,,,,,,,,,,,,,,,,,,,,,,,,,,,,,,,,,,,,,,,,,,,,,,,,,,,,,,,,,,,,,,,,,,,,,,,,,,,,,,,,,,,,,,,,,,,,,,,,,,,,,,,,,,,,,,,,,,,,,,,,,,,,,
,,,,,,,Tools,Power Tool Accessories,Batteries,,DCB2108,DCB2108 Dewalt 20V 8Ah Battery - Max XR Powerpack,-- Unbranded --,-- No Unilog Brand --,DEWALT,Black & Decker/dewlt (2585),Stanley Black & Decker,DEWALT®,,DCB2108,,Tools & Equipment>Power Tool Accessories>Batteries,"Stanley Black & Decker DEWALT, Battery Max Powerpack, DCB2108",BATTERY MAX POWERPACK 20V XR,"DEWALT® DCB2108 Battery Max Powerpack, XR, 20 V","DEWALT® Battery Max Powerpack, XR, 20 V","Battery Max Powerpack, XR, 20 V",,,,,,,,,,,,,,,,,,,,,,,,,,,Battery Max Powerpack,Battery Platform,XR,,Voltage Rating,20,V,Pack Quantity,,,,,,,,,,,,,,,,,,,,,,,,,,,,,,,,,,,,,,,,,,,,,,,,,,,,,,,,,,,,,,,,,,,,,,,,,,,,,,,,,,,,,,,,,,,,,,,,,,,,,,,,,,,,,,,,,,,,,,,,,,,,,,,,,,,,,,,,,,,,,,,,,,,26111700,,,,,,,,,,,,,,,,,,,,,,,,,,,,,,,,,,,,,,,,,,,
,,,,,,,Tools,Power Tool Accessories,Batteries,,DCB2108-2,DCB2108-2 Dewalt 20V 8Ah 2pk - Battery Max XR Powerpack,-- Unbranded --,-- No Unilog Brand --,-- No DIB Brand --,Black & Decker/dewlt (2585),Stanley Black & Decker,DEWALT®,,DCB2108-2,,Tools & Equipment>Power Tool Accessories>Batteries,"Stanley Black & Decker DEWALT, Battery Max Powerpack, DCB2108-2",BATTERY MAX POWERPACK 20V XR 2,"DEWALT® DCB2108-2 Battery Max Powerpack, XR, 20 V, 2","DEWALT® Battery Max Powerpack, XR, 20 V, 2","Battery Max Powerpack, XR, 20 V, 2",,,,,,,,,,,,,,,,,,,,,,,,,,,Battery Max Powerpack,Battery Platform,XR,,Voltage Rating,20,V,Pack Quantity,2,,,,,,,,,,,,,,,,,,,,,,,,,,,,,,,,,,,,,,,,,,,,,,,,,,,,,,,,,,,,,,,,,,,,,,,,,,,,,,,,,,,,,,,,,,,,,,,,,,,,,,,,,,,,,,,,,,,,,,,,,,,,,,,,,,,,,,,,,,,,,,,,,,26111700,,,,,,,,,,,,,,,,,,,,,,,,,,,,,,,,,,,,,,,,,,,
,,,,,,,Tools,Power Tool Accessories,Batteries,,VB0212,VB0212 Senco 18V 2.0 AH Lithium Battery,-- Unbranded --,-- No Unilog Brand --,-- No DIB Brand --,Senco Products Inc (4650),Kyocera Senco Industrial Tools,Senco®,,VB0212,,Tools & Equipment>Power Tool Accessories>Batteries,"Kyocera Senco Industrial Tools Senco, Lithium, AH Battery, VB0212",LITHIUM 18V 18V,"Senco® AH Battery VB0212 Lithium, 18V, 18 V","Senco® Lithium, AH Battery, 18V, 18 V","AH Battery Lithium, 18V, 18 V",,,,,,,,,,,,,,,,,,,,,,,,,,,Lithium,Battery Platform,18V,,Voltage Rating,18,V,Pack Quantity,,,Series,AH Battery,,,,,,,,,,,,,,,,,,,,,,,,,,,,,,,,,,,,,,,,,,,,,,,,,,,,,,,,,,,,,,,,,,,,,,,,,,,,,,,,,,,,,,,,,,,,,,,,,,,,,,,,,,,,,,,,,,,,,,,,,,,,,,,,,,,,,,,,,,,,,,,26111700,,,,,,,,,,,,,,,,,,,,,,,,,,,,,,,,,,,,,,,,,,,
,,,,,,,Tools,Power Tool Accessories,Battery Chargers,,BCB2A20A,BCB2A20A Kreg 20V Battery/Charger Starter Kit,-- Unbranded --,-- No Unilog Brand --,-- No DIB Brand --,Kreg Tool Company (KRETO),Kreg Tool Company,Kreg®,,BCB2A20A,,Tools & Equipment>Power Tool Accessories>Chargers,"Kreg Tool Company Kreg, Battery Charger, BCB2A20A, 20 V, Starter Kit",CHARGER 20V STARTER KIT,"Kreg® BCB2A20A Battery Charger, 20 V, Starter Kit","Kreg® Battery Charger, 20 V, Starter Kit","Battery Charger, 20 V, Starter Kit",,,,,,,,,,,,,,,,,,,,,,,,,,,Battery Charger,Battery Platform,,,Voltage Rating,20,V,Configuration,Starter Kit,,,,,,,,,,,,,,,,,,,,,,,,,,,,,,,,,,,,,,,,,,,,,,,,,,,,,,,,,,,,,,,,,,,,,,,,,,,,,,,,,,,,,,,,,,,,,,,,,,,,,,,,,,,,,,,,,,,,,,,,,,,,,,,,,,,,,,,,,,,,,,,,,,26111700,,,,,,,,,,,,,,,,,,,,,,,,,,,,,,,,,,,,,,,,,,,
,,,,,,,Tools,Power Tool Accessories,Batteries,,BATT4A,BATT4A Kreg 20V 4ah Battery Pack,-- Unbranded --,-- No Unilog Brand --,-- No DIB Brand --,Kreg Tool Company (KRETO),Kreg Tool Company,Kreg®,,BATT4A,,Tools & Equipment>Power Tool Accessories>Batteries,"Kreg Tool Company Kreg, BATT4A, 20 V",20V BATT4A,"Kreg® BATT4A, 20 V","Kreg®, 20 V",", 20 V",,,,,,,,,,,,,,,,,,,,,,,,,,,,Battery Platform,,,Voltage Rating,20,V,Pack Quantity,,,,,,,,,,,,,,,,,,,,,,,,,,,,,,,,,,,,,,,,,,,,,,,,,,,,,,,,,,,,,,,,,,,,,,,,,,,,,,,,,,,,,,,,,,,,,,,,,,,,,,,,,,,,,,,,,,,,,,,,,,,,,,,,,,,,,,,,,,,,,,,,,,,26111700,,,,,,,,,,,,,,,,,,,,,,,,,,,,,,,,,,,,,,,,,,,
,,,,,,,Tools,Power Tool Accessories,Batteries,,BATT2A,BATT2A Kreg 20V 2ah Battery Pack,-- Unbranded --,-- No Unilog Brand --,-- No DIB Brand --,Kreg Tool Company (KRETO),Kreg Tool Company,Kreg®,,BATT2A,,Tools & Equipment>Power Tool Accessories>Batteries,"Kreg Tool Company Kreg, BATT2A, 20 V",20V BATT2A,"Kreg® BATT2A, 20 V","Kreg®, 20 V",", 20 V",,,,,,,,,,,,,,,,,,,,,,,,,,,,Battery Platform,,,Voltage Rating,20,V,Pack Quantity,,,,,,,,,,,,,,,,,,,,,,,,,,,,,,,,,,,,,,,,,,,,,,,,,,,,,,,,,,,,,,,,,,,,,,,,,,,,,,,,,,,,,,,,,,,,,,,,,,,,,,,,,,,,,,,,,,,,,,,,,,,,,,,,,,,,,,,,,,,,,,,,,,,26111700,,,,,,,,,,,,,,,,,,,,,,,,,,,,,,,,,,,,,,,,,,,
,,,,,,,,,,,BL1850BDC2X1,BL1850BDC2X1 Makita Starter Kit,-- Unbranded --,-- No Unilog Brand --,-- No DIB Brand --,Makita Usa Inc (5142),"Makita U.S.A., Inc.",Makita®,,BL1850BDC2X1,,,"Makita U.S.A., Inc. Makita, BL1850BDC2X1, Starter Kit",STARTER KIT BL1850BDC2X1,"Makita® BL1850BDC2X1, Starter Kit","Makita®, Starter Kit",", Starter Kit",,,,,,,,,,,,,,,,,,,,,,,,,,,,Wattage,,,Color Temperature,,,Bulb Shape,,,Base Type,,,Pack Quantity,,,Configuration,Starter Kit,,,,,,,,,,,,,,,,,,,,,,,,,,,,,,,,,,,,,,,,,,,,,,,,,,,,,,,,,,,,,,,,,,,,,,,,,,,,,,,,,,,,,,,,,,,,,,,,,,,,,,,,,,,,,,,,,,,,,,,,,,,,,,,,,,,,,,,,,,,,,,,,,,,,,,,,,,,,,,,,,,,,,,,,,,,,,,,,,,,,
,,,,,,,Tools,Power Tool Accessories,Batteries,,48-11-2422,48-11-2422 Milw M12 CP2.0 Battery Two Pack,-- Unbranded --,-- No Unilog Brand --,-- No DIB Brand --,Milwaukee Accessory (4031),Milwaukee Tool,Milwaukee®,,48-11-2422,,Tools & Equipment>Power Tool Accessories>Batteries,"Milwaukee Tool Milwaukee, Two, 48-11-2422, M12",TWO M12 48-11-2422,"Milwaukee® 48-11-2422 Two, M12","Milwaukee® Two, M12","Two, M12",,,,,,,,,,,,,,,,,,,,,,,,,,,Two,Battery Platform,M12,,Voltage Rating,,,Pack Quantity,,,,,,,,,,,,,,,,,,,,,,,,,,,,,,,,,,,,,,,,,,,,,,,,,,,,,,,,,,,,,,,,,,,,,,,,,,,,,,,,,,,,,,,,,,,,,,,,,,,,,,,,,,,,,,,,,,,,,,,,,,,,,,,,,,,,,,,,,,,,,,,,,,,26111700,,,,,,,,,,,,,,,,,,,,,,,,,,,,,,,,,,,,,,,,,,,
,,,,,,,Tools,Power Tool Accessories,Battery Chargers,,DCB1104,DCB1104 Dewalt 12V/20V Charger - 4 Amp,-- Unbranded --,-- No Unilog Brand --,-- No DIB Brand --,Black & Decker/dewlt (2585),Stanley Black & Decker,DEWALT®,,DCB1104,,Tools & Equipment>Power Tool Accessories>Chargers,"Stanley Black & Decker DEWALT, Charger, DCB1104, 12/20 V, 4 A",CHARGER 12/20V 4A,"DEWALT® DCB1104 Charger, 12/20 V, 4 A","DEWALT® Charger, 12/20 V, 4 A","Charger, 12/20 V, 4 A",,,,,,,,,,,,,,,,,,,,,,,,,,,Charger,Battery Platform,,,Voltage Rating,12/20,V,Amperage Rating,4,A,,,,,,,,,,,,,,,,,,,,,,,,,,,,,,,,,,,,,,,,,,,,,,,,,,,,,,,,,,,,,,,,,,,,,,,,,,,,,,,,,,,,,,,,,,,,,,,,,,,,,,,,,,,,,,,,,,,,,,,,,,,,,,,,,,,,,,,,,,,,,,,,,26111700,,,,,,,,,,,,,,,,,,,,,,,,,,,,,,,,,,,,,,,,,,,
,,,,,,,Tools,Power Tool Accessories,Battery Chargers,,48-59-1804,48-59-1804 Milw M18 and M12 Rapid Charger,-- Unbranded --,-- No Unilog Brand --,-- No DIB Brand --,Milwaukee Accessory (4031),Milwaukee Tool,Milwaukee®,,48-59-1804,,Tools & Equipment>Power Tool Accessories>Chargers,"Milwaukee Tool Milwaukee, Charger, 48-59-1804, M18",CHARGER M18 48-59-1804,"Milwaukee® 48-59-1804 Charger, M18","Milwaukee® Charger, M18","Charger, M18",,,,,,,,,,,,,,,,,,,,,,,,,,,Charger,Battery Platform,M18,,Voltage Rating,,,,,,,,,,,,,,,,,,,,,,,,,,,,,,,,,,,,,,,,,,,,,,,,,,,,,,,,,,,,,,,,,,,,,,,,,,,,,,,,,,,,,,,,,,,,,,,,,,,,,,,,,,,,,,,,,,,,,,,,,,,,,,,,,,,,,,,,,,,,,,,,,,,,,,26111700,,,,,,,,,,,,,,,,,,,,,,,,,,,,,,,,,,,,,,,,,,,
,,,,,,,Tools,Power Tool Accessories,Battery Chargers,,CRGR401A,CRGR401A Kreg 20V Fast Charger,-- Unbranded --,-- No Unilog Brand --,-- No DIB Brand --,Kreg Tool Company (KRETO),Kreg Tool Company,Kreg®,,CRGR401A,,Tools & Equipment>Power Tool Accessories>Chargers,"Kreg Tool Company Kreg, Charger, CRGR401A, 20 V",CHARGER 20V CRGR401A,"Kreg® CRGR401A Charger, 20 V","Kreg® Charger, 20 V","Charger, 20 V",,,,,,,,,,,,,,,,,,,,,,,,,,,Charger,Battery Platform,,,Voltage Rating,20,V,,,,,,,,,,,,,,,,,,,,,,,,,,,,,,,,,,,,,,,,,,,,,,,,,,,,,,,,,,,,,,,,,,,,,,,,,,,,,,,,,,,,,,,,,,,,,,,,,,,,,,,,,,,,,,,,,,,,,,,,,,,,,,,,,,,,,,,,,,,,,,,,,,,,26111700,,,,,,,,,,,,,,,,,,,,,,,,,,,,,,,,,,,,,,,,,,,
,,,,,,,Tools,Power Tool Accessories,Battery Chargers,,48-59-1211,48-59-1211 Milw Power Supply - Charger,-- Unbranded --,-- No Unilog Brand --,Milwaukee,Milwaukee Accessory (4031),Milwaukee Tool,Milwaukee®,,48-59-1211,,Tools & Equipment>Power Tool Accessories>Chargers,"Milwaukee Tool Milwaukee, Charger, Power Supply, 48-59-1211",CHARGER 48-59-1211,Milwaukee® Power Supply 48-59-1211 Charger,"Milwaukee® Charger, Power Supply",Power Supply Charger,,,,,,,,,,,,,,,,,,,,,,,,,,,Charger,Battery Platform,,,Voltage Rating,,,Series,Power Supply,,,,,,,,,,,,,,,,,,,,,,,,,,,,,,,,,,,,,,,,,,,,,,,,,,,,,,,,,,,,,,,,,,,,,,,,,,,,,,,,,,,,,,,,,,,,,,,,,,,,,,,,,,,,,,,,,,,,,,,,,,,,,,,,,,,,,,,,,,,,,,,,,,26111700,,,,,,,,,,,,,,,,,,,,,,,,,,,,,,,,,,,,,,,,,,,
,,,,,,,Tools,Power Tool Accessories,Battery Chargers,,2847-20,2847-20 Milw M18 Charger and Power Supply,-- Unbranded --,-- No Unilog Brand --,-- No DIB Brand --,Milwaukee Accessory (4031),Milwaukee Tool,Milwaukee®,,2847-20,,Tools & Equipment>Power Tool Accessories>Chargers,"Milwaukee Tool Milwaukee, Charger, Power Supply, 2847-20, M18",CHARGER M18 2847-20,"Milwaukee® Power Supply 2847-20 Charger, M18","Milwaukee® Charger, Power Supply, M18","Power Supply Charger, M18",,,,,,,,,,,,,,,,,,,,,,,,,,,Charger,Battery Platform,M18,,Voltage Rating,,,Series,Power Supply,,,,,,,,,,,,,,,,,,,,,,,,,,,,,,,,,,,,,,,,,,,,,,,,,,,,,,,,,,,,,,,,,,,,,,,,,,,,,,,,,,,,,,,,,,,,,,,,,,,,,,,,,,,,,,,,,,,,,,,,,,,,,,,,,,,,,,,,,,,,,,,,,,26111700,,,,,,,,,,,,,,,,,,,,,,,,,,,,,,,,,,,,,,,,,,,
,,,,,,,,,,,DWV9401,DWV9401 Dewalt Paper Bag - 5pk,-- Unbranded --,-- No Unilog Brand --,-- No DIB Brand --,Black & Decker/dewlt (2585),Stanley Black & Decker,DEWALT®,,DWV9401,,,"Stanley Black & Decker DEWALT, Paper Bag, DWV9401, 5",PAPER BAG 5 DWV9401,"DEWALT® DWV9401 Paper Bag, 5","DEWALT® Paper Bag, 5","Paper Bag, 5",,,,,,,,,,,,,,,,,,,,,,,,,,,Paper Bag,Wattage,,,Color Temperature,,,Bulb Shape,,,Base Type,,,Pack Quantity,5,,,,,,,,,,,,,,,,,,,,,,,,,,,,,,,,,,,,,,,,,,,,,,,,,,,,,,,,,,,,,,,,,,,,,,,,,,,,,,,,,,,,,,,,,,,,,,,,,,,,,,,,,,,,,,,,,,,,,,,,,,,,,,,,,,,,,,,,,,,,,,,,,,,,,,,,,,,,,,,,,,,,,,,,,,,,,,,,,,,,,,,
,,,,,,,Tools,Power Tools,Dust Extraction,,578512,578512 Festool Dust Extractor-CT MIDI I HEPA,-- Unbranded --,-- No Unilog Brand --,-- No DIB Brand --,Festool USA (FESTO),Festool GmbH,Festool®,,578512,,Tools & Equipment>Dust Management>Vacuums & Extractors,"Festool GmbH Festool, Hepa, Dust Extractor CT MIDI I, 578512",HEPA 578512,Festool® Dust Extractor CT MIDI I 578512 Hepa,"Festool® Hepa, Dust Extractor CT MIDI I",Dust Extractor CT MIDI I Hepa,,,,,,,,,,,,,,,,,,,,,,,,,,,Hepa,Battery Platform,,,Voltage Rating,,,Battery Included,,,Series,Dust Extractor CT MIDI I,,,,,,,,,,,,,,,,,,,,,,,,,,,,,,,,,,,,,,,,,,,,,,,,,,,,,,,,,,,,,,,,,,,,,,,,,,,,,,,,,,,,,,,,,,,,,,,,,,,,,,,,,,,,,,,,,,,,,,,,,,,,,,,,,,,,,,,,,,,,,,,47121701,,,,,,,,,,,,,,,,,,,,,,,,,,,,,,,,,,,,,,,,,,,
,,,,,,,Tools,Power Tools,Dust Extraction,,577871,577871 Festool Dust Extractor - CT 26,-- Unbranded --,-- No Unilog Brand --,-- No DIB Brand --,Festool USA (FESTO),Festool GmbH,Festool®,,577871,,Tools & Equipment>Dust Management>Vacuums & Extractors,"Festool GmbH Festool, Dust Extractor, 577871",DUST EXTRACTOR,Festool® 577871 Dust Extractor,Festool® Dust Extractor,Dust Extractor,,,,,,,,,,,,,,,,,,,,,,,,,,,Dust Extractor,Battery Platform,,,Voltage Rating,,,Battery Included,,,,,,,,,,,,,,,,,,,,,,,,,,,,,,,,,,,,,,,,,,,,,,,,,,,,,,,,,,,,,,,,,,,,,,,,,,,,,,,,,,,,,,,,,,,,,,,,,,,,,,,,,,,,,,,,,,,,,,,,,,,,,,,,,,,,,,,,,,,,,,,,,,,47121701,,,,,,,,,,,,,,,,,,,,,,,,,,,,,,,,,,,,,,,,,,,
,,,,,,,Tools,Power Tools,Dust Extraction,,577874,577874 Festool Dust Extractor - CT 36,-- Unbranded --,-- No Unilog Brand --,-- No DIB Brand --,Festool USA (FESTO),Festool GmbH,Festool®,,577874,,Tools & Equipment>Dust Management>Vacuums & Extractors,"Festool GmbH Festool, Dust Extractor, 577874",DUST EXTRACTOR,Festool® 577874 Dust Extractor,Festool® Dust Extractor,Dust Extractor,,,,,,,,,,,,,,,,,,,,,,,,,,,Dust Extractor,Battery Platform,,,Voltage Rating,,,Battery Included,,,,,,,,,,,,,,,,,,,,,,,,,,,,,,,,,,,,,,,,,,,,,,,,,,,,,,,,,,,,,,,,,,,,,,,,,,,,,,,,,,,,,,,,,,,,,,,,,,,,,,,,,,,,,,,,,,,,,,,,,,,,,,,,,,,,,,,,,,,,,,,,,,,47121701,,,,,,,,,,,,,,,,,,,,,,,,,,,,,,,,,,,,,,,,,,,
,,,,,,,Tools,Power Tools,Dust Extraction,,577876,577876 Festool Dust Extractor - CT 48,-- Unbranded --,-- No Unilog Brand --,-- No DIB Brand --,Festool USA (FESTO),Festool GmbH,Festool®,,577876,,Tools & Equipment>Dust Management>Vacuums & Extractors,"Festool GmbH Festool, Dust Extractor, 577876",DUST EXTRACTOR,Festool® 577876 Dust Extractor,Festool® Dust Extractor,Dust Extractor,,,,,,,,,,,,,,,,,,,,,,,,,,,Dust Extractor,Battery Platform,,,Voltage Rating,,,Battery Included,,,,,,,,,,,,,,,,,,,,,,,,,,,,,,,,,,,,,,,,,,,,,,,,,,,,,,,,,,,,,,,,,,,,,,,,,,,,,,,,,,,,,,,,,,,,,,,,,,,,,,,,,,,,,,,,,,,,,,,,,,,,,,,,,,,,,,,,,,,,,,,,,,,47121701,,,,,,,,,,,,,,,,,,,,,,,,,,,,,,,,,,,,,,,,,,,
,,,,,,,Tools,Power Tools,Dust Extraction,,578441,578441 Festool Dust Extractor-CT 15 HEPA,-- Unbranded --,-- No Unilog Brand --,-- No DIB Brand --,Festool USA (FESTO),Festool GmbH,Festool®,,578441,,Tools & Equipment>Dust Management>Vacuums & Extractors,"Festool GmbH Festool, Hepa, Dust Extractor CT, 578441",HEPA 578441,Festool® Dust Extractor CT 578441 Hepa,"Festool® Hepa, Dust Extractor CT",Dust Extractor CT Hepa,,,,,,,,,,,,,,,,,,,,,,,,,,,Hepa,Battery Platform,,,Voltage Rating,,,Battery Included,,,Series,Dust Extractor CT,,,,,,,,,,,,,,,,,,,,,,,,,,,,,,,,,,,,,,,,,,,,,,,,,,,,,,,,,,,,,,,,,,,,,,,,,,,,,,,,,,,,,,,,,,,,,,,,,,,,,,,,,,,,,,,,,,,,,,,,,,,,,,,,,,,,,,,,,,,,,,,47121701,,,,,,,,,,,,,,,,,,,,,,,,,,,,,,,,,,,,,,,,,,,
,,,,,,,Tools,Power Tools,Drills,,DCK225D2,DCK225D2 Dewalt Impact/Drill - Kit,-- Unbranded --,-- No Unilog Brand --,DEWALT,Black & Decker/dewlt (2585),Stanley Black & Decker,DEWALT®,,DCK225D2,,Tools & Equipment>Power Tools>Drills,"Stanley Black & Decker DEWALT, Drill, Impact, DCK225D2, Kit",DRILL KIT DCK225D2,"DEWALT® Impact DCK225D2 Drill, Kit","DEWALT® Drill, Impact, Kit","Impact Drill, Kit",,,,,,,,,,,,,,,,,,,,,,,,,,,Drill,Voltage Rating,,,Size,,,Battery Included,,,Series,Impact,,Configuration,Kit,,,,,,,,,,,,,,,,,,,,,,,,,,,,,,,,,,,,,,,,,,,,,,,,,,,,,,,,,,,,,,,,,,,,,,,,,,,,,,,,,,,,,,,,,,,,,,,,,,,,,,,,,,,,,,,,,,,,,,,,,,,,,,,,,,,,,,,,,,,,27112000,,,,,,,,,,,,,,,,,,,,,,,,,,,,,,,,,,,,,,,,,,,
,,,,,,,,,,,DCK2101QQ2,Dewalt DCK2101QQ2 20V 2Pc Kit,-- Unbranded --,-- No Unilog Brand --,-- No DIB Brand --,Black & Decker/dewlt (2585),Stanley Black & Decker,DEWALT®,,DCK2101QQ2,,,"Stanley Black & Decker DEWALT, DCK2101QQ2, 20 V, 2, Kit",20V 2 KIT DCK2101QQ2,"DEWALT® DCK2101QQ2, 2, 20 V, Kit","DEWALT®, 2, 20 V, Kit",", 2, 20 V, Kit",,,,,,,,,,,,,,,,,,,,,,,,,,,,Wattage,,,Color Temperature,,,Bulb Shape,,,Base Type,,,Pack Quantity,2,,Voltage Rating,20,V,Configuration,Kit,,,,,,,,,,,,,,,,,,,,,,,,,,,,,,,,,,,,,,,,,,,,,,,,,,,,,,,,,,,,,,,,,,,,,,,,,,,,,,,,,,,,,,,,,,,,,,,,,,,,,,,,,,,,,,,,,,,,,,,,,,,,,,,,,,,,,,,,,,,,,,,,,,,,,,,,,,,,,,,,,,,,,,,,,,,,,,,,,
,,,,,,,,,,,4000-2/32,4000-2/32 DREMEL ROTARY TOOL,-- Unbranded --,-- No Unilog Brand --,Dremel,Robt Bosch Tool Corp (6564),Dremel,Dremel,,4000-2/32,,,"Dremel Dremel, Rotary Tool, 4000-2/32",ROTARY TOOL 4000-2/32,Dremel 4000-2/32 Rotary Tool,Dremel Rotary Tool,Rotary Tool,,,,,,,,,,,,,,,,,,,,,,,,,,,Rotary Tool,Wattage,,,Color Temperature,,,Bulb Shape,,,Base Type,,,Pack Quantity,,,,,,,,,,,,,,,,,,,,,,,,,,,,,,,,,,,,,,,,,,,,,,,,,,,,,,,,,,,,,,,,,,,,,,,,,,,,,,,,,,,,,,,,,,,,,,,,,,,,,,,,,,,,,,,,,,,,,,,,,,,,,,,,,,,,,,,,,,,,,,,,,,,,,,,,,,,,,,,,,,,,,,,,,,,,,,,,,,,,,,,,
,,,,,,,,,,,3100-1/15,3100-1/15 Dremel Rotary Tool - Kit 15pc,-- Unbranded --,-- No Unilog Brand --,Dremel,Robt Bosch Tool Corp (6564),Dremel,Dremel,,3100-1/15,,,"Dremel Dremel, Rotary Tool, 3100-1/15, 15, Kit",ROTARY TOOL 15 KIT,"Dremel 3100-1/15 Rotary Tool, 15, Kit","Dremel Rotary Tool, 15, Kit","Rotary Tool, 15, Kit",,,,,,,,,,,,,,,,,,,,,,,,,,,Rotary Tool,Wattage,,,Color Temperature,,,Bulb Shape,,,Base Type,,,Pack Quantity,15,,Configuration,Kit,,,,,,,,,,,,,,,,,,,,,,,,,,,,,,,,,,,,,,,,,,,,,,,,,,,,,,,,,,,,,,,,,,,,,,,,,,,,,,,,,,,,,,,,,,,,,,,,,,,,,,,,,,,,,,,,,,,,,,,,,,,,,,,,,,,,,,,,,,,,,,,,,,,,,,,,,,,,,,,,,,,,,,,,,,,,,,,,,,,,
,,,,,,,Tools,Storage,Tool Storage,,T-90043,T-90043 Deep Medium Organizer,-- Unbranded --,-- No Unilog Brand --,-- No DIB Brand --,Makita Usa Inc (5142),"Makita U.S.A., Inc.",Makita®,,T-90043,,Tools & Equipment>Tool Storage>Organizers & Cases,"Makita U.S.A., Inc. Makita, Organizer, T-90043, MEDIUM",ORGANIZER MEDIUM,"Makita® T-90043 Organizer, MEDIUM","Makita® Organizer, MEDIUM","Organizer, MEDIUM",,,,,,,,,,,,,,,,,,,,,,,,,,,Organizer,Base Type,MEDIUM,,,,,,,,,,,,,,,,,,,,,,,,,,,,,,,,,,,,,,,,,,,,,,,,,,,,,,,,,,,,,,,,,,,,,,,,,,,,,,,,,,,,,,,,,,,,,,,,,,,,,,,,,,,,,,,,,,,,,,,,,,,,,,,,,,,,,,,,,,,,,,,,,,,,,,,,24101600,,,,,,,,,,,,,,,,,,,,,,,,,,,,,,,,,,,,,,,,,,,
,,,,,,,Tools,Storage,Tool Storage,,T-90059,T-90059 Low Profile Medium - Organizer,-- Unbranded --,-- No Unilog Brand --,-- No DIB Brand --,Makita Usa Inc (5142),"Makita U.S.A., Inc.",Makita®,,T-90059,,Tools & Equipment>Tool Storage>Organizers & Cases,"Makita U.S.A., Inc. Makita, Organizer, Low Profile, T-90059, MEDIUM",ORGANIZER MEDIUM,"Makita® Low Profile T-90059 Organizer, MEDIUM","Makita® Organizer, Low Profile, MEDIUM","Low Profile Organizer, MEDIUM",,,,,,,,,,,,,,,,,,,,,,,,,,,Organizer,Base Type,MEDIUM,,Series,Low Profile,,,,,,,,,,,,,,,,,,,,,,,,,,,,,,,,,,,,,,,,,,,,,,,,,,,,,,,,,,,,,,,,,,,,,,,,,,,,,,,,,,,,,,,,,,,,,,,,,,,,,,,,,,,,,,,,,,,,,,,,,,,,,,,,,,,,,,,,,,,,,,,,,,,,,24101600,,,,,,,,,,,,,,,,,,,,,,,,,,,,,,,,,,,,,,,,,,,
,,,,,,,Tools,Storage,Tool Storage,,T-90065,T-90065 Deep Compact Organizer,-- Unbranded --,-- No Unilog Brand --,-- No DIB Brand --,Makita Usa Inc (5142),"Makita U.S.A., Inc.",Makita®,,T-90065,,Tools & Equipment>Tool Storage>Organizers & Cases,"Makita U.S.A., Inc. Makita, Organizer, Deep Compact, T-90065",ORGANIZER T-90065,Makita® Deep Compact T-90065 Organizer,"Makita® Organizer, Deep Compact",Deep Compact Organizer,,,,,,,,,,,,,,,,,,,,,,,,,,,Organizer,Base Type,,,Series,Deep Compact,,,,,,,,,,,,,,,,,,,,,,,,,,,,,,,,,,,,,,,,,,,,,,,,,,,,,,,,,,,,,,,,,,,,,,,,,,,,,,,,,,,,,,,,,,,,,,,,,,,,,,,,,,,,,,,,,,,,,,,,,,,,,,,,,,,,,,,,,,,,,,,,,,,,,24101600,,,,,,,,,,,,,,,,,,,,,,,,,,,,,,,,,,,,,,,,,,,
,,,,,,,Tools,Stationary Power Tools,Woodworking Machinery,,10047VS,10047VS Oliver 3HP 230V 1PH Shaper 1-1/4 Spindle,-- Unbranded --,-- No Unilog Brand --,-- No DIB Brand --,Oliver Machinery Company (OLIMA),Oliver Machinery Company,Oliver®,,10047VS,,Tools & Equipment>Stationary Power Tools>Woodworking Machinery,"Oliver Machinery Company Oliver, Shaper Spindle, 10047VS, 230 V",SHAPER SPINDLE 230V 3HP 1PH,"Oliver® 10047VS Shaper Spindle, 230 V, 3 HP, 1 PH","Oliver® Shaper Spindle, 230 V, 3 HP, 1 PH","Shaper Spindle, 230 V, 3 HP, 1 PH",,,,,,,,,,,,,,,,,,,,,,,,,,,Shaper Spindle,Voltage Rating,230,V,Horsepower,3,HP,Phase,1,PH,Size,,,Pack Quantity,,,,,,,,,,,,,,,,,,,,,,,,,,,,,,,,,,,,,,,,,,,,,,,,,,,,,,,,,,,,,,,,,,,,,,,,,,,,,,,,,,,,,,,,,,,,,,,,,,,,,,,,,,,,,,,,,,,,,,,,,,,,,,,,,,,,,,,,,,,,,27112100,,,,,,,,,,,,,,,,,,,,,,,,,,,,,,,,,,,,,,,,,,,
,,,,,,,Tools,Shop Equipment,Benches & Supports,,MAG:2044-230-1,2044-230-1 Stock Feeder 4-Roll - Steff,-- Unbranded --,-- No Unilog Brand --,-- No DIB Brand --,J&G Machinery (JGMAC),J&G Machinery,J&G Machinery,,MAG:2044-230-1,,Tools & Equipment>Shop Equipment>Benches & Supports,"J&G Machinery J&G Machinery, Stock Feeder, MAG:2044-230-1",STOCK FEEDER MAG:2044-230-1,J&G Machinery MAG:2044-230-1 Stock Feeder,J&G Machinery Stock Feeder,Stock Feeder,,,,,,,,,,,,,,,,,,,,,,,,,,,Stock Feeder,,,,,,,,,,,,,,,,,,,,,,,,,,,,,,,,,,,,,,,,,,,,,,,,,,,,,,,,,,,,,,,,,,,,,,,,,,,,,,,,,,,,,,,,,,,,,,,,,,,,,,,,,,,,,,,,,,,,,,,,,,,,,,,,,,,,,,,,,,,,,,,,,,,,,,,,,,56101700,,,,,,,,,,,,,,,,,,,,,,,,,,,,,,,,,,,,,,,,,,,
,,,,,,,Tools,Power Tool Accessories,Fences & Guides,,XTP242,"42"" XTP XTENDER PRO Fence - XTP242",-- Unbranded --,-- No Unilog Brand --,-- No DIB Brand --,Bow Products (BOWPR),Bow Products LLC,Bow Products®,,XTP242,,Tools & Equipment>Power Tool Accessories>Fences & Guides,"Bow Products LLC Bow Products, Fence, XTP XTENDER, XTP242, 42 in",FENCE 42IN XTP242,"Bow Products® XTP XTENDER XTP242 Fence, 42 in","Bow Products® Fence, XTP XTENDER, 42 in","XTP XTENDER Fence, 42 in",,,,,,,,,,,,,,,,,,,,,,,,,,,Fence,Size,42,in,Series,XTP XTENDER,,,,,,,,,,,,,,,,,,,,,,,,,,,,,,,,,,,,,,,,,,,,,,,,,,,,,,,,,,,,,,,,,,,,,,,,,,,,,,,,,,,,,,,,,,,,,,,,,,,,,,,,,,,,,,,,,,,,,,,,,,,,,,,,,,,,,,,,,,,,,,,,,,,,,27112800,,,,,,,,,,,,,,,,,,,,,,,,,,,,,,,,,,,,,,,,,,,
,,,,,,,Tools,Power Tools,Saws,,AAS-P,AAS-P Align-A-Saw Plate Only,-- Unbranded --,-- No Unilog Brand --,-- No DIB Brand --,Woodpeckers Inc (WOODP),"Woodpeckers, LLC",Woodpeckers®,,AAS-P,,Tools & Equipment>Power Tools>Saws,"Woodpeckers, LLC Woodpeckers, Saw, AAS-P",SAW AAS-P,Woodpeckers® AAS-P Saw,Woodpeckers® Saw,Saw,,,,,,,,,,,,,,,,,,,,,,,,,,,Saw,Battery Platform,,,Voltage Rating,,,Size,,,Configuration,,,,,,,,,,,,,,,,,,,,,,,,,,,,,,,,,,,,,,,,,,,,,,,,,,,,,,,,,,,,,,,,,,,,,,,,,,,,,,,,,,,,,,,,,,,,,,,,,,,,,,,,,,,,,,,,,,,,,,,,,,,,,,,,,,,,,,,,,,,,,,,,27112100,,,,,,,,,,,,,,,,,,,,,,,,,,,,,,,,,,,,,,,,,,,
,,,,,,,,,,,SSCMS,SSCMS Stealthstop Miter Sled,-- Unbranded --,-- No Unilog Brand --,-- No DIB Brand --,Woodpeckers Inc (WOODP),"Woodpeckers, LLC",Woodpeckers®,,SSCMS,,,"Woodpeckers, LLC Woodpeckers, Miter Sled, SSCMS",MITER SLED SSCMS,Woodpeckers® SSCMS Miter Sled,Woodpeckers® Miter Sled,Miter Sled,,,,,,,,,,,,,,,,,,,,,,,,,,,Miter Sled,Wattage,,,Color Temperature,,,Bulb Shape,,,Base Type,,,Pack Quantity,,,,,,,,,,,,,,,,,,,,,,,,,,,,,,,,,,,,,,,,,,,,,,,,,,,,,,,,,,,,,,,,,,,,,,,,,,,,,,,,,,,,,,,,,,,,,,,,,,,,,,,,,,,,,,,,,,,,,,,,,,,,,,,,,,,,,,,,,,,,,,,,,,,,,,,,,,,,,,,,,,,,,,,,,,,,,,,,,,,,,,,,
,,,,,,,Tools,Stationary Power Tools,Woodworking Machinery,,4225.201,"4225.201 Oliver 6"" HH Jointer Paralleogram",-- Unbranded --,-- No Unilog Brand --,-- No DIB Brand --,Oliver Machinery Company (OLIMA),Oliver Machinery Company,Oliver®,,4225.201,,Tools & Equipment>Stationary Power Tools>Woodworking Machinery,"Oliver Machinery Company Oliver, Jointer, HH Paralleogram, 4225.201",JOINTER 6IN 4225.201,"Oliver® HH Paralleogram 4225.201 Jointer, 6 in","Oliver® Jointer, HH Paralleogram, 6 in","HH Paralleogram Jointer, 6 in",,,,,,,,,,,,,,,,,,,,,,,,,,,Jointer,Voltage Rating,,,Horsepower,,,Phase,,,Size,6,in,Pack Quantity,,,Series,HH Paralleogram,,,,,,,,,,,,,,,,,,,,,,,,,,,,,,,,,,,,,,,,,,,,,,,,,,,,,,,,,,,,,,,,,,,,,,,,,,,,,,,,,,,,,,,,,,,,,,,,,,,,,,,,,,,,,,,,,,,,,,,,,,,,,,,,,,,,,,,,,27112100,,,,,,,,,,,,,,,,,,,,,,,,,,,,,,,,,,,,,,,,,,,
,,,,,,,Tools,Stationary Power Tools,Woodworking Machinery,,KC-426C,"KC-426C 12"" Portable Planer",-- Unbranded --,-- No Unilog Brand --,-- No DIB Brand --,King Canada Inc (KINCA),King Canada Inc.,King Canada®,,KC-426C,,Tools & Equipment>Stationary Power Tools>Woodworking Machinery,"King Canada Inc. King Canada, Planer, KC-426C, 12 in",PLANER 12IN KC-426C,"King Canada® KC-426C Planer, 12 in","King Canada® Planer, 12 in","Planer, 12 in",,,,,,,,,,,,,,,,,,,,,,,,,,,Planer,Voltage Rating,,,Horsepower,,,Phase,,,Size,12,in,Pack Quantity,,,,,,,,,,,,,,,,,,,,,,,,,,,,,,,,,,,,,,,,,,,,,,,,,,,,,,,,,,,,,,,,,,,,,,,,,,,,,,,,,,,,,,,,,,,,,,,,,,,,,,,,,,,,,,,,,,,,,,,,,,,,,,,,,,,,,,,,,,,,,27112100,,,,,,,,,,,,,,,,,,,,,,,,,,,,,,,,,,,,,,,,,,,
,,,,,,,Tools,Stationary Power Tools,Woodworking Machinery,,10045.201,"10045.201 Oliver 13"" Benchtop Planer 2HP,115V 1Ph",-- Unbranded --,-- No Unilog Brand --,-- No DIB Brand --,Oliver Machinery Company (OLIMA),Oliver Machinery Company,Oliver®,,10045.201,,Tools & Equipment>Stationary Power Tools>Woodworking Machinery,"Oliver Machinery Company Oliver, Planer, 10045.201, 13 in, 115 V",PLANER 115V 13IN 2HP 1PH,"Oliver® 10045.201 Planer, 115 V, 2 HP, 1 PH, 13 in","Oliver® Planer, 115 V, 2 HP, 1 PH, 13 in","Planer, 115 V, 2 HP, 1 PH, 13 in",,,,,,,,,,,,,,,,,,,,,,,,,,,Planer,Voltage Rating,115,V,Horsepower,2,HP,Phase,1,PH,Size,13,in,Pack Quantity,,,,,,,,,,,,,,,,,,,,,,,,,,,,,,,,,,,,,,,,,,,,,,,,,,,,,,,,,,,,,,,,,,,,,,,,,,,,,,,,,,,,,,,,,,,,,,,,,,,,,,,,,,,,,,,,,,,,,,,,,,,,,,,,,,,,,,,,,,,,,27112100,,,,,,,,,,,,,,,,,,,,,,,,,,,,,,,,,,,,,,,,,,,
,,,,,,,Tools,Stationary Power Tools,Woodworking Machinery,,10014.201,"10014.201 Oliver 15"" Planer 3HP 1Ph 220V",-- Unbranded --,-- No Unilog Brand --,-- No DIB Brand --,Oliver Machinery Company (OLIMA),Oliver Machinery Company,Oliver®,,10014.201,,Tools & Equipment>Stationary Power Tools>Woodworking Machinery,"Oliver Machinery Company Oliver, Planer, 10014.201, 15 in, 220 V",PLANER 220V 15IN 3HP 1PH,"Oliver® 10014.201 Planer, 220 V, 3 HP, 1 PH, 15 in","Oliver® Planer, 220 V, 3 HP, 1 PH, 15 in","Planer, 220 V, 3 HP, 1 PH, 15 in",,,,,,,,,,,,,,,,,,,,,,,,,,,Planer,Voltage Rating,220,V,Horsepower,3,HP,Phase,1,PH,Size,15,in,Pack Quantity,,,,,,,,,,,,,,,,,,,,,,,,,,,,,,,,,,,,,,,,,,,,,,,,,,,,,,,,,,,,,,,,,,,,,,,,,,,,,,,,,,,,,,,,,,,,,,,,,,,,,,,,,,,,,,,,,,,,,,,,,,,,,,,,,,,,,,,,,,,,,27112100,,,,,,,,,,,,,,,,,,,,,,,,,,,,,,,,,,,,,,,,,,,
,,,,,,,Tools,Stationary Power Tools,Woodworking Machinery,,4430.201,"4430.201 Oliver 20"" Planer 5HP 1Ph 230V",-- Unbranded --,-- No Unilog Brand --,-- No DIB Brand --,Oliver Machinery Company (OLIMA),Oliver Machinery Company,Oliver®,,4430.201,,Tools & Equipment>Stationary Power Tools>Woodworking Machinery,"Oliver Machinery Company Oliver, Planer, 4430.201, 20 in, 230 V",PLANER 230V 20IN 5HP 1PH,"Oliver® 4430.201 Planer, 230 V, 5 HP, 1 PH, 20 in","Oliver® Planer, 230 V, 5 HP, 1 PH, 20 in","Planer, 230 V, 5 HP, 1 PH, 20 in",,,,,,,,,,,,,,,,,,,,,,,,,,,Planer,Voltage Rating,230,V,Horsepower,5,HP,Phase,1,PH,Size,20,in,Pack Quantity,,,,,,,,,,,,,,,,,,,,,,,,,,,,,,,,,,,,,,,,,,,,,,,,,,,,,,,,,,,,,,,,,,,,,,,,,,,,,,,,,,,,,,,,,,,,,,,,,,,,,,,,,,,,,,,,,,,,,,,,,,,,,,,,,,,,,,,,,,,,,27112100,,,,,,,,,,,,,,,,,,,,,,,,,,,,,,,,,,,,,,,,,,,
,,,,,,,Tools,Stationary Power Tools,Woodworking Machinery,,10055.201,"10055.201 Oliver 15"" Benchtop Planer 2.5HP 1Ph 230V",-- Unbranded --,-- No Unilog Brand --,-- No DIB Brand --,Oliver Machinery Company (OLIMA),Oliver Machinery Company,Oliver®,,10055.201,,Tools & Equipment>Stationary Power Tools>Woodworking Machinery,"Oliver Machinery Company Oliver, Planer, 10055.201, 15 in, 230 V",PLANER 230V 15IN 2.5HP 1PH,"Oliver® 10055.201 Planer, 230 V, 2.5 HP, 1 PH, 15 in","Oliver® Planer, 230 V, 2.5 HP, 1 PH, 15 in","Planer, 230 V, 2.5 HP, 1 PH, 15 in",,,,,,,,,,,,,,,,,,,,,,,,,,,Planer,Voltage Rating,230,V,Horsepower,2.5,HP,Phase,1,PH,Size,15,in,Pack Quantity,,,,,,,,,,,,,,,,,,,,,,,,,,,,,,,,,,,,,,,,,,,,,,,,,,,,,,,,,,,,,,,,,,,,,,,,,,,,,,,,,,,,,,,,,,,,,,,,,,,,,,,,,,,,,,,,,,,,,,,,,,,,,,,,,,,,,,,,,,,,,27112100,,,,,,,,,,,,,,,,,,,,,,,,,,,,,,,,,,,,,,,,,,,
,,,,,,,Tools,Power Tools,Sanders,,T27417,T27417 Grizzly OscillatingEdge - Belt and Spindle Sander,-- Unbranded --,-- No Unilog Brand --,-- No DIB Brand --,Woodstock Intl (3658),"Grizzly Industrial, Inc.",Grizzly®,,T27417,,Tools & Equipment>Power Tools>Sanders,"Grizzly Industrial, Inc. Grizzly, Spindle Sander, T27417",SPINDLE SANDER,Grizzly® T27417 Spindle Sander,Grizzly® Spindle Sander,Spindle Sander,,,,,,,,,,,,,,,,,,,,,,,,,,,Spindle Sander,Battery Platform,,,Voltage Rating,,,Size,,,,,,,,,,,,,,,,,,,,,,,,,,,,,,,,,,,,,,,,,,,,,,,,,,,,,,,,,,,,,,,,,,,,,,,,,,,,,,,,,,,,,,,,,,,,,,,,,,,,,,,,,,,,,,,,,,,,,,,,,,,,,,,,,,,,,,,,,,,,,,,,,,,27112000,,,,,,,,,,,,,,,,,,,,,,,,,,,,,,,,,,,,,,,,,,,
